"","unique(lncrna_genes$gene_id)"
"1","ENSG00000243485"
"2","ENSG00000237613"
"3","ENSG00000238009"
"4","ENSG00000239945"
"5","ENSG00000239906"
"6","ENSG00000241860"
"7","ENSG00000241599"
"8","ENSG00000286448"
"9","ENSG00000236601"
"10","ENSG00000235146"
"11","ENSG00000229905"
"12","ENSG00000237491"
"13","ENSG00000177757"
"14","ENSG00000228794"
"15","ENSG00000225880"
"16","ENSG00000230368"
"17","ENSG00000272438"
"18","ENSG00000230699"
"19","ENSG00000241180"
"20","ENSG00000223764"
"21","ENSG00000272512"
"22","ENSG00000224969"
"23","ENSG00000242590"
"24","ENSG00000273443"
"25","ENSG00000285812"
"26","ENSG00000223823"
"27","ENSG00000272141"
"28","ENSG00000205231"
"29","ENSG00000260179"
"30","ENSG00000230415"
"31","ENSG00000240731"
"32","ENSG00000224870"
"33","ENSG00000272455"
"34","ENSG00000225905"
"35","ENSG00000225285"
"36","ENSG00000215014"
"37","ENSG00000286989"
"38","ENSG00000272106"
"39","ENSG00000272004"
"40","ENSG00000268575"
"41","ENSG00000231050"
"42","ENSG00000233542"
"43","ENSG00000226969"
"44","ENSG00000271806"
"45","ENSG00000182873"
"46","ENSG00000234396"
"47","ENSG00000287356"
"48","ENSG00000272161"
"49","ENSG00000272420"
"50","ENSG00000224387"
"51","ENSG00000229393"
"52","ENSG00000272449"
"53","ENSG00000238164"
"54","ENSG00000225931"
"55","ENSG00000228037"
"56","ENSG00000237058"
"57","ENSG00000285945"
"58","ENSG00000283259"
"59","ENSG00000233234"
"60","ENSG00000287396"
"61","ENSG00000231630"
"62","ENSG00000284745"
"63","ENSG00000177133"
"64","ENSG00000226286"
"65","ENSG00000279839"
"66","ENSG00000272235"
"67","ENSG00000287828"
"68","ENSG00000286518"
"69","ENSG00000272088"
"70","ENSG00000238260"
"71","ENSG00000227589"
"72","ENSG00000235131"
"73","ENSG00000272153"
"74","ENSG00000236423"
"75","ENSG00000233304"
"76","ENSG00000226374"
"77","ENSG00000284668"
"78","ENSG00000284703"
"79","ENSG00000235054"
"80","ENSG00000284694"
"81","ENSG00000227169"
"82","ENSG00000232596"
"83","ENSG00000287586"
"84","ENSG00000284739"
"85","ENSG00000284674"
"86","ENSG00000231510"
"87","ENSG00000284616"
"88","ENSG00000284692"
"89","ENSG00000284666"
"90","ENSG00000260972"
"91","ENSG00000236948"
"92","ENSG00000226944"
"93","ENSG00000225077"
"94","ENSG00000271746"
"95","ENSG00000231868"
"96","ENSG00000228750"
"97","ENSG00000284744"
"98","ENSG00000237436"
"99","ENSG00000237365"
"100","ENSG00000237402"
"101","ENSG00000237728"
"102","ENSG00000225126"
"103","ENSG00000270171"
"104","ENSG00000270035"
"105","ENSG00000269978"
"106","ENSG00000269925"
"107","ENSG00000236266"
"108","ENSG00000284747"
"109","ENSG00000284716"
"110","ENSG00000238290"
"111","ENSG00000227634"
"112","ENSG00000233645"
"113","ENSG00000232912"
"114","ENSG00000228423"
"115","ENSG00000230679"
"116","ENSG00000228526"
"117","ENSG00000234546"
"118","ENSG00000284652"
"119","ENSG00000284693"
"120","ENSG00000235263"
"121","ENSG00000179840"
"122","ENSG00000231789"
"123","ENSG00000280113"
"124","ENSG00000223989"
"125","ENSG00000285701"
"126","ENSG00000228150"
"127","ENSG00000241326"
"128","ENSG00000284735"
"129","ENSG00000284642"
"130","ENSG00000271989"
"131","ENSG00000203469"
"132","ENSG00000287727"
"133","ENSG00000272078"
"134","ENSG00000271895"
"135","ENSG00000226849"
"136","ENSG00000230337"
"137","ENSG00000225602"
"138","ENSG00000284646"
"139","ENSG00000285833"
"140","ENSG00000235643"
"141","ENSG00000284708"
"142","ENSG00000177553"
"143","ENSG00000285646"
"144","ENSG00000287384"
"145","ENSG00000285604"
"146","ENSG00000229484"
"147","ENSG00000272482"
"148","ENSG00000228338"
"149","ENSG00000233336"
"150","ENSG00000228229"
"151","ENSG00000259961"
"152","ENSG00000237445"
"153","ENSG00000231606"
"154","ENSG00000234593"
"155","ENSG00000287756"
"156","ENSG00000175147"
"157","ENSG00000204464"
"158","ENSG00000233485"
"159","ENSG00000236045"
"160","ENSG00000228140"
"161","ENSG00000272510"
"162","ENSG00000237301"
"163","ENSG00000271742"
"164","ENSG00000237938"
"165","ENSG00000224459"
"166","ENSG00000179743"
"167","ENSG00000233078"
"168","ENSG00000227959"
"169","ENSG00000224621"
"170","ENSG00000234166"
"171","ENSG00000288398"
"172","ENSG00000226029"
"173","ENSG00000261135"
"174","ENSG00000285853"
"175","ENSG00000224174"
"176","ENSG00000233421"
"177","ENSG00000271732"
"178","ENSG00000282143"
"179","ENSG00000279151"
"180","ENSG00000282740"
"181","ENSG00000223643"
"182","ENSG00000228549"
"183","ENSG00000238142"
"184","ENSG00000272426"
"185","ENSG00000286898"
"186","ENSG00000226526"
"187","ENSG00000204362"
"188","ENSG00000282843"
"189","ENSG00000227751"
"190","ENSG00000236648"
"191","ENSG00000284653"
"192","ENSG00000261781"
"193","ENSG00000280222"
"194","ENSG00000230035"
"195","ENSG00000225387"
"196","ENSG00000272084"
"197","ENSG00000230424"
"198","ENSG00000235185"
"199","ENSG00000235434"
"200","ENSG00000227066"
"201","ENSG00000225986"
"202","ENSG00000228105"
"203","ENSG00000284710"
"204","ENSG00000226664"
"205","ENSG00000236963"
"206","ENSG00000226487"
"207","ENSG00000284641"
"208","ENSG00000284743"
"209","ENSG00000117242"
"210","ENSG00000233069"
"211","ENSG00000287192"
"212","ENSG00000236936"
"213","ENSG00000231105"
"214","ENSG00000236009"
"215","ENSG00000233431"
"216","ENSG00000285959"
"217","ENSG00000228397"
"218","ENSG00000218510"
"219","ENSG00000285752"
"220","ENSG00000230068"
"221","ENSG00000285873"
"222","ENSG00000279625"
"223","ENSG00000237200"
"224","ENSG00000225952"
"225","ENSG00000240553"
"226","ENSG00000261326"
"227","ENSG00000284726"
"228","ENSG00000249087"
"229","ENSG00000271420"
"230","ENSG00000235052"
"231","ENSG00000285802"
"232","ENSG00000197880"
"233","ENSG00000236810"
"234","ENSG00000232557"
"235","ENSG00000225315"
"236","ENSG00000230703"
"237","ENSG00000230023"
"238","ENSG00000232298"
"239","ENSG00000286061"
"240","ENSG00000264443"
"241","ENSG00000284699"
"242","ENSG00000229162"
"243","ENSG00000261025"
"244","ENSG00000285823"
"245","ENSG00000233755"
"246","ENSG00000231953"
"247","ENSG00000284602"
"248","ENSG00000284657"
"249","ENSG00000272432"
"250","ENSG00000225643"
"251","ENSG00000233478"
"252","ENSG00000228172"
"253","ENSG00000272478"
"254","ENSG00000236528"
"255","ENSG00000284309"
"256","ENSG00000225891"
"257","ENSG00000260063"
"258","ENSG00000226698"
"259","ENSG00000224311"
"260","ENSG00000241169"
"261","ENSG00000237429"
"262","ENSG00000233975"
"263","ENSG00000225886"
"264","ENSG00000287244"
"265","ENSG00000269971"
"266","ENSG00000270031"
"267","ENSG00000286433"
"268","ENSG00000227050"
"269","ENSG00000270605"
"270","ENSG00000271398"
"271","ENSG00000242125"
"272","ENSG00000279443"
"273","ENSG00000197989"
"274","ENSG00000229388"
"275","ENSG00000270103"
"276","ENSG00000233427"
"277","ENSG00000225750"
"278","ENSG00000237934"
"279","ENSG00000230523"
"280","ENSG00000228176"
"281","ENSG00000284676"
"282","ENSG00000233399"
"283","ENSG00000233372"
"284","ENSG00000236335"
"285","ENSG00000231949"
"286","ENSG00000186056"
"287","ENSG00000287510"
"288","ENSG00000229607"
"289","ENSG00000223382"
"290","ENSG00000235143"
"291","ENSG00000229044"
"292","ENSG00000284543"
"293","ENSG00000229167"
"294","ENSG00000235790"
"295","ENSG00000264078"
"296","ENSG00000254545"
"297","ENSG00000203620"
"298","ENSG00000269967"
"299","ENSG00000228634"
"300","ENSG00000284702"
"301","ENSG00000203325"
"302","ENSG00000250135"
"303","ENSG00000224066"
"304","ENSG00000233775"
"305","ENSG00000224409"
"306","ENSG00000287691"
"307","ENSG00000278966"
"308","ENSG00000236065"
"309","ENSG00000278997"
"310","ENSG00000279179"
"311","ENSG00000284721"
"312","ENSG00000270115"
"313","ENSG00000225313"
"314","ENSG00000233246"
"315","ENSG00000231163"
"316","ENSG00000287703"
"317","ENSG00000255811"
"318","ENSG00000230163"
"319","ENSG00000284640"
"320","ENSG00000227409"
"321","ENSG00000239636"
"322","ENSG00000232335"
"323","ENSG00000286899"
"324","ENSG00000271914"
"325","ENSG00000271554"
"326","ENSG00000286379"
"327","ENSG00000284705"
"328","ENSG00000284720"
"329","ENSG00000234481"
"330","ENSG00000284650"
"331","ENSG00000223944"
"332","ENSG00000233621"
"333","ENSG00000284748"
"334","ENSG00000233728"
"335","ENSG00000230955"
"336","ENSG00000224592"
"337","ENSG00000284623"
"338","ENSG00000286552"
"339","ENSG00000287987"
"340","ENSG00000237290"
"341","ENSG00000238063"
"342","ENSG00000284632"
"343","ENSG00000273637"
"344","ENSG00000228436"
"345","ENSG00000270040"
"346","ENSG00000287422"
"347","ENSG00000226438"
"348","ENSG00000228060"
"349","ENSG00000225903"
"350","ENSG00000285905"
"351","ENSG00000261798"
"352","ENSG00000284719"
"353","ENSG00000284678"
"354","ENSG00000236546"
"355","ENSG00000259943"
"356","ENSG00000284677"
"357","ENSG00000260920"
"358","ENSG00000279667"
"359","ENSG00000238287"
"360","ENSG00000227278"
"361","ENSG00000238186"
"362","ENSG00000286838"
"363","ENSG00000287743"
"364","ENSG00000237899"
"365","ENSG00000272145"
"366","ENSG00000229528"
"367","ENSG00000286668"
"368","ENSG00000281207"
"369","ENSG00000287400"
"370","ENSG00000235358"
"371","ENSG00000229901"
"372","ENSG00000230881"
"373","ENSG00000287587"
"374","ENSG00000227527"
"375","ENSG00000285728"
"376","ENSG00000234917"
"377","ENSG00000228452"
"378","ENSG00000228192"
"379","ENSG00000227533"
"380","ENSG00000283973"
"381","ENSG00000287113"
"382","ENSG00000234694"
"383","ENSG00000229431"
"384","ENSG00000229372"
"385","ENSG00000229348"
"386","ENSG00000236200"
"387","ENSG00000229444"
"388","ENSG00000237950"
"389","ENSG00000285649"
"390","ENSG00000230615"
"391","ENSG00000233602"
"392","ENSG00000225721"
"393","ENSG00000281912"
"394","ENSG00000230896"
"395","ENSG00000226957"
"396","ENSG00000227857"
"397","ENSG00000224863"
"398","ENSG00000269956"
"399","ENSG00000228237"
"400","ENSG00000225506"
"401","ENSG00000224805"
"402","ENSG00000226252"
"403","ENSG00000225762"
"404","ENSG00000237424"
"405","ENSG00000227947"
"406","ENSG00000223814"
"407","ENSG00000225028"
"408","ENSG00000226133"
"409","ENSG00000231413"
"410","ENSG00000279096"
"411","ENSG00000223720"
"412","ENSG00000272491"
"413","ENSG00000279214"
"414","ENSG00000287661"
"415","ENSG00000286597"
"416","ENSG00000229846"
"417","ENSG00000230114"
"418","ENSG00000225623"
"419","ENSG00000279324"
"420","ENSG00000237337"
"421","ENSG00000233407"
"422","ENSG00000284696"
"423","ENSG00000284645"
"424","ENSG00000284700"
"425","ENSG00000225767"
"426","ENSG00000203356"
"427","ENSG00000236434"
"428","ENSG00000261664"
"429","ENSG00000238140"
"430","ENSG00000227070"
"431","ENSG00000266993"
"432","ENSG00000272175"
"433","ENSG00000223390"
"434","ENSG00000228369"
"435","ENSG00000272100"
"436","ENSG00000287078"
"437","ENSG00000272371"
"438","ENSG00000242391"
"439","ENSG00000232993"
"440","ENSG00000235563"
"441","ENSG00000236723"
"442","ENSG00000259818"
"443","ENSG00000226754"
"444","ENSG00000234578"
"445","ENSG00000228838"
"446","ENSG00000232762"
"447","ENSG00000225675"
"448","ENSG00000285954"
"449","ENSG00000226938"
"450","ENSG00000230138"
"451","ENSG00000280378"
"452","ENSG00000280425"
"453","ENSG00000198711"
"454","ENSG00000225632"
"455","ENSG00000232245"
"456","ENSG00000287582"
"457","ENSG00000235741"
"458","ENSG00000230728"
"459","ENSG00000237453"
"460","ENSG00000287724"
"461","ENSG00000242396"
"462","ENSG00000233203"
"463","ENSG00000284601"
"464","ENSG00000233271"
"465","ENSG00000231090"
"466","ENSG00000234810"
"467","ENSG00000233079"
"468","ENSG00000230250"
"469","ENSG00000235612"
"470","ENSG00000260971"
"471","ENSG00000223956"
"472","ENSG00000229913"
"473","ENSG00000236341"
"474","ENSG00000227935"
"475","ENSG00000226759"
"476","ENSG00000235038"
"477","ENSG00000286918"
"478","ENSG00000283445"
"479","ENSG00000234807"
"480","ENSG00000272226"
"481","ENSG00000231740"
"482","ENSG00000232453"
"483","ENSG00000237352"
"484","ENSG00000241042"
"485","ENSG00000235215"
"486","ENSG00000224609"
"487","ENSG00000270457"
"488","ENSG00000226883"
"489","ENSG00000238242"
"490","ENSG00000226476"
"491","ENSG00000231252"
"492","ENSG00000237928"
"493","ENSG00000237853"
"494","ENSG00000284808"
"495","ENSG00000287224"
"496","ENSG00000271200"
"497","ENSG00000278967"
"498","ENSG00000235545"
"499","ENSG00000234318"
"500","ENSG00000229537"
"501","ENSG00000286455"
"502","ENSG00000227485"
"503","ENSG00000229225"
"504","ENSG00000203605"
"505","ENSG00000224209"
"506","ENSG00000228734"
"507","ENSG00000230798"
"508","ENSG00000286429"
"509","ENSG00000116652"
"510","ENSG00000223949"
"511","ENSG00000284928"
"512","ENSG00000226891"
"513","ENSG00000272506"
"514","ENSG00000229294"
"515","ENSG00000237852"
"516","ENSG00000285079"
"517","ENSG00000227466"
"518","ENSG00000248458"
"519","ENSG00000231080"
"520","ENSG00000275678"
"521","ENSG00000235200"
"522","ENSG00000232284"
"523","ENSG00000233589"
"524","ENSG00000234264"
"525","ENSG00000285041"
"526","ENSG00000285407"
"527","ENSG00000285473"
"528","ENSG00000223883"
"529","ENSG00000235446"
"530","ENSG00000229639"
"531","ENSG00000287453"
"532","ENSG00000287283"
"533","ENSG00000237919"
"534","ENSG00000228988"
"535","ENSG00000226088"
"536","ENSG00000271992"
"537","ENSG00000229051"
"538","ENSG00000226208"
"539","ENSG00000235782"
"540","ENSG00000269933"
"541","ENSG00000235079"
"542","ENSG00000229956"
"543","ENSG00000231985"
"544","ENSG00000228853"
"545","ENSG00000286863"
"546","ENSG00000225087"
"547","ENSG00000227016"
"548","ENSG00000285808"
"549","ENSG00000280317"
"550","ENSG00000233973"
"551","ENSG00000223479"
"552","ENSG00000285778"
"553","ENSG00000237324"
"554","ENSG00000233894"
"555","ENSG00000234497"
"556","ENSG00000272864"
"557","ENSG00000229943"
"558","ENSG00000261213"
"559","ENSG00000224127"
"560","ENSG00000224149"
"561","ENSG00000225605"
"562","ENSG00000230027"
"563","ENSG00000272855"
"564","ENSG00000237552"
"565","ENSG00000230498"
"566","ENSG00000287870"
"567","ENSG00000233099"
"568","ENSG00000287647"
"569","ENSG00000235927"
"570","ENSG00000273338"
"571","ENSG00000285928"
"572","ENSG00000237413"
"573","ENSG00000282898"
"574","ENSG00000235011"
"575","ENSG00000285462"
"576","ENSG00000285409"
"577","ENSG00000260322"
"578","ENSG00000225598"
"579","ENSG00000224326"
"580","ENSG00000234184"
"581","ENSG00000285179"
"582","ENSG00000227960"
"583","ENSG00000234953"
"584","ENSG00000236676"
"585","ENSG00000233290"
"586","ENSG00000230817"
"587","ENSG00000236268"
"588","ENSG00000285782"
"589","ENSG00000231364"
"590","ENSG00000233008"
"591","ENSG00000237076"
"592","ENSG00000233061"
"593","ENSG00000285201"
"594","ENSG00000271576"
"595","ENSG00000285361"
"596","ENSG00000285851"
"597","ENSG00000284882"
"598","ENSG00000285374"
"599","ENSG00000180869"
"600","ENSG00000285325"
"601","ENSG00000280099"
"602","ENSG00000223653"
"603","ENSG00000273264"
"604","ENSG00000282057"
"605","ENSG00000272691"
"606","ENSG00000230285"
"607","ENSG00000285210"
"608","ENSG00000236915"
"609","ENSG00000261737"
"610","ENSG00000284846"
"611","ENSG00000267734"
"612","ENSG00000267272"
"613","ENSG00000284240"
"614","ENSG00000227290"
"615","ENSG00000237505"
"616","ENSG00000279778"
"617","ENSG00000286758"
"618","ENSG00000286802"
"619","ENSG00000284734"
"620","ENSG00000237568"
"621","ENSG00000286548"
"622","ENSG00000231999"
"623","ENSG00000230735"
"624","ENSG00000231613"
"625","ENSG00000272931"
"626","ENSG00000272672"
"627","ENSG00000287015"
"628","ENSG00000287406"
"629","ENSG00000287372"
"630","ENSG00000229201"
"631","ENSG00000287076"
"632","ENSG00000233593"
"633","ENSG00000285532"
"634","ENSG00000225446"
"635","ENSG00000272094"
"636","ENSG00000273487"
"637","ENSG00000287797"
"638","ENSG00000223745"
"639","ENSG00000224093"
"640","ENSG00000260464"
"641","ENSG00000233482"
"642","ENSG00000226835"
"643","ENSG00000236098"
"644","ENSG00000286692"
"645","ENSG00000223675"
"646","ENSG00000235501"
"647","ENSG00000230427"
"648","ENSG00000231992"
"649","ENSG00000226026"
"650","ENSG00000228852"
"651","ENSG00000287919"
"652","ENSG00000228504"
"653","ENSG00000230434"
"654","ENSG00000237954"
"655","ENSG00000233907"
"656","ENSG00000228971"
"657","ENSG00000271252"
"658","ENSG00000237435"
"659","ENSG00000231987"
"660","ENSG00000232878"
"661","ENSG00000232542"
"662","ENSG00000235777"
"663","ENSG00000225206"
"664","ENSG00000259946"
"665","ENSG00000285922"
"666","ENSG00000226053"
"667","ENSG00000280040"
"668","ENSG00000232825"
"669","ENSG00000224445"
"670","ENSG00000228084"
"671","ENSG00000241073"
"672","ENSG00000285530"
"673","ENSG00000224616"
"674","ENSG00000223906"
"675","ENSG00000228086"
"676","ENSG00000230402"
"677","ENSG00000285525"
"678","ENSG00000273204"
"679","ENSG00000235795"
"680","ENSG00000233184"
"681","ENSG00000225938"
"682","ENSG00000231671"
"683","ENSG00000226715"
"684","ENSG00000233359"
"685","ENSG00000230864"
"686","ENSG00000230759"
"687","ENSG00000224613"
"688","ENSG00000285981"
"689","ENSG00000230768"
"690","ENSG00000233047"
"691","ENSG00000237480"
"692","ENSG00000237460"
"693","ENSG00000230489"
"694","ENSG00000226822"
"695","ENSG00000260879"
"696","ENSG00000280186"
"697","ENSG00000238122"
"698","ENSG00000224698"
"699","ENSG00000285923"
"700","ENSG00000232971"
"701","ENSG00000203897"
"702","ENSG00000273382"
"703","ENSG00000270066"
"704","ENSG00000254942"
"705","ENSG00000225113"
"706","ENSG00000228703"
"707","ENSG00000260246"
"708","ENSG00000241720"
"709","ENSG00000228420"
"710","ENSG00000235005"
"711","ENSG00000261055"
"712","ENSG00000258634"
"713","ENSG00000258673"
"714","ENSG00000227091"
"715","ENSG00000235526"
"716","ENSG00000224965"
"717","ENSG00000227963"
"718","ENSG00000224699"
"719","ENSG00000273373"
"720","ENSG00000270380"
"721","ENSG00000282887"
"722","ENSG00000283999"
"723","ENSG00000235407"
"724","ENSG00000259834"
"725","ENSG00000261654"
"726","ENSG00000232811"
"727","ENSG00000273010"
"728","ENSG00000272982"
"729","ENSG00000273221"
"730","ENSG00000229283"
"731","ENSG00000260948"
"732","ENSG00000243960"
"733","ENSG00000231346"
"734","ENSG00000227811"
"735","ENSG00000284830"
"736","ENSG00000232558"
"737","ENSG00000237556"
"738","ENSG00000231437"
"739","ENSG00000231246"
"740","ENSG00000273483"
"741","ENSG00000225075"
"742","ENSG00000261595"
"743","ENSG00000215866"
"744","ENSG00000224167"
"745","ENSG00000226419"
"746","ENSG00000287807"
"747","ENSG00000238198"
"748","ENSG00000231128"
"749","ENSG00000226167"
"750","ENSG00000235527"
"751","ENSG00000282048"
"752","ENSG00000232895"
"753","ENSG00000233730"
"754","ENSG00000285698"
"755","ENSG00000228035"
"756","ENSG00000287103"
"757","ENSG00000228127"
"758","ENSG00000237993"
"759","ENSG00000235933"
"760","ENSG00000287217"
"761","ENSG00000203865"
"762","ENSG00000233154"
"763","ENSG00000230381"
"764","ENSG00000224950"
"765","ENSG00000286276"
"766","ENSG00000203864"
"767","ENSG00000272715"
"768","ENSG00000236137"
"769","ENSG00000235202"
"770","ENSG00000271427"
"771","ENSG00000279513"
"772","ENSG00000236866"
"773","ENSG00000287980"
"774","ENSG00000226172"
"775","ENSG00000239216"
"776","ENSG00000224238"
"777","ENSG00000231365"
"778","ENSG00000227712"
"779","ENSG00000232650"
"780","ENSG00000230921"
"781","ENSG00000260941"
"782","ENSG00000273406"
"783","ENSG00000287979"
"784","ENSG00000281741"
"785","ENSG00000226067"
"786","ENSG00000234998"
"787","ENSG00000233029"
"788","ENSG00000227193"
"789","ENSG00000230806"
"790","ENSG00000227082"
"791","ENSG00000228826"
"792","ENSG00000272583"
"793","ENSG00000224857"
"794","ENSG00000235887"
"795","ENSG00000232721"
"796","ENSG00000263590"
"797","ENSG00000230186"
"798","ENSG00000232527"
"799","ENSG00000237343"
"800","ENSG00000277199"
"801","ENSG00000224363"
"802","ENSG00000281571"
"803","ENSG00000276216"
"804","ENSG00000236140"
"805","ENSG00000286620"
"806","ENSG00000287374"
"807","ENSG00000244619"
"808","ENSG00000234222"
"809","ENSG00000278431"
"810","ENSG00000287190"
"811","ENSG00000233396"
"812","ENSG00000276509"
"813","ENSG00000287978"
"814","ENSG00000234225"
"815","ENSG00000237188"
"816","ENSG00000278811"
"817","ENSG00000227139"
"818","ENSG00000274415"
"819","ENSG00000234190"
"820","ENSG00000273059"
"821","ENSG00000274372"
"822","ENSG00000232265"
"823","ENSG00000227733"
"824","ENSG00000234283"
"825","ENSG00000274020"
"826","ENSG00000238107"
"827","ENSG00000224481"
"828","ENSG00000272824"
"829","ENSG00000280649"
"830","ENSG00000254913"
"831","ENSG00000255148"
"832","ENSG00000254539"
"833","ENSG00000274265"
"834","ENSG00000272755"
"835","ENSG00000275557"
"836","ENSG00000233030"
"837","ENSG00000264207"
"838","ENSG00000285184"
"839","ENSG00000285554"
"840","ENSG00000276110"
"841","ENSG00000228126"
"842","ENSG00000237781"
"843","ENSG00000203804"
"844","ENSG00000259357"
"845","ENSG00000231073"
"846","ENSG00000261168"
"847","ENSG00000232671"
"848","ENSG00000273481"
"849","ENSG00000224645"
"850","ENSG00000237976"
"851","ENSG00000232536"
"852","ENSG00000250734"
"853","ENSG00000227045"
"854","ENSG00000269621"
"855","ENSG00000249602"
"856","ENSG00000232937"
"857","ENSG00000268288"
"858","ENSG00000203288"
"859","ENSG00000269489"
"860","ENSG00000234614"
"861","ENSG00000285651"
"862","ENSG00000286581"
"863","ENSG00000229021"
"864","ENSG00000226716"
"865","ENSG00000237975"
"866","ENSG00000236427"
"867","ENSG00000224308"
"868","ENSG00000229699"
"869","ENSG00000238279"
"870","ENSG00000285867"
"871","ENSG00000271853"
"872","ENSG00000272030"
"873","ENSG00000243613"
"874","ENSG00000233222"
"875","ENSG00000284738"
"876","ENSG00000282386"
"877","ENSG00000273026"
"878","ENSG00000272654"
"879","ENSG00000228013"
"880","ENSG00000273110"
"881","ENSG00000229780"
"882","ENSG00000286391"
"883","ENSG00000233875"
"884","ENSG00000287064"
"885","ENSG00000270361"
"886","ENSG00000271380"
"887","ENSG00000232093"
"888","ENSG00000231064"
"889","ENSG00000236263"
"890","ENSG00000225855"
"891","ENSG00000227773"
"892","ENSG00000235919"
"893","ENSG00000232519"
"894","ENSG00000287839"
"895","ENSG00000227673"
"896","ENSG00000273002"
"897","ENSG00000224276"
"898","ENSG00000285677"
"899","ENSG00000237390"
"900","ENSG00000260460"
"901","ENSG00000272971"
"902","ENSG00000272068"
"903","ENSG00000272405"
"904","ENSG00000229953"
"905","ENSG00000237588"
"906","ENSG00000285570"
"907","ENSG00000223356"
"908","ENSG00000287624"
"909","ENSG00000228239"
"910","ENSG00000271736"
"911","ENSG00000227217"
"912","ENSG00000226520"
"913","ENSG00000231666"
"914","ENSG00000176320"
"915","ENSG00000236656"
"916","ENSG00000225670"
"917","ENSG00000228560"
"918","ENSG00000224943"
"919","ENSG00000188004"
"920","ENSG00000272668"
"921","ENSG00000287040"
"922","ENSG00000279430"
"923","ENSG00000224259"
"924","ENSG00000225279"
"925","ENSG00000227741"
"926","ENSG00000228606"
"927","ENSG00000234425"
"928","ENSG00000228863"
"929","ENSG00000232188"
"930","ENSG00000198358"
"931","ENSG00000228917"
"932","ENSG00000224985"
"933","ENSG00000283696"
"934","ENSG00000288093"
"935","ENSG00000283360"
"936","ENSG00000283317"
"937","ENSG00000273112"
"938","ENSG00000224515"
"939","ENSG00000234211"
"940","ENSG00000226889"
"941","ENSG00000227818"
"942","ENSG00000285636"
"943","ENSG00000227094"
"944","ENSG00000259788"
"945","ENSG00000272574"
"946","ENSG00000232892"
"947","ENSG00000232995"
"948","ENSG00000237756"
"949","ENSG00000269887"
"950","ENSG00000233693"
"951","ENSG00000271917"
"952","ENSG00000224702"
"953","ENSG00000238022"
"954","ENSG00000237463"
"955","ENSG00000236206"
"956","ENSG00000273365"
"957","ENSG00000224358"
"958","ENSG00000236364"
"959","ENSG00000203307"
"960","ENSG00000230898"
"961","ENSG00000229588"
"962","ENSG00000225325"
"963","ENSG00000234142"
"964","ENSG00000227907"
"965","ENSG00000231605"
"966","ENSG00000272205"
"967","ENSG00000272033"
"968","ENSG00000287218"
"969","ENSG00000233411"
"970","ENSG00000273160"
"971","ENSG00000241666"
"972","ENSG00000232194"
"973","ENSG00000228697"
"974","ENSG00000283255"
"975","ENSG00000285622"
"976","ENSG00000235736"
"977","ENSG00000225826"
"978","ENSG00000287831"
"979","ENSG00000203601"
"980","ENSG00000287282"
"981","ENSG00000237707"
"982","ENSG00000235575"
"983","ENSG00000213062"
"984","ENSG00000230704"
"985","ENSG00000232959"
"986","ENSG00000233985"
"987","ENSG00000224286"
"988","ENSG00000231407"
"989","ENSG00000225545"
"990","ENSG00000235303"
"991","ENSG00000271811"
"992","ENSG00000231424"
"993","ENSG00000225243"
"994","ENSG00000233540"
"995","ENSG00000230630"
"996","ENSG00000287336"
"997","ENSG00000279061"
"998","ENSG00000224228"
"999","ENSG00000224000"
"1000","ENSG00000226375"
"1001","ENSG00000203739"
"1002","ENSG00000238272"
"1003","ENSG00000234741"
"1004","ENSG00000270084"
"1005","ENSG00000236535"
"1006","ENSG00000224977"
"1007","ENSG00000227373"
"1008","ENSG00000223525"
"1009","ENSG00000229531"
"1010","ENSG00000287697"
"1011","ENSG00000230687"
"1012","ENSG00000260990"
"1013","ENSG00000235628"
"1014","ENSG00000224718"
"1015","ENSG00000227740"
"1016","ENSG00000228686"
"1017","ENSG00000236021"
"1018","ENSG00000286754"
"1019","ENSG00000224968"
"1020","ENSG00000227579"
"1021","ENSG00000236720"
"1022","ENSG00000254154"
"1023","ENSG00000224687"
"1024","ENSG00000285910"
"1025","ENSG00000213057"
"1026","ENSG00000273384"
"1027","ENSG00000273062"
"1028","ENSG00000261250"
"1029","ENSG00000261060"
"1030","ENSG00000243062"
"1031","ENSG00000229407"
"1032","ENSG00000231966"
"1033","ENSG00000272906"
"1034","ENSG00000261831"
"1035","ENSG00000260360"
"1036","ENSG00000261817"
"1037","ENSG00000236719"
"1038","ENSG00000225857"
"1039","ENSG00000243155"
"1040","ENSG00000232586"
"1041","ENSG00000237292"
"1042","ENSG00000225359"
"1043","ENSG00000179452"
"1044","ENSG00000287452"
"1045","ENSG00000272880"
"1046","ENSG00000224810"
"1047","ENSG00000225982"
"1048","ENSG00000228918"
"1049","ENSG00000232309"
"1050","ENSG00000203729"
"1051","ENSG00000261504"
"1052","ENSG00000227181"
"1053","ENSG00000287808"
"1054","ENSG00000224468"
"1055","ENSG00000287929"
"1056","ENSG00000286372"
"1057","ENSG00000232860"
"1058","ENSG00000286966"
"1059","ENSG00000227554"
"1060","ENSG00000286655"
"1061","ENSG00000231791"
"1062","ENSG00000271387"
"1063","ENSG00000230470"
"1064","ENSG00000285847"
"1065","ENSG00000286378"
"1066","ENSG00000260976"
"1067","ENSG00000279838"
"1068","ENSG00000273004"
"1069","ENSG00000279401"
"1070","ENSG00000228309"
"1071","ENSG00000261729"
"1072","ENSG00000224691"
"1073","ENSG00000288078"
"1074","ENSG00000229739"
"1075","ENSG00000273198"
"1076","ENSG00000273129"
"1077","ENSG00000230426"
"1078","ENSG00000285894"
"1079","ENSG00000261182"
"1080","ENSG00000225006"
"1081","ENSG00000237283"
"1082","ENSG00000238054"
"1083","ENSG00000226486"
"1084","ENSG00000232212"
"1085","ENSG00000238270"
"1086","ENSG00000287472"
"1087","ENSG00000225811"
"1088","ENSG00000237457"
"1089","ENSG00000241505"
"1090","ENSG00000231175"
"1091","ENSG00000285638"
"1092","ENSG00000261642"
"1093","ENSG00000233882"
"1094","ENSG00000228215"
"1095","ENSG00000223344"
"1096","ENSG00000285280"
"1097","ENSG00000236069"
"1098","ENSG00000232077"
"1099","ENSG00000286285"
"1100","ENSG00000227240"
"1101","ENSG00000226640"
"1102","ENSG00000237011"
"1103","ENSG00000231714"
"1104","ENSG00000285718"
"1105","ENSG00000287364"
"1106","ENSG00000227421"
"1107","ENSG00000230260"
"1108","ENSG00000224901"
"1109","ENSG00000287989"
"1110","ENSG00000223881"
"1111","ENSG00000261573"
"1112","ENSG00000229989"
"1113","ENSG00000225172"
"1114","ENSG00000233410"
"1115","ENSG00000235492"
"1116","ENSG00000286541"
"1117","ENSG00000231718"
"1118","ENSG00000203721"
"1119","ENSG00000273093"
"1120","ENSG00000230623"
"1121","ENSG00000282849"
"1122","ENSG00000260088"
"1123","ENSG00000229191"
"1124","ENSG00000234132"
"1125","ENSG00000229821"
"1126","ENSG00000286600"
"1127","ENSG00000282221"
"1128","ENSG00000224818"
"1129","ENSG00000224536"
"1130","ENSG00000236390"
"1131","ENSG00000231871"
"1132","ENSG00000235121"
"1133","ENSG00000223774"
"1134","ENSG00000234678"
"1135","ENSG00000249007"
"1136","ENSG00000226862"
"1137","ENSG00000225620"
"1138","ENSG00000260021"
"1139","ENSG00000228288"
"1140","ENSG00000234775"
"1141","ENSG00000224671"
"1142","ENSG00000231507"
"1143","ENSG00000233791"
"1144","ENSG00000286383"
"1145","ENSG00000176754"
"1146","ENSG00000286572"
"1147","ENSG00000261065"
"1148","ENSG00000230550"
"1149","ENSG00000231691"
"1150","ENSG00000280924"
"1151","ENSG00000226330"
"1152","ENSG00000240710"
"1153","ENSG00000240219"
"1154","ENSG00000228153"
"1155","ENSG00000287197"
"1156","ENSG00000225063"
"1157","ENSG00000226235"
"1158","ENSG00000224717"
"1159","ENSG00000285521"
"1160","ENSG00000286619"
"1161","ENSG00000227687"
"1162","ENSG00000226780"
"1163","ENSG00000287432"
"1164","ENSG00000236889"
"1165","ENSG00000162888"
"1166","ENSG00000261000"
"1167","ENSG00000279946"
"1168","ENSG00000237605"
"1169","ENSG00000275392"
"1170","ENSG00000243636"
"1171","ENSG00000237074"
"1172","ENSG00000283044"
"1173","ENSG00000236911"
"1174","ENSG00000285239"
"1175","ENSG00000203709"
"1176","ENSG00000285719"
"1177","ENSG00000284237"
"1178","ENSG00000287220"
"1179","ENSG00000286198"
"1180","ENSG00000261453"
"1181","ENSG00000259815"
"1182","ENSG00000232812"
"1183","ENSG00000236950"
"1184","ENSG00000287046"
"1185","ENSG00000232537"
"1186","ENSG00000227940"
"1187","ENSG00000231648"
"1188","ENSG00000230937"
"1189","ENSG00000224260"
"1190","ENSG00000287902"
"1191","ENSG00000227591"
"1192","ENSG00000287343"
"1193","ENSG00000203706"
"1194","ENSG00000287354"
"1195","ENSG00000287157"
"1196","ENSG00000279333"
"1197","ENSG00000284376"
"1198","ENSG00000234233"
"1199","ENSG00000287033"
"1200","ENSG00000153363"
"1201","ENSG00000223649"
"1202","ENSG00000261314"
"1203","ENSG00000228792"
"1204","ENSG00000227764"
"1205","ENSG00000231057"
"1206","ENSG00000226868"
"1207","ENSG00000229258"
"1208","ENSG00000229983"
"1209","ENSG00000226251"
"1210","ENSG00000230063"
"1211","ENSG00000234915"
"1212","ENSG00000229832"
"1213","ENSG00000287445"
"1214","ENSG00000224535"
"1215","ENSG00000286213"
"1216","ENSG00000228067"
"1217","ENSG00000260805"
"1218","ENSG00000288007"
"1219","ENSG00000235862"
"1220","ENSG00000237980"
"1221","ENSG00000198468"
"1222","ENSG00000282718"
"1223","ENSG00000225233"
"1224","ENSG00000228255"
"1225","ENSG00000230461"
"1226","ENSG00000281664"
"1227","ENSG00000274895"
"1228","ENSG00000272167"
"1229","ENSG00000283518"
"1230","ENSG00000228470"
"1231","ENSG00000287008"
"1232","ENSG00000282265"
"1233","ENSG00000229242"
"1234","ENSG00000233620"
"1235","ENSG00000236292"
"1236","ENSG00000234070"
"1237","ENSG00000231814"
"1238","ENSG00000230714"
"1239","ENSG00000232100"
"1240","ENSG00000286775"
"1241","ENSG00000232480"
"1242","ENSG00000281453"
"1243","ENSG00000228208"
"1244","ENSG00000225561"
"1245","ENSG00000228063"
"1246","ENSG00000223842"
"1247","ENSG00000277007"
"1248","ENSG00000287676"
"1249","ENSG00000228536"
"1250","ENSG00000238232"
"1251","ENSG00000226927"
"1252","ENSG00000260505"
"1253","ENSG00000231529"
"1254","ENSG00000221571"
"1255","ENSG00000272823"
"1256","ENSG00000238078"
"1257","ENSG00000257551"
"1258","ENSG00000234754"
"1259","ENSG00000232436"
"1260","ENSG00000286398"
"1261","ENSG00000286421"
"1262","ENSG00000227925"
"1263","ENSG00000238042"
"1264","ENSG00000228437"
"1265","ENSG00000232679"
"1266","ENSG00000236230"
"1267","ENSG00000226643"
"1268","ENSG00000276997"
"1269","ENSG00000225265"
"1270","ENSG00000272750"
"1271","ENSG00000287684"
"1272","ENSG00000228106"
"1273","ENSG00000278610"
"1274","ENSG00000287338"
"1275","ENSG00000236846"
"1276","ENSG00000226601"
"1277","ENSG00000278467"
"1278","ENSG00000232628"
"1279","ENSG00000237101"
"1280","ENSG00000233384"
"1281","ENSG00000286174"
"1282","ENSG00000229400"
"1283","ENSG00000225334"
"1284","ENSG00000286719"
"1285","ENSG00000234476"
"1286","ENSG00000282418"
"1287","ENSG00000227496"
"1288","ENSG00000226349"
"1289","ENSG00000242861"
"1290","ENSG00000248322"
"1291","ENSG00000272562"
"1292","ENSG00000225518"
"1293","ENSG00000234478"
"1294","ENSG00000287627"
"1295","ENSG00000228382"
"1296","ENSG00000228548"
"1297","ENSG00000287259"
"1298","ENSG00000233706"
"1299","ENSG00000287532"
"1300","ENSG00000228625"
"1301","ENSG00000287525"
"1302","ENSG00000234277"
"1303","ENSG00000287205"
"1304","ENSG00000230005"
"1305","ENSG00000286389"
"1306","ENSG00000276255"
"1307","ENSG00000287895"
"1308","ENSG00000280157"
"1309","ENSG00000203684"
"1310","ENSG00000162913"
"1311","ENSG00000269934"
"1312","ENSG00000270110"
"1313","ENSG00000286773"
"1314","ENSG00000287315"
"1315","ENSG00000270104"
"1316","ENSG00000270094"
"1317","ENSG00000231563"
"1318","ENSG00000279306"
"1319","ENSG00000282111"
"1320","ENSG00000236975"
"1321","ENSG00000233920"
"1322","ENSG00000177800"
"1323","ENSG00000177788"
"1324","ENSG00000237481"
"1325","ENSG00000226920"
"1326","ENSG00000223635"
"1327","ENSG00000227043"
"1328","ENSG00000228058"
"1329","ENSG00000227006"
"1330","ENSG00000224407"
"1331","ENSG00000282564"
"1332","ENSG00000232964"
"1333","ENSG00000286859"
"1334","ENSG00000244137"
"1335","ENSG00000225656"
"1336","ENSG00000223393"
"1337","ENSG00000288037"
"1338","ENSG00000287395"
"1339","ENSG00000233461"
"1340","ENSG00000229228"
"1341","ENSG00000286071"
"1342","ENSG00000226758"
"1343","ENSG00000235152"
"1344","ENSG00000236372"
"1345","ENSG00000225919"
"1346","ENSG00000236497"
"1347","ENSG00000286774"
"1348","ENSG00000287423"
"1349","ENSG00000286109"
"1350","ENSG00000286666"
"1351","ENSG00000287921"
"1352","ENSG00000233332"
"1353","ENSG00000231272"
"1354","ENSG00000236244"
"1355","ENSG00000236358"
"1356","ENSG00000273367"
"1357","ENSG00000231663"
"1358","ENSG00000231768"
"1359","ENSG00000286210"
"1360","ENSG00000287633"
"1361","ENSG00000230404"
"1362","ENSG00000228830"
"1363","ENSG00000224939"
"1364","ENSG00000272362"
"1365","ENSG00000228044"
"1366","ENSG00000241475"
"1367","ENSG00000230628"
"1368","ENSG00000282097"
"1369","ENSG00000227630"
"1370","ENSG00000279261"
"1371","ENSG00000286263"
"1372","ENSG00000237520"
"1373","ENSG00000238005"
"1374","ENSG00000258082"
"1375","ENSG00000280587"
"1376","ENSG00000273416"
"1377","ENSG00000285177"
"1378","ENSG00000229463"
"1379","ENSG00000237845"
"1380","ENSG00000229291"
"1381","ENSG00000286142"
"1382","ENSG00000223776"
"1383","ENSG00000273058"
"1384","ENSG00000230325"
"1385","ENSG00000288099"
"1386","ENSG00000237250"
"1387","ENSG00000234464"
"1388","ENSG00000215808"
"1389","ENSG00000231877"
"1390","ENSG00000287177"
"1391","ENSG00000287589"
"1392","ENSG00000259776"
"1393","ENSG00000233355"
"1394","ENSG00000234601"
"1395","ENSG00000231979"
"1396","ENSG00000287102"
"1397","ENSG00000233735"
"1398","ENSG00000233519"
"1399","ENSG00000224359"
"1400","ENSG00000231440"
"1401","ENSG00000230015"
"1402","ENSG00000226919"
"1403","ENSG00000286496"
"1404","ENSG00000287516"
"1405","ENSG00000287738"
"1406","ENSG00000287513"
"1407","ENSG00000272865"
"1408","ENSG00000224525"
"1409","ENSG00000234116"
"1410","ENSG00000227230"
"1411","ENSG00000232085"
"1412","ENSG00000236031"
"1413","ENSG00000232184"
"1414","ENSG00000228939"
"1415","ENSG00000226828"
"1416","ENSG00000279774"
"1417","ENSG00000229960"
"1418","ENSG00000286486"
"1419","ENSG00000237759"
"1420","ENSG00000287531"
"1421","ENSG00000240963"
"1422","ENSG00000282317"
"1423","ENSG00000287601"
"1424","ENSG00000273175"
"1425","ENSG00000272195"
"1426","ENSG00000232192"
"1427","ENSG00000238224"
"1428","ENSG00000231612"
"1429","ENSG00000235096"
"1430","ENSG00000226876"
"1431","ENSG00000230184"
"1432","ENSG00000242042"
"1433","ENSG00000225300"
"1434","ENSG00000260698"
"1435","ENSG00000235021"
"1436","ENSG00000260855"
"1437","ENSG00000227953"
"1438","ENSG00000286747"
"1439","ENSG00000221953"
"1440","ENSG00000259865"
"1441","ENSG00000232347"
"1442","ENSG00000286216"
"1443","ENSG00000287116"
"1444","ENSG00000236817"
"1445","ENSG00000235749"
"1446","ENSG00000229255"
"1447","ENSG00000224521"
"1448","ENSG00000227237"
"1449","ENSG00000227061"
"1450","ENSG00000228643"
"1451","ENSG00000235779"
"1452","ENSG00000277997"
"1453","ENSG00000233684"
"1454","ENSG00000236856"
"1455","ENSG00000226277"
"1456","ENSG00000223985"
"1457","ENSG00000284452"
"1458","ENSG00000225942"
"1459","ENSG00000233633"
"1460","ENSG00000233296"
"1461","ENSG00000280360"
"1462","ENSG00000233970"
"1463","ENSG00000227713"
"1464","ENSG00000272342"
"1465","ENSG00000231173"
"1466","ENSG00000223751"
"1467","ENSG00000237667"
"1468","ENSG00000228799"
"1469","ENSG00000234796"
"1470","ENSG00000235688"
"1471","ENSG00000235403"
"1472","ENSG00000236665"
"1473","ENSG00000233553"
"1474","ENSG00000231482"
"1475","ENSG00000228613"
"1476","ENSG00000283766"
"1477","ENSG00000203635"
"1478","ENSG00000284600"
"1479","ENSG00000232057"
"1480","ENSG00000225619"
"1481","ENSG00000234929"
"1482","ENSG00000287583"
"1483","ENSG00000237720"
"1484","ENSG00000227364"
"1485","ENSG00000228391"
"1486","ENSG00000234423"
"1487","ENSG00000236760"
"1488","ENSG00000226649"
"1489","ENSG00000224885"
"1490","ENSG00000225234"
"1491","ENSG00000271868"
"1492","ENSG00000235078"
"1493","ENSG00000242282"
"1494","ENSG00000234171"
"1495","ENSG00000287126"
"1496","ENSG00000237370"
"1497","ENSG00000224661"
"1498","ENSG00000237401"
"1499","ENSG00000229550"
"1500","ENSG00000231532"
"1501","ENSG00000232835"
"1502","ENSG00000224128"
"1503","ENSG00000230090"
"1504","ENSG00000242540"
"1505","ENSG00000236106"
"1506","ENSG00000237266"
"1507","ENSG00000232044"
"1508","ENSG00000234275"
"1509","ENSG00000227007"
"1510","ENSG00000226488"
"1511","ENSG00000236172"
"1512","ENSG00000286851"
"1513","ENSG00000205837"
"1514","ENSG00000225964"
"1515","ENSG00000271947"
"1516","ENSG00000228203"
"1517","ENSG00000223884"
"1518","ENSG00000272002"
"1519","ENSG00000229727"
"1520","ENSG00000287119"
"1521","ENSG00000230515"
"1522","ENSG00000235576"
"1523","ENSG00000226506"
"1524","ENSG00000235665"
"1525","ENSG00000286857"
"1526","ENSG00000236790"
"1527","ENSG00000229740"
"1528","ENSG00000236008"
"1529","ENSG00000285591"
"1530","ENSG00000231083"
"1531","ENSG00000235092"
"1532","ENSG00000242136"
"1533","ENSG00000261104"
"1534","ENSG00000244310"
"1535","ENSG00000240980"
"1536","ENSG00000239300"
"1537","ENSG00000271855"
"1538","ENSG00000240687"
"1539","ENSG00000244260"
"1540","ENSG00000243491"
"1541","ENSG00000269973"
"1542","ENSG00000287305"
"1543","ENSG00000188525"
"1544","ENSG00000260476"
"1545","ENSG00000260077"
"1546","ENSG00000271787"
"1547","ENSG00000233502"
"1548","ENSG00000285872"
"1549","ENSG00000257135"
"1550","ENSG00000234818"
"1551","ENSG00000243819"
"1552","ENSG00000236162"
"1553","ENSG00000272275"
"1554","ENSG00000271952"
"1555","ENSG00000232056"
"1556","ENSG00000145063"
"1557","ENSG00000230952"
"1558","ENSG00000231403"
"1559","ENSG00000224177"
"1560","ENSG00000285569"
"1561","ENSG00000276411"
"1562","ENSG00000228496"
"1563","ENSG00000203643"
"1564","ENSG00000230790"
"1565","ENSG00000224184"
"1566","ENSG00000223360"
"1567","ENSG00000286427"
"1568","ENSG00000261117"
"1569","ENSG00000225649"
"1570","ENSG00000285876"
"1571","ENSG00000229370"
"1572","ENSG00000230448"
"1573","ENSG00000227718"
"1574","ENSG00000228505"
"1575","ENSG00000287291"
"1576","ENSG00000235127"
"1577","ENSG00000234022"
"1578","ENSG00000224194"
"1579","ENSG00000231031"
"1580","ENSG00000237326"
"1581","ENSG00000233718"
"1582","ENSG00000223850"
"1583","ENSG00000226764"
"1584","ENSG00000236289"
"1585","ENSG00000236989"
"1586","ENSG00000226041"
"1587","ENSG00000228876"
"1588","ENSG00000231266"
"1589","ENSG00000285354"
"1590","ENSG00000232444"
"1591","ENSG00000224400"
"1592","ENSG00000237633"
"1593","ENSG00000279663"
"1594","ENSG00000223536"
"1595","ENSG00000237670"
"1596","ENSG00000287881"
"1597","ENSG00000287849"
"1598","ENSG00000260331"
"1599","ENSG00000224626"
"1600","ENSG00000287284"
"1601","ENSG00000236204"
"1602","ENSG00000234597"
"1603","ENSG00000237992"
"1604","ENSG00000235911"
"1605","ENSG00000228784"
"1606","ENSG00000271991"
"1607","ENSG00000227210"
"1608","ENSG00000223734"
"1609","ENSG00000234378"
"1610","ENSG00000228950"
"1611","ENSG00000227047"
"1612","ENSG00000269976"
"1613","ENSG00000231948"
"1614","ENSG00000270100"
"1615","ENSG00000236436"
"1616","ENSG00000261012"
"1617","ENSG00000280390"
"1618","ENSG00000287956"
"1619","ENSG00000233005"
"1620","ENSG00000231204"
"1621","ENSG00000235537"
"1622","ENSG00000228538"
"1623","ENSG00000229621"
"1624","ENSG00000228999"
"1625","ENSG00000234207"
"1626","ENSG00000233587"
"1627","ENSG00000232451"
"1628","ENSG00000223530"
"1629","ENSG00000233714"
"1630","ENSG00000223634"
"1631","ENSG00000235497"
"1632","ENSG00000224361"
"1633","ENSG00000279526"
"1634","ENSG00000283031"
"1635","ENSG00000232642"
"1636","ENSG00000223754"
"1637","ENSG00000242628"
"1638","ENSG00000286829"
"1639","ENSG00000271936"
"1640","ENSG00000224165"
"1641","ENSG00000286645"
"1642","ENSG00000230452"
"1643","ENSG00000235072"
"1644","ENSG00000224220"
"1645","ENSG00000286707"
"1646","ENSG00000225378"
"1647","ENSG00000230286"
"1648","ENSG00000205500"
"1649","ENSG00000231636"
"1650","ENSG00000272056"
"1651","ENSG00000229122"
"1652","ENSG00000272148"
"1653","ENSG00000234945"
"1654","ENSG00000234072"
"1655","ENSG00000259080"
"1656","ENSG00000205334"
"1657","ENSG00000223522"
"1658","ENSG00000229951"
"1659","ENSG00000270640"
"1660","ENSG00000270210"
"1661","ENSG00000227938"
"1662","ENSG00000230730"
"1663","ENSG00000226833"
"1664","ENSG00000273233"
"1665","ENSG00000229224"
"1666","ENSG00000286963"
"1667","ENSG00000233862"
"1668","ENSG00000230737"
"1669","ENSG00000197644"
"1670","ENSG00000287658"
"1671","ENSG00000235997"
"1672","ENSG00000280154"
"1673","ENSG00000278908"
"1674","ENSG00000285984"
"1675","ENSG00000234579"
"1676","ENSG00000228563"
"1677","ENSG00000223647"
"1678","ENSG00000273165"
"1679","ENSG00000271228"
"1680","ENSG00000272716"
"1681","ENSG00000272754"
"1682","ENSG00000230046"
"1683","ENSG00000276334"
"1684","ENSG00000276517"
"1685","ENSG00000274159"
"1686","ENSG00000279544"
"1687","ENSG00000230876"
"1688","ENSG00000236854"
"1689","ENSG00000285577"
"1690","ENSG00000237133"
"1691","ENSG00000286415"
"1692","ENSG00000228262"
"1693","ENSG00000237790"
"1694","ENSG00000285754"
"1695","ENSG00000272027"
"1696","ENSG00000232153"
"1697","ENSG00000226994"
"1698","ENSG00000237320"
"1699","ENSG00000260025"
"1700","ENSG00000273090"
"1701","ENSG00000279519"
"1702","ENSG00000272054"
"1703","ENSG00000232028"
"1704","ENSG00000285925"
"1705","ENSG00000287316"
"1706","ENSG00000236213"
"1707","ENSG00000236572"
"1708","ENSG00000237803"
"1709","ENSG00000235848"
"1710","ENSG00000232973"
"1711","ENSG00000280276"
"1712","ENSG00000229160"
"1713","ENSG00000273006"
"1714","ENSG00000227292"
"1715","ENSG00000231367"
"1716","ENSG00000287313"
"1717","ENSG00000235009"
"1718","ENSG00000235586"
"1719","ENSG00000232518"
"1720","ENSG00000225284"
"1721","ENSG00000269210"
"1722","ENSG00000229692"
"1723","ENSG00000273035"
"1724","ENSG00000231312"
"1725","ENSG00000227028"
"1726","ENSG00000287255"
"1727","ENSG00000285898"
"1728","ENSG00000287468"
"1729","ENSG00000233128"
"1730","ENSG00000287145"
"1731","ENSG00000214691"
"1732","ENSG00000234362"
"1733","ENSG00000226398"
"1734","ENSG00000224875"
"1735","ENSG00000224739"
"1736","ENSG00000231826"
"1737","ENSG00000233978"
"1738","ENSG00000230587"
"1739","ENSG00000286796"
"1740","ENSG00000287387"
"1741","ENSG00000279873"
"1742","ENSG00000234936"
"1743","ENSG00000273106"
"1744","ENSG00000259439"
"1745","ENSG00000278957"
"1746","ENSG00000236502"
"1747","ENSG00000225156"
"1748","ENSG00000231156"
"1749","ENSG00000205054"
"1750","ENSG00000231054"
"1751","ENSG00000286728"
"1752","ENSG00000286519"
"1753","ENSG00000228481"
"1754","ENSG00000232696"
"1755","ENSG00000231336"
"1756","ENSG00000228100"
"1757","ENSG00000187600"
"1758","ENSG00000284608"
"1759","ENSG00000253515"
"1760","ENSG00000250116"
"1761","ENSG00000279254"
"1762","ENSG00000222005"
"1763","ENSG00000239332"
"1764","ENSG00000226548"
"1765","ENSG00000228925"
"1766","ENSG00000272814"
"1767","ENSG00000233845"
"1768","ENSG00000225187"
"1769","ENSG00000234690"
"1770","ENSG00000226087"
"1771","ENSG00000235760"
"1772","ENSG00000233230"
"1773","ENSG00000230773"
"1774","ENSG00000272663"
"1775","ENSG00000282890"
"1776","ENSG00000282998"
"1777","ENSG00000282828"
"1778","ENSG00000285548"
"1779","ENSG00000283058"
"1780","ENSG00000286412"
"1781","ENSG00000231918"
"1782","ENSG00000287867"
"1783","ENSG00000287344"
"1784","ENSG00000225444"
"1785","ENSG00000236837"
"1786","ENSG00000228033"
"1787","ENSG00000232604"
"1788","ENSG00000272156"
"1789","ENSG00000228108"
"1790","ENSG00000234943"
"1791","ENSG00000238018"
"1792","ENSG00000231334"
"1793","ENSG00000285519"
"1794","ENSG00000203327"
"1795","ENSG00000240401"
"1796","ENSG00000272606"
"1797","ENSG00000272180"
"1798","ENSG00000226702"
"1799","ENSG00000229805"
"1800","ENSG00000271894"
"1801","ENSG00000233251"
"1802","ENSG00000285755"
"1803","ENSG00000287875"
"1804","ENSG00000273063"
"1805","ENSG00000225226"
"1806","ENSG00000233723"
"1807","ENSG00000285673"
"1808","ENSG00000222030"
"1809","ENSG00000271955"
"1810","ENSG00000233891"
"1811","ENSG00000231815"
"1812","ENSG00000286604"
"1813","ENSG00000285611"
"1814","ENSG00000228590"
"1815","ENSG00000287640"
"1816","ENSG00000233953"
"1817","ENSG00000228414"
"1818","ENSG00000267520"
"1819","ENSG00000274769"
"1820","ENSG00000212978"
"1821","ENSG00000271889"
"1822","ENSG00000273302"
"1823","ENSG00000270820"
"1824","ENSG00000285857"
"1825","ENSG00000236498"
"1826","ENSG00000286360"
"1827","ENSG00000229839"
"1828","ENSG00000228541"
"1829","ENSG00000226622"
"1830","ENSG00000286524"
"1831","ENSG00000226605"
"1832","ENSG00000231609"
"1833","ENSG00000286480"
"1834","ENSG00000279485"
"1835","ENSG00000228079"
"1836","ENSG00000225889"
"1837","ENSG00000230923"
"1838","ENSG00000238012"
"1839","ENSG00000238201"
"1840","ENSG00000223935"
"1841","ENSG00000223863"
"1842","ENSG00000260101"
"1843","ENSG00000233694"
"1844","ENSG00000226756"
"1845","ENSG00000287123"
"1846","ENSG00000234572"
"1847","ENSG00000237638"
"1848","ENSG00000232613"
"1849","ENSG00000232693"
"1850","ENSG00000204929"
"1851","ENSG00000234255"
"1852","ENSG00000235725"
"1853","ENSG00000281920"
"1854","ENSG00000280257"
"1855","ENSG00000227293"
"1856","ENSG00000225815"
"1857","ENSG00000232164"
"1858","ENSG00000226819"
"1859","ENSG00000230749"
"1860","ENSG00000232046"
"1861","ENSG00000237179"
"1862","ENSG00000230525"
"1863","ENSG00000232688"
"1864","ENSG00000223859"
"1865","ENSG00000235885"
"1866","ENSG00000236780"
"1867","ENSG00000236605"
"1868","ENSG00000224173"
"1869","ENSG00000235495"
"1870","ENSG00000286002"
"1871","ENSG00000237013"
"1872","ENSG00000273275"
"1873","ENSG00000273064"
"1874","ENSG00000203395"
"1875","ENSG00000228329"
"1876","ENSG00000237576"
"1877","ENSG00000286347"
"1878","ENSG00000231024"
"1879","ENSG00000179818"
"1880","ENSG00000233060"
"1881","ENSG00000231327"
"1882","ENSG00000233849"
"1883","ENSG00000229229"
"1884","ENSG00000224606"
"1885","ENSG00000286979"
"1886","ENSG00000235035"
"1887","ENSG00000237751"
"1888","ENSG00000239322"
"1889","ENSG00000228384"
"1890","ENSG00000236469"
"1891","ENSG00000272735"
"1892","ENSG00000288065"
"1893","ENSG00000281195"
"1894","ENSG00000278060"
"1895","ENSG00000272702"
"1896","ENSG00000287435"
"1897","ENSG00000285068"
"1898","ENSG00000230002"
"1899","ENSG00000284902"
"1900","ENSG00000273245"
"1901","ENSG00000280037"
"1902","ENSG00000287250"
"1903","ENSG00000286244"
"1904","ENSG00000237883"
"1905","ENSG00000235499"
"1906","ENSG00000279181"
"1907","ENSG00000217702"
"1908","ENSG00000225439"
"1909","ENSG00000279201"
"1910","ENSG00000279070"
"1911","ENSG00000237737"
"1912","ENSG00000286623"
"1913","ENSG00000286883"
"1914","ENSG00000272183"
"1915","ENSG00000257702"
"1916","ENSG00000287687"
"1917","ENSG00000286739"
"1918","ENSG00000272711"
"1919","ENSG00000204792"
"1920","ENSG00000236209"
"1921","ENSG00000230836"
"1922","ENSG00000270571"
"1923","ENSG00000237293"
"1924","ENSG00000231172"
"1925","ENSG00000270696"
"1926","ENSG00000271452"
"1927","ENSG00000270462"
"1928","ENSG00000286045"
"1929","ENSG00000270996"
"1930","ENSG00000287474"
"1931","ENSG00000287172"
"1932","ENSG00000287749"
"1933","ENSG00000287026"
"1934","ENSG00000287130"
"1935","ENSG00000286202"
"1936","ENSG00000287025"
"1937","ENSG00000234653"
"1938","ENSG00000286932"
"1939","ENSG00000227088"
"1940","ENSG00000230968"
"1941","ENSG00000233605"
"1942","ENSG00000229494"
"1943","ENSG00000234877"
"1944","ENSG00000286260"
"1945","ENSG00000224879"
"1946","ENSG00000286227"
"1947","ENSG00000229385"
"1948","ENSG00000224731"
"1949","ENSG00000237031"
"1950","ENSG00000230975"
"1951","ENSG00000235519"
"1952","ENSG00000231781"
"1953","ENSG00000237498"
"1954","ENSG00000286211"
"1955","ENSG00000232548"
"1956","ENSG00000228272"
"1957","ENSG00000287625"
"1958","ENSG00000260840"
"1959","ENSG00000231134"
"1960","ENSG00000273196"
"1961","ENSG00000286011"
"1962","ENSG00000286532"
"1963","ENSG00000229498"
"1964","ENSG00000232504"
"1965","ENSG00000272564"
"1966","ENSG00000287628"
"1967","ENSG00000273080"
"1968","ENSG00000228363"
"1969","ENSG00000285793"
"1970","ENSG00000287931"
"1971","ENSG00000281477"
"1972","ENSG00000287763"
"1973","ENSG00000280721"
"1974","ENSG00000222041"
"1975","ENSG00000284879"
"1976","ENSG00000273445"
"1977","ENSG00000287670"
"1978","ENSG00000225420"
"1979","ENSG00000234028"
"1980","ENSG00000287686"
"1981","ENSG00000240040"
"1982","ENSG00000281904"
"1983","ENSG00000261600"
"1984","ENSG00000286698"
"1985","ENSG00000233850"
"1986","ENSG00000231062"
"1987","ENSG00000287362"
"1988","ENSG00000272913"
"1989","ENSG00000273305"
"1990","ENSG00000235584"
"1991","ENSG00000232931"
"1992","ENSG00000228873"
"1993","ENSG00000204685"
"1994","ENSG00000230747"
"1995","ENSG00000235480"
"1996","ENSG00000273265"
"1997","ENSG00000286654"
"1998","ENSG00000279791"
"1999","ENSG00000277701"
"2000","ENSG00000237837"
"2001","ENSG00000230606"
"2002","ENSG00000278766"
"2003","ENSG00000286036"
"2004","ENSG00000222000"
"2005","ENSG00000227987"
"2006","ENSG00000226791"
"2007","ENSG00000273306"
"2008","ENSG00000230393"
"2009","ENSG00000232084"
"2010","ENSG00000234988"
"2011","ENSG00000287832"
"2012","ENSG00000234169"
"2013","ENSG00000228488"
"2014","ENSG00000286737"
"2015","ENSG00000232034"
"2016","ENSG00000230140"
"2017","ENSG00000223947"
"2018","ENSG00000272902"
"2019","ENSG00000223826"
"2020","ENSG00000286047"
"2021","ENSG00000286101"
"2022","ENSG00000281162"
"2023","ENSG00000287771"
"2024","ENSG00000226925"
"2025","ENSG00000236525"
"2026","ENSG00000234389"
"2027","ENSG00000277527"
"2028","ENSG00000224095"
"2029","ENSG00000227680"
"2030","ENSG00000229209"
"2031","ENSG00000286290"
"2032","ENSG00000232597"
"2033","ENSG00000236141"
"2034","ENSG00000256637"
"2035","ENSG00000228968"
"2036","ENSG00000227157"
"2037","ENSG00000225765"
"2038","ENSG00000287793"
"2039","ENSG00000235597"
"2040","ENSG00000234781"
"2041","ENSG00000231626"
"2042","ENSG00000236109"
"2043","ENSG00000233639"
"2044","ENSG00000230690"
"2045","ENSG00000228528"
"2046","ENSG00000279904"
"2047","ENSG00000234177"
"2048","ENSG00000269707"
"2049","ENSG00000229743"
"2050","ENSG00000287135"
"2051","ENSG00000224509"
"2052","ENSG00000231851"
"2053","ENSG00000226508"
"2054","ENSG00000272861"
"2055","ENSG00000235319"
"2056","ENSG00000272994"
"2057","ENSG00000238273"
"2058","ENSG00000287036"
"2059","ENSG00000287308"
"2060","ENSG00000235522"
"2061","ENSG00000234162"
"2062","ENSG00000233339"
"2063","ENSG00000232001"
"2064","ENSG00000231505"
"2065","ENSG00000238250"
"2066","ENSG00000227294"
"2067","ENSG00000286218"
"2068","ENSG00000229457"
"2069","ENSG00000225588"
"2070","ENSG00000237880"
"2071","ENSG00000224568"
"2072","ENSG00000286769"
"2073","ENSG00000232991"
"2074","ENSG00000230651"
"2075","ENSG00000231221"
"2076","ENSG00000225328"
"2077","ENSG00000214184"
"2078","ENSG00000228763"
"2079","ENSG00000259863"
"2080","ENSG00000230696"
"2081","ENSG00000282033"
"2082","ENSG00000283684"
"2083","ENSG00000204588"
"2084","ENSG00000282304"
"2085","ENSG00000175772"
"2086","ENSG00000273471"
"2087","ENSG00000227574"
"2088","ENSG00000231536"
"2089","ENSG00000235881"
"2090","ENSG00000172965"
"2091","ENSG00000204581"
"2092","ENSG00000230499"
"2093","ENSG00000271590"
"2094","ENSG00000229118"
"2095","ENSG00000270190"
"2096","ENSG00000279191"
"2097","ENSG00000285016"
"2098","ENSG00000280878"
"2099","ENSG00000240350"
"2100","ENSG00000224959"
"2101","ENSG00000225744"
"2102","ENSG00000286904"
"2103","ENSG00000287141"
"2104","ENSG00000278962"
"2105","ENSG00000286545"
"2106","ENSG00000243389"
"2107","ENSG00000228251"
"2108","ENSG00000237753"
"2109","ENSG00000287937"
"2110","ENSG00000280228"
"2111","ENSG00000234174"
"2112","ENSG00000189223"
"2113","ENSG00000234997"
"2114","ENSG00000272563"
"2115","ENSG00000234148"
"2116","ENSG00000231943"
"2117","ENSG00000226516"
"2118","ENSG00000287165"
"2119","ENSG00000279267"
"2120","ENSG00000233479"
"2121","ENSG00000227359"
"2122","ENSG00000244063"
"2123","ENSG00000228857"
"2124","ENSG00000270019"
"2125","ENSG00000279957"
"2126","ENSG00000234199"
"2127","ENSG00000243179"
"2128","ENSG00000286513"
"2129","ENSG00000235242"
"2130","ENSG00000231538"
"2131","ENSG00000235717"
"2132","ENSG00000286776"
"2133","ENSG00000235026"
"2134","ENSG00000287451"
"2135","ENSG00000286370"
"2136","ENSG00000238207"
"2137","ENSG00000236255"
"2138","ENSG00000235066"
"2139","ENSG00000272895"
"2140","ENSG00000279227"
"2141","ENSG00000226856"
"2142","ENSG00000258910"
"2143","ENSG00000259094"
"2144","ENSG00000229867"
"2145","ENSG00000231013"
"2146","ENSG00000224789"
"2147","ENSG00000235840"
"2148","ENSG00000280409"
"2149","ENSG00000237614"
"2150","ENSG00000232140"
"2151","ENSG00000229774"
"2152","ENSG00000271709"
"2153","ENSG00000234455"
"2154","ENSG00000236145"
"2155","ENSG00000265451"
"2156","ENSG00000236859"
"2157","ENSG00000279721"
"2158","ENSG00000224655"
"2159","ENSG00000286481"
"2160","ENSG00000287871"
"2161","ENSG00000237856"
"2162","ENSG00000232740"
"2163","ENSG00000287854"
"2164","ENSG00000226708"
"2165","ENSG00000279874"
"2166","ENSG00000228400"
"2167","ENSG00000286384"
"2168","ENSG00000286206"
"2169","ENSG00000235491"
"2170","ENSG00000226813"
"2171","ENSG00000286515"
"2172","ENSG00000235774"
"2173","ENSG00000260634"
"2174","ENSG00000286971"
"2175","ENSG00000260163"
"2176","ENSG00000286400"
"2177","ENSG00000286145"
"2178","ENSG00000236682"
"2179","ENSG00000287742"
"2180","ENSG00000231731"
"2181","ENSG00000272789"
"2182","ENSG00000272667"
"2183","ENSG00000286873"
"2184","ENSG00000237532"
"2185","ENSG00000238277"
"2186","ENSG00000204460"
"2187","ENSG00000229536"
"2188","ENSG00000286957"
"2189","ENSG00000237574"
"2190","ENSG00000286026"
"2191","ENSG00000286058"
"2192","ENSG00000224087"
"2193","ENSG00000225819"
"2194","ENSG00000225341"
"2195","ENSG00000232408"
"2196","ENSG00000282944"
"2197","ENSG00000229797"
"2198","ENSG00000233221"
"2199","ENSG00000285819"
"2200","ENSG00000284604"
"2201","ENSG00000283303"
"2202","ENSG00000223631"
"2203","ENSG00000273073"
"2204","ENSG00000286208"
"2205","ENSG00000224559"
"2206","ENSG00000287151"
"2207","ENSG00000229203"
"2208","ENSG00000244337"
"2209","ENSG00000235615"
"2210","ENSG00000236485"
"2211","ENSG00000287414"
"2212","ENSG00000230803"
"2213","ENSG00000272769"
"2214","ENSG00000286833"
"2215","ENSG00000230065"
"2216","ENSG00000286068"
"2217","ENSG00000233729"
"2218","ENSG00000279512"
"2219","ENSG00000226953"
"2220","ENSG00000232474"
"2221","ENSG00000223430"
"2222","ENSG00000286697"
"2223","ENSG00000287463"
"2224","ENSG00000224043"
"2225","ENSG00000226806"
"2226","ENSG00000231890"
"2227","ENSG00000237262"
"2228","ENSG00000279024"
"2229","ENSG00000224231"
"2230","ENSG00000228043"
"2231","ENSG00000230569"
"2232","ENSG00000241772"
"2233","ENSG00000260059"
"2234","ENSG00000237772"
"2235","ENSG00000287147"
"2236","ENSG00000286778"
"2237","ENSG00000226939"
"2238","ENSG00000229131"
"2239","ENSG00000223554"
"2240","ENSG00000224028"
"2241","ENSG00000244125"
"2242","ENSG00000257284"
"2243","ENSG00000228655"
"2244","ENSG00000283994"
"2245","ENSG00000231758"
"2246","ENSG00000257277"
"2247","ENSG00000257226"
"2248","ENSG00000236356"
"2249","ENSG00000232377"
"2250","ENSG00000283118"
"2251","ENSG00000279166"
"2252","ENSG00000238057"
"2253","ENSG00000287115"
"2254","ENSG00000232606"
"2255","ENSG00000226674"
"2256","ENSG00000234940"
"2257","ENSG00000268580"
"2258","ENSG00000235435"
"2259","ENSG00000225107"
"2260","ENSG00000286225"
"2261","ENSG00000226218"
"2262","ENSG00000233842"
"2263","ENSG00000279876"
"2264","ENSG00000231040"
"2265","ENSG00000227902"
"2266","ENSG00000287847"
"2267","ENSG00000223911"
"2268","ENSG00000281469"
"2269","ENSG00000281772"
"2270","ENSG00000231079"
"2271","ENSG00000286167"
"2272","ENSG00000286335"
"2273","ENSG00000231969"
"2274","ENSG00000162947"
"2275","ENSG00000286081"
"2276","ENSG00000230645"
"2277","ENSG00000231420"
"2278","ENSG00000236049"
"2279","ENSG00000237220"
"2280","ENSG00000232359"
"2281","ENSG00000224048"
"2282","ENSG00000228064"
"2283","ENSG00000222031"
"2284","ENSG00000236885"
"2285","ENSG00000288066"
"2286","ENSG00000225214"
"2287","ENSG00000286234"
"2288","ENSG00000287085"
"2289","ENSG00000286207"
"2290","ENSG00000224612"
"2291","ENSG00000227708"
"2292","ENSG00000227400"
"2293","ENSG00000224675"
"2294","ENSG00000238004"
"2295","ENSG00000287900"
"2296","ENSG00000230991"
"2297","ENSG00000286679"
"2298","ENSG00000226383"
"2299","ENSG00000282440"
"2300","ENSG00000283436"
"2301","ENSG00000287048"
"2302","ENSG00000286889"
"2303","ENSG00000286530"
"2304","ENSG00000234584"
"2305","ENSG00000270557"
"2306","ENSG00000271320"
"2307","ENSG00000237327"
"2308","ENSG00000227480"
"2309","ENSG00000204380"
"2310","ENSG00000228586"
"2311","ENSG00000286621"
"2312","ENSG00000223642"
"2313","ENSG00000224152"
"2314","ENSG00000226266"
"2315","ENSG00000287091"
"2316","ENSG00000285155"
"2317","ENSG00000285373"
"2318","ENSG00000279844"
"2319","ENSG00000224467"
"2320","ENSG00000235724"
"2321","ENSG00000227403"
"2322","ENSG00000224076"
"2323","ENSG00000251621"
"2324","ENSG00000280105"
"2325","ENSG00000288091"
"2326","ENSG00000230918"
"2327","ENSG00000233397"
"2328","ENSG00000236841"
"2329","ENSG00000237750"
"2330","ENSG00000237844"
"2331","ENSG00000236283"
"2332","ENSG00000288089"
"2333","ENSG00000235192"
"2334","ENSG00000229195"
"2335","ENSG00000232411"
"2336","ENSG00000224490"
"2337","ENSG00000236107"
"2338","ENSG00000254552"
"2339","ENSG00000228222"
"2340","ENSG00000235335"
"2341","ENSG00000227617"
"2342","ENSG00000235321"
"2343","ENSG00000231898"
"2344","ENSG00000213981"
"2345","ENSG00000234350"
"2346","ENSG00000222033"
"2347","ENSG00000239467"
"2348","ENSG00000235934"
"2349","ENSG00000286611"
"2350","ENSG00000286115"
"2351","ENSG00000236651"
"2352","ENSG00000232555"
"2353","ENSG00000288048"
"2354","ENSG00000286557"
"2355","ENSG00000278924"
"2356","ENSG00000226963"
"2357","ENSG00000232788"
"2358","ENSG00000225205"
"2359","ENSG00000228016"
"2360","ENSG00000238133"
"2361","ENSG00000270460"
"2362","ENSG00000271151"
"2363","ENSG00000273258"
"2364","ENSG00000260868"
"2365","ENSG00000231453"
"2366","ENSG00000280414"
"2367","ENSG00000226853"
"2368","ENSG00000279884"
"2369","ENSG00000236449"
"2370","ENSG00000237798"
"2371","ENSG00000229750"
"2372","ENSG00000229066"
"2373","ENSG00000235047"
"2374","ENSG00000229779"
"2375","ENSG00000237380"
"2376","ENSG00000224189"
"2377","ENSG00000272729"
"2378","ENSG00000226363"
"2379","ENSG00000279160"
"2380","ENSG00000224577"
"2381","ENSG00000229434"
"2382","ENSG00000236231"
"2383","ENSG00000272551"
"2384","ENSG00000163364"
"2385","ENSG00000230552"
"2386","ENSG00000279205"
"2387","ENSG00000227098"
"2388","ENSG00000236501"
"2389","ENSG00000229337"
"2390","ENSG00000222043"
"2391","ENSG00000213963"
"2392","ENSG00000271825"
"2393","ENSG00000271996"
"2394","ENSG00000280374"
"2395","ENSG00000237655"
"2396","ENSG00000229941"
"2397","ENSG00000236664"
"2398","ENSG00000223960"
"2399","ENSG00000237298"
"2400","ENSG00000270956"
"2401","ENSG00000270277"
"2402","ENSG00000279598"
"2403","ENSG00000271011"
"2404","ENSG00000270574"
"2405","ENSG00000271141"
"2406","ENSG00000271401"
"2407","ENSG00000267784"
"2408","ENSG00000287149"
"2409","ENSG00000237477"
"2410","ENSG00000225258"
"2411","ENSG00000281131"
"2412","ENSG00000279559"
"2413","ENSG00000236153"
"2414","ENSG00000238171"
"2415","ENSG00000234663"
"2416","ENSG00000226681"
"2417","ENSG00000234595"
"2418","ENSG00000225570"
"2419","ENSG00000260742"
"2420","ENSG00000287536"
"2421","ENSG00000224643"
"2422","ENSG00000272800"
"2423","ENSG00000287621"
"2424","ENSG00000286879"
"2425","ENSG00000234172"
"2426","ENSG00000286807"
"2427","ENSG00000286152"
"2428","ENSG00000286980"
"2429","ENSG00000283839"
"2430","ENSG00000286797"
"2431","ENSG00000231646"
"2432","ENSG00000226747"
"2433","ENSG00000287129"
"2434","ENSG00000237877"
"2435","ENSG00000259915"
"2436","ENSG00000227227"
"2437","ENSG00000224063"
"2438","ENSG00000231689"
"2439","ENSG00000223523"
"2440","ENSG00000228073"
"2441","ENSG00000287418"
"2442","ENSG00000253559"
"2443","ENSG00000273240"
"2444","ENSG00000272979"
"2445","ENSG00000233654"
"2446","ENSG00000284052"
"2447","ENSG00000228509"
"2448","ENSG00000235852"
"2449","ENSG00000230686"
"2450","ENSG00000231858"
"2451","ENSG00000288064"
"2452","ENSG00000280083"
"2453","ENSG00000227542"
"2454","ENSG00000225884"
"2455","ENSG00000233766"
"2456","ENSG00000229395"
"2457","ENSG00000232227"
"2458","ENSG00000227418"
"2459","ENSG00000286358"
"2460","ENSG00000286868"
"2461","ENSG00000260142"
"2462","ENSG00000225539"
"2463","ENSG00000286539"
"2464","ENSG00000230173"
"2465","ENSG00000235056"
"2466","ENSG00000224099"
"2467","ENSG00000271893"
"2468","ENSG00000223466"
"2469","ENSG00000234919"
"2470","ENSG00000272211"
"2471","ENSG00000229056"
"2472","ENSG00000282836"
"2473","ENSG00000280176"
"2474","ENSG00000231621"
"2475","ENSG00000236977"
"2476","ENSG00000225979"
"2477","ENSG00000287858"
"2478","ENSG00000222017"
"2479","ENSG00000286020"
"2480","ENSG00000237035"
"2481","ENSG00000236653"
"2482","ENSG00000225421"
"2483","ENSG00000231557"
"2484","ENSG00000257045"
"2485","ENSG00000225953"
"2486","ENSG00000238217"
"2487","ENSG00000232732"
"2488","ENSG00000287027"
"2489","ENSG00000287299"
"2490","ENSG00000284084"
"2491","ENSG00000237166"
"2492","ENSG00000230408"
"2493","ENSG00000183308"
"2494","ENSG00000232719"
"2495","ENSG00000226312"
"2496","ENSG00000234431"
"2497","ENSG00000287133"
"2498","ENSG00000273209"
"2499","ENSG00000222035"
"2500","ENSG00000287041"
"2501","ENSG00000231903"
"2502","ENSG00000286223"
"2503","ENSG00000272966"
"2504","ENSG00000273456"
"2505","ENSG00000256458"
"2506","ENSG00000234714"
"2507","ENSG00000237271"
"2508","ENSG00000236634"
"2509","ENSG00000237843"
"2510","ENSG00000287524"
"2511","ENSG00000225216"
"2512","ENSG00000225610"
"2513","ENSG00000227946"
"2514","ENSG00000231955"
"2515","ENSG00000279220"
"2516","ENSG00000228577"
"2517","ENSG00000231653"
"2518","ENSG00000229321"
"2519","ENSG00000260171"
"2520","ENSG00000237892"
"2521","ENSG00000229647"
"2522","ENSG00000224342"
"2523","ENSG00000234902"
"2524","ENSG00000286568"
"2525","ENSG00000225916"
"2526","ENSG00000240440"
"2527","ENSG00000223725"
"2528","ENSG00000225064"
"2529","ENSG00000224137"
"2530","ENSG00000272851"
"2531","ENSG00000225111"
"2532","ENSG00000231908"
"2533","ENSG00000231896"
"2534","ENSG00000287662"
"2535","ENSG00000286249"
"2536","ENSG00000272807"
"2537","ENSG00000229127"
"2538","ENSG00000279317"
"2539","ENSG00000234281"
"2540","ENSG00000280837"
"2541","ENSG00000273118"
"2542","ENSG00000234308"
"2543","ENSG00000223373"
"2544","ENSG00000286965"
"2545","ENSG00000270659"
"2546","ENSG00000236193"
"2547","ENSG00000272519"
"2548","ENSG00000196096"
"2549","ENSG00000197585"
"2550","ENSG00000224257"
"2551","ENSG00000229267"
"2552","ENSG00000227769"
"2553","ENSG00000286836"
"2554","ENSG00000237571"
"2555","ENSG00000230695"
"2556","ENSG00000225166"
"2557","ENSG00000228618"
"2558","ENSG00000234938"
"2559","ENSG00000237525"
"2560","ENSG00000227981"
"2561","ENSG00000235770"
"2562","ENSG00000230838"
"2563","ENSG00000227824"
"2564","ENSG00000226276"
"2565","ENSG00000279348"
"2566","ENSG00000260804"
"2567","ENSG00000231092"
"2568","ENSG00000233581"
"2569","ENSG00000235042"
"2570","ENSG00000232485"
"2571","ENSG00000241520"
"2572","ENSG00000224391"
"2573","ENSG00000225794"
"2574","ENSG00000236886"
"2575","ENSG00000229352"
"2576","ENSG00000286601"
"2577","ENSG00000231597"
"2578","ENSG00000223874"
"2579","ENSG00000237479"
"2580","ENSG00000227021"
"2581","ENSG00000236295"
"2582","ENSG00000259855"
"2583","ENSG00000287498"
"2584","ENSG00000233143"
"2585","ENSG00000231672"
"2586","ENSG00000223923"
"2587","ENSG00000261338"
"2588","ENSG00000237281"
"2589","ENSG00000225062"
"2590","ENSG00000273361"
"2591","ENSG00000273466"
"2592","ENSG00000286154"
"2593","ENSG00000272555"
"2594","ENSG00000228135"
"2595","ENSG00000235024"
"2596","ENSG00000236445"
"2597","ENSG00000224090"
"2598","ENSG00000286606"
"2599","ENSG00000272644"
"2600","ENSG00000287529"
"2601","ENSG00000230432"
"2602","ENSG00000229525"
"2603","ENSG00000234638"
"2604","ENSG00000280323"
"2605","ENSG00000227432"
"2606","ENSG00000268603"
"2607","ENSG00000268896"
"2608","ENSG00000269068"
"2609","ENSG00000228973"
"2610","ENSG00000267919"
"2611","ENSG00000227308"
"2612","ENSG00000228909"
"2613","ENSG00000286199"
"2614","ENSG00000239498"
"2615","ENSG00000235337"
"2616","ENSG00000236451"
"2617","ENSG00000224819"
"2618","ENSG00000286272"
"2619","ENSG00000286170"
"2620","ENSG00000272944"
"2621","ENSG00000234446"
"2622","ENSG00000267034"
"2623","ENSG00000234193"
"2624","ENSG00000231189"
"2625","ENSG00000235610"
"2626","ENSG00000228802"
"2627","ENSG00000274629"
"2628","ENSG00000273301"
"2629","ENSG00000279015"
"2630","ENSG00000235070"
"2631","ENSG00000272622"
"2632","ENSG00000261379"
"2633","ENSG00000236432"
"2634","ENSG00000236116"
"2635","ENSG00000286772"
"2636","ENSG00000232023"
"2637","ENSG00000228226"
"2638","ENSG00000287791"
"2639","ENSG00000231534"
"2640","ENSG00000225963"
"2641","ENSG00000279964"
"2642","ENSG00000235419"
"2643","ENSG00000226125"
"2644","ENSG00000232520"
"2645","ENSG00000230385"
"2646","ENSG00000283164"
"2647","ENSG00000238062"
"2648","ENSG00000261829"
"2649","ENSG00000224376"
"2650","ENSG00000233538"
"2651","ENSG00000181798"
"2652","ENSG00000286942"
"2653","ENSG00000286399"
"2654","ENSG00000261096"
"2655","ENSG00000227033"
"2656","ENSG00000224516"
"2657","ENSG00000237087"
"2658","ENSG00000237126"
"2659","ENSG00000241409"
"2660","ENSG00000222001"
"2661","ENSG00000259793"
"2662","ENSG00000224814"
"2663","ENSG00000279809"
"2664","ENSG00000237581"
"2665","ENSG00000286059"
"2666","ENSG00000279218"
"2667","ENSG00000226442"
"2668","ENSG00000261298"
"2669","ENSG00000288040"
"2670","ENSG00000228162"
"2671","ENSG00000231682"
"2672","ENSG00000280744"
"2673","ENSG00000235726"
"2674","ENSG00000226542"
"2675","ENSG00000235293"
"2676","ENSG00000235529"
"2677","ENSG00000222007"
"2678","ENSG00000233611"
"2679","ENSG00000270540"
"2680","ENSG00000232893"
"2681","ENSG00000232328"
"2682","ENSG00000227252"
"2683","ENSG00000124835"
"2684","ENSG00000224844"
"2685","ENSG00000224132"
"2686","ENSG00000222022"
"2687","ENSG00000222032"
"2688","ENSG00000234949"
"2689","ENSG00000227107"
"2690","ENSG00000286864"
"2691","ENSG00000279484"
"2692","ENSG00000186235"
"2693","ENSG00000225057"
"2694","ENSG00000283635"
"2695","ENSG00000232306"
"2696","ENSG00000229915"
"2697","ENSG00000225493"
"2698","ENSG00000234279"
"2699","ENSG00000286160"
"2700","ENSG00000286748"
"2701","ENSG00000226992"
"2702","ENSG00000227744"
"2703","ENSG00000286307"
"2704","ENSG00000287405"
"2705","ENSG00000222020"
"2706","ENSG00000286525"
"2707","ENSG00000288082"
"2708","ENSG00000286188"
"2709","ENSG00000196758"
"2710","ENSG00000227459"
"2711","ENSG00000259889"
"2712","ENSG00000220256"
"2713","ENSG00000286325"
"2714","ENSG00000286183"
"2715","ENSG00000227479"
"2716","ENSG00000218416"
"2717","ENSG00000287049"
"2718","ENSG00000260942"
"2719","ENSG00000219159"
"2720","ENSG00000233392"
"2721","ENSG00000223991"
"2722","ENSG00000229996"
"2723","ENSG00000225521"
"2724","ENSG00000286588"
"2725","ENSG00000223374"
"2726","ENSG00000288080"
"2727","ENSG00000234235"
"2728","ENSG00000273113"
"2729","ENSG00000235351"
"2730","ENSG00000215692"
"2731","ENSG00000234793"
"2732","ENSG00000215023"
"2733","ENSG00000224272"
"2734","ENSG00000235151"
"2735","ENSG00000233806"
"2736","ENSG00000237940"
"2737","ENSG00000280119"
"2738","ENSG00000226423"
"2739","ENSG00000287971"
"2740","ENSG00000232002"
"2741","ENSG00000261186"
"2742","ENSG00000223587"
"2743","ENSG00000224918"
"2744","ENSG00000224318"
"2745","ENSG00000287140"
"2746","ENSG00000234661"
"2747","ENSG00000287505"
"2748","ENSG00000224957"
"2749","ENSG00000224239"
"2750","ENSG00000235158"
"2751","ENSG00000225044"
"2752","ENSG00000227588"
"2753","ENSG00000286363"
"2754","ENSG00000237990"
"2755","ENSG00000271870"
"2756","ENSG00000223727"
"2757","ENSG00000287720"
"2758","ENSG00000286579"
"2759","ENSG00000231249"
"2760","ENSG00000235947"
"2761","ENSG00000235978"
"2762","ENSG00000235831"
"2763","ENSG00000233912"
"2764","ENSG00000268509"
"2765","ENSG00000230944"
"2766","ENSG00000229642"
"2767","ENSG00000226022"
"2768","ENSG00000189229"
"2769","ENSG00000226258"
"2770","ENSG00000237665"
"2771","ENSG00000288030"
"2772","ENSG00000236202"
"2773","ENSG00000270207"
"2774","ENSG00000227110"
"2775","ENSG00000228351"
"2776","ENSG00000231401"
"2777","ENSG00000224884"
"2778","ENSG00000224808"
"2779","ENSG00000287623"
"2780","ENSG00000228723"
"2781","ENSG00000227929"
"2782","ENSG00000235830"
"2783","ENSG00000254485"
"2784","ENSG00000206573"
"2785","ENSG00000287878"
"2786","ENSG00000269886"
"2787","ENSG00000269894"
"2788","ENSG00000230082"
"2789","ENSG00000269982"
"2790","ENSG00000206567"
"2791","ENSG00000287086"
"2792","ENSG00000231177"
"2793","ENSG00000240288"
"2794","ENSG00000236999"
"2795","ENSG00000224771"
"2796","ENSG00000226567"
"2797","ENSG00000230599"
"2798","ENSG00000286962"
"2799","ENSG00000232287"
"2800","ENSG00000287964"
"2801","ENSG00000285906"
"2802","ENSG00000271716"
"2803","ENSG00000272483"
"2804","ENSG00000272263"
"2805","ENSG00000232746"
"2806","ENSG00000244502"
"2807","ENSG00000224514"
"2808","ENSG00000287059"
"2809","ENSG00000228242"
"2810","ENSG00000255021"
"2811","ENSG00000251576"
"2812","ENSG00000283392"
"2813","ENSG00000235629"
"2814","ENSG00000230172"
"2815","ENSG00000285969"
"2816","ENSG00000260902"
"2817","ENSG00000225733"
"2818","ENSG00000224660"
"2819","ENSG00000249786"
"2820","ENSG00000288077"
"2821","ENSG00000279465"
"2822","ENSG00000287042"
"2823","ENSG00000286689"
"2824","ENSG00000285654"
"2825","ENSG00000271964"
"2826","ENSG00000272498"
"2827","ENSG00000272529"
"2828","ENSG00000287377"
"2829","ENSG00000288050"
"2830","ENSG00000233570"
"2831","ENSG00000269391"
"2832","ENSG00000229271"
"2833","ENSG00000226441"
"2834","ENSG00000285731"
"2835","ENSG00000286352"
"2836","ENSG00000226238"
"2837","ENSG00000274840"
"2838","ENSG00000272477"
"2839","ENSG00000228956"
"2840","ENSG00000287069"
"2841","ENSG00000231304"
"2842","ENSG00000261734"
"2843","ENSG00000282987"
"2844","ENSG00000225542"
"2845","ENSG00000223351"
"2846","ENSG00000233153"
"2847","ENSG00000223791"
"2848","ENSG00000224074"
"2849","ENSG00000224822"
"2850","ENSG00000228791"
"2851","ENSG00000272554"
"2852","ENSG00000237838"
"2853","ENSG00000230891"
"2854","ENSG00000225386"
"2855","ENSG00000287348"
"2856","ENSG00000272282"
"2857","ENSG00000225548"
"2858","ENSG00000229243"
"2859","ENSG00000235493"
"2860","ENSG00000235904"
"2861","ENSG00000203506"
"2862","ENSG00000235593"
"2863","ENSG00000287774"
"2864","ENSG00000227260"
"2865","ENSG00000227549"
"2866","ENSG00000261468"
"2867","ENSG00000232490"
"2868","ENSG00000261572"
"2869","ENSG00000251224"
"2870","ENSG00000272149"
"2871","ENSG00000271643"
"2872","ENSG00000226320"
"2873","ENSG00000287981"
"2874","ENSG00000236452"
"2875","ENSG00000227498"
"2876","ENSG00000287641"
"2877","ENSG00000230830"
"2878","ENSG00000279727"
"2879","ENSG00000281100"
"2880","ENSG00000272334"
"2881","ENSG00000271993"
"2882","ENSG00000271653"
"2883","ENSG00000270194"
"2884","ENSG00000198590"
"2885","ENSG00000235257"
"2886","ENSG00000229589"
"2887","ENSG00000231243"
"2888","ENSG00000284669"
"2889","ENSG00000283849"
"2890","ENSG00000287620"
"2891","ENSG00000287995"
"2892","ENSG00000287958"
"2893","ENSG00000287780"
"2894","ENSG00000286996"
"2895","ENSG00000286781"
"2896","ENSG00000285885"
"2897","ENSG00000280739"
"2898","ENSG00000223797"
"2899","ENSG00000226302"
"2900","ENSG00000231873"
"2901","ENSG00000287415"
"2902","ENSG00000233096"
"2903","ENSG00000233919"
"2904","ENSG00000281160"
"2905","ENSG00000232354"
"2906","ENSG00000230084"
"2907","ENSG00000287629"
"2908","ENSG00000285539"
"2909","ENSG00000230970"
"2910","ENSG00000287417"
"2911","ENSG00000173811"
"2912","ENSG00000225611"
"2913","ENSG00000235288"
"2914","ENSG00000273328"
"2915","ENSG00000206552"
"2916","ENSG00000227245"
"2917","ENSG00000285766"
"2918","ENSG00000234617"
"2919","ENSG00000235886"
"2920","ENSG00000271192"
"2921","ENSG00000272121"
"2922","ENSG00000280435"
"2923","ENSG00000261786"
"2924","ENSG00000271937"
"2925","ENSG00000283036"
"2926","ENSG00000236869"
"2927","ENSG00000233509"
"2928","ENSG00000272077"
"2929","ENSG00000235845"
"2930","ENSG00000232455"
"2931","ENSG00000230530"
"2932","ENSG00000279017"
"2933","ENSG00000285788"
"2934","ENSG00000223552"
"2935","ENSG00000283646"
"2936","ENSG00000268324"
"2937","ENSG00000286570"
"2938","ENSG00000284672"
"2939","ENSG00000227398"
"2940","ENSG00000280173"
"2941","ENSG00000260236"
"2942","ENSG00000214773"
"2943","ENSG00000244380"
"2944","ENSG00000228350"
"2945","ENSG00000271973"
"2946","ENSG00000224424"
"2947","ENSG00000235236"
"2948","ENSG00000223343"
"2949","ENSG00000273211"
"2950","ENSG00000272434"
"2951","ENSG00000225399"
"2952","ENSG00000235908"
"2953","ENSG00000226913"
"2954","ENSG00000235120"
"2955","ENSG00000259970"
"2956","ENSG00000230698"
"2957","ENSG00000228008"
"2958","ENSG00000281691"
"2959","ENSG00000235016"
"2960","ENSG00000213600"
"2961","ENSG00000230454"
"2962","ENSG00000232352"
"2963","ENSG00000281358"
"2964","ENSG00000235058"
"2965","ENSG00000271858"
"2966","ENSG00000280382"
"2967","ENSG00000273356"
"2968","ENSG00000288063"
"2969","ENSG00000235455"
"2970","ENSG00000287707"
"2971","ENSG00000280422"
"2972","ENSG00000272762"
"2973","ENSG00000285685"
"2974","ENSG00000286419"
"2975","ENSG00000280003"
"2976","ENSG00000243224"
"2977","ENSG00000242797"
"2978","ENSG00000239799"
"2979","ENSG00000279144"
"2980","ENSG00000280417"
"2981","ENSG00000286531"
"2982","ENSG00000271916"
"2983","ENSG00000271976"
"2984","ENSG00000288029"
"2985","ENSG00000286353"
"2986","ENSG00000265992"
"2987","ENSG00000243715"
"2988","ENSG00000239991"
"2989","ENSG00000243572"
"2990","ENSG00000240708"
"2991","ENSG00000242568"
"2992","ENSG00000242775"
"2993","ENSG00000244586"
"2994","ENSG00000242317"
"2995","ENSG00000240777"
"2996","ENSG00000281708"
"2997","ENSG00000240198"
"2998","ENSG00000272202"
"2999","ENSG00000286952"
"3000","ENSG00000287502"
"3001","ENSG00000272146"
"3002","ENSG00000239801"
"3003","ENSG00000241933"
"3004","ENSG00000244161"
"3005","ENSG00000283148"
"3006","ENSG00000273493"
"3007","ENSG00000272182"
"3008","ENSG00000272360"
"3009","ENSG00000243384"
"3010","ENSG00000244383"
"3011","ENSG00000242428"
"3012","ENSG00000243295"
"3013","ENSG00000243903"
"3014","ENSG00000242545"
"3015","ENSG00000287649"
"3016","ENSG00000241472"
"3017","ENSG00000244342"
"3018","ENSG00000241359"
"3019","ENSG00000240549"
"3020","ENSG00000285399"
"3021","ENSG00000280620"
"3022","ENSG00000239653"
"3023","ENSG00000271843"
"3024","ENSG00000243410"
"3025","ENSG00000272181"
"3026","ENSG00000241111"
"3027","ENSG00000189196"
"3028","ENSG00000241572"
"3029","ENSG00000241101"
"3030","ENSG00000226017"
"3031","ENSG00000244564"
"3032","ENSG00000241158"
"3033","ENSG00000241684"
"3034","ENSG00000243149"
"3035","ENSG00000270059"
"3036","ENSG00000272610"
"3037","ENSG00000240175"
"3038","ENSG00000288039"
"3039","ENSG00000285738"
"3040","ENSG00000287873"
"3041","ENSG00000241884"
"3042","ENSG00000241316"
"3043","ENSG00000286967"
"3044","ENSG00000244513"
"3045","ENSG00000240842"
"3046","ENSG00000241667"
"3047","ENSG00000240405"
"3048","ENSG00000287487"
"3049","ENSG00000287669"
"3050","ENSG00000244203"
"3051","ENSG00000274387"
"3052","ENSG00000242094"
"3053","ENSG00000277855"
"3054","ENSG00000270562"
"3055","ENSG00000287131"
"3056","ENSG00000241163"
"3057","ENSG00000273461"
"3058","ENSG00000276471"
"3059","ENSG00000243083"
"3060","ENSG00000272774"
"3061","ENSG00000242618"
"3062","ENSG00000287882"
"3063","ENSG00000260670"
"3064","ENSG00000244345"
"3065","ENSG00000287595"
"3066","ENSG00000239677"
"3067","ENSG00000278934"
"3068","ENSG00000242741"
"3069","ENSG00000239454"
"3070","ENSG00000287398"
"3071","ENSG00000272690"
"3072","ENSG00000242516"
"3073","ENSG00000287567"
"3074","ENSG00000244461"
"3075","ENSG00000240573"
"3076","ENSG00000240241"
"3077","ENSG00000288105"
"3078","ENSG00000286329"
"3079","ENSG00000242828"
"3080","ENSG00000242781"
"3081","ENSG00000243694"
"3082","ENSG00000242145"
"3083","ENSG00000241593"
"3084","ENSG00000287053"
"3085","ENSG00000242190"
"3086","ENSG00000242009"
"3087","ENSG00000239440"
"3088","ENSG00000288004"
"3089","ENSG00000286567"
"3090","ENSG00000287158"
"3091","ENSG00000242641"
"3092","ENSG00000242339"
"3093","ENSG00000287273"
"3094","ENSG00000241648"
"3095","ENSG00000239519"
"3096","ENSG00000239767"
"3097","ENSG00000241328"
"3098","ENSG00000281392"
"3099","ENSG00000239572"
"3100","ENSG00000285780"
"3101","ENSG00000239589"
"3102","ENSG00000286516"
"3103","ENSG00000286447"
"3104","ENSG00000261292"
"3105","ENSG00000282527"
"3106","ENSG00000279658"
"3107","ENSG00000285614"
"3108","ENSG00000249225"
"3109","ENSG00000251088"
"3110","ENSG00000248839"
"3111","ENSG00000286602"
"3112","ENSG00000239445"
"3113","ENSG00000239462"
"3114","ENSG00000240476"
"3115","ENSG00000243296"
"3116","ENSG00000243089"
"3117","ENSG00000244464"
"3118","ENSG00000273374"
"3119","ENSG00000287378"
"3120","ENSG00000256628"
"3121","ENSG00000286699"
"3122","ENSG00000249474"
"3123","ENSG00000287682"
"3124","ENSG00000214407"
"3125","ENSG00000241280"
"3126","ENSG00000241754"
"3127","ENSG00000287421"
"3128","ENSG00000286854"
"3129","ENSG00000242759"
"3130","ENSG00000286956"
"3131","ENSG00000243701"
"3132","ENSG00000239828"
"3133","ENSG00000272597"
"3134","ENSG00000273125"
"3135","ENSG00000240423"
"3136","ENSG00000241469"
"3137","ENSG00000279277"
"3138","ENSG00000271856"
"3139","ENSG00000239314"
"3140","ENSG00000261364"
"3141","ENSG00000214381"
"3142","ENSG00000228980"
"3143","ENSG00000242029"
"3144","ENSG00000240895"
"3145","ENSG00000242242"
"3146","ENSG00000239311"
"3147","ENSG00000240766"
"3148","ENSG00000286492"
"3149","ENSG00000261488"
"3150","ENSG00000239482"
"3151","ENSG00000243081"
"3152","ENSG00000279349"
"3153","ENSG00000240893"
"3154","ENSG00000242770"
"3155","ENSG00000272844"
"3156","ENSG00000240057"
"3157","ENSG00000241219"
"3158","ENSG00000243795"
"3159","ENSG00000288079"
"3160","ENSG00000243849"
"3161","ENSG00000239453"
"3162","ENSG00000242659"
"3163","ENSG00000273394"
"3164","ENSG00000287805"
"3165","ENSG00000285836"
"3166","ENSG00000241490"
"3167","ENSG00000259976"
"3168","ENSG00000241560"
"3169","ENSG00000242290"
"3170","ENSG00000241295"
"3171","ENSG00000239946"
"3172","ENSG00000242767"
"3173","ENSG00000242880"
"3174","ENSG00000287795"
"3175","ENSG00000288074"
"3176","ENSG00000241596"
"3177","ENSG00000240922"
"3178","ENSG00000241397"
"3179","ENSG00000243197"
"3180","ENSG00000242385"
"3181","ENSG00000239268"
"3182","ENSG00000241213"
"3183","ENSG00000242816"
"3184","ENSG00000243276"
"3185","ENSG00000286660"
"3186","ENSG00000239877"
"3187","ENSG00000240254"
"3188","ENSG00000241155"
"3189","ENSG00000272662"
"3190","ENSG00000272967"
"3191","ENSG00000286584"
"3192","ENSG00000239994"
"3193","ENSG00000242622"
"3194","ENSG00000282950"
"3195","ENSG00000286735"
"3196","ENSG00000286827"
"3197","ENSG00000243593"
"3198","ENSG00000287366"
"3199","ENSG00000287022"
"3200","ENSG00000272758"
"3201","ENSG00000287207"
"3202","ENSG00000273033"
"3203","ENSG00000273454"
"3204","ENSG00000272678"
"3205","ENSG00000239523"
"3206","ENSG00000250174"
"3207","ENSG00000273123"
"3208","ENSG00000260391"
"3209","ENSG00000244286"
"3210","ENSG00000280042"
"3211","ENSG00000288022"
"3212","ENSG00000284624"
"3213","ENSG00000272840"
"3214","ENSG00000287617"
"3215","ENSG00000241288"
"3216","ENSG00000248787"
"3217","ENSG00000248607"
"3218","ENSG00000250012"
"3219","ENSG00000250218"
"3220","ENSG00000246022"
"3221","ENSG00000287232"
"3222","ENSG00000250934"
"3223","ENSG00000251448"
"3224","ENSG00000287440"
"3225","ENSG00000249833"
"3226","ENSG00000279328"
"3227","ENSG00000280053"
"3228","ENSG00000287784"
"3229","ENSG00000286919"
"3230","ENSG00000244215"
"3231","ENSG00000239921"
"3232","ENSG00000240562"
"3233","ENSG00000282975"
"3234","ENSG00000282860"
"3235","ENSG00000285600"
"3236","ENSG00000287143"
"3237","ENSG00000239608"
"3238","ENSG00000285619"
"3239","ENSG00000242049"
"3240","ENSG00000244300"
"3241","ENSG00000286806"
"3242","ENSG00000198685"
"3243","ENSG00000261159"
"3244","ENSG00000231305"
"3245","ENSG00000287110"
"3246","ENSG00000279507"
"3247","ENSG00000273174"
"3248","ENSG00000273437"
"3249","ENSG00000286729"
"3250","ENSG00000206417"
"3251","ENSG00000203644"
"3252","ENSG00000271270"
"3253","ENSG00000250643"
"3254","ENSG00000248243"
"3255","ENSG00000249846"
"3256","ENSG00000288111"
"3257","ENSG00000285631"
"3258","ENSG00000284095"
"3259","ENSG00000250592"
"3260","ENSG00000250129"
"3261","ENSG00000250608"
"3262","ENSG00000261167"
"3263","ENSG00000248468"
"3264","ENSG00000248724"
"3265","ENSG00000249725"
"3266","ENSG00000251011"
"3267","ENSG00000249993"
"3268","ENSG00000272832"
"3269","ENSG00000285908"
"3270","ENSG00000243832"
"3271","ENSG00000240006"
"3272","ENSG00000260633"
"3273","ENSG00000286982"
"3274","ENSG00000240086"
"3275","ENSG00000273455"
"3276","ENSG00000261758"
"3277","ENSG00000286915"
"3278","ENSG00000239213"
"3279","ENSG00000273486"
"3280","ENSG00000249407"
"3281","ENSG00000239513"
"3282","ENSG00000261146"
"3283","ENSG00000272609"
"3284","ENSG00000280399"
"3285","ENSG00000244578"
"3286","ENSG00000232416"
"3287","ENSG00000281473"
"3288","ENSG00000286988"
"3289","ENSG00000272656"
"3290","ENSG00000248932"
"3291","ENSG00000248790"
"3292","ENSG00000261763"
"3293","ENSG00000250543"
"3294","ENSG00000251471"
"3295","ENSG00000249290"
"3296","ENSG00000251058"
"3297","ENSG00000250433"
"3298","ENSG00000261826"
"3299","ENSG00000248773"
"3300","ENSG00000251270"
"3301","ENSG00000287155"
"3302","ENSG00000249417"
"3303","ENSG00000250170"
"3304","ENSG00000286822"
"3305","ENSG00000244124"
"3306","ENSG00000279147"
"3307","ENSG00000244327"
"3308","ENSG00000239641"
"3309","ENSG00000287045"
"3310","ENSG00000243818"
"3311","ENSG00000241570"
"3312","ENSG00000268129"
"3313","ENSG00000243733"
"3314","ENSG00000241679"
"3315","ENSG00000240888"
"3316","ENSG00000240012"
"3317","ENSG00000244493"
"3318","ENSG00000280397"
"3319","ENSG00000244358"
"3320","ENSG00000240095"
"3321","ENSG00000261051"
"3322","ENSG00000243415"
"3323","ENSG00000240032"
"3324","ENSG00000279320"
"3325","ENSG00000241457"
"3326","ENSG00000243620"
"3327","ENSG00000242671"
"3328","ENSG00000241202"
"3329","ENSG00000239661"
"3330","ENSG00000239922"
"3331","ENSG00000285798"
"3332","ENSG00000241131"
"3333","ENSG00000285660"
"3334","ENSG00000241792"
"3335","ENSG00000244650"
"3336","ENSG00000243347"
"3337","ENSG00000242440"
"3338","ENSG00000285557"
"3339","ENSG00000240521"
"3340","ENSG00000287198"
"3341","ENSG00000239718"
"3342","ENSG00000286714"
"3343","ENSG00000244468"
"3344","ENSG00000240541"
"3345","ENSG00000243885"
"3346","ENSG00000241985"
"3347","ENSG00000241313"
"3348","ENSG00000242791"
"3349","ENSG00000243944"
"3350","ENSG00000243321"
"3351","ENSG00000241048"
"3352","ENSG00000244541"
"3353","ENSG00000243550"
"3354","ENSG00000286501"
"3355","ENSG00000240137"
"3356","ENSG00000287688"
"3357","ENSG00000244265"
"3358","ENSG00000239265"
"3359","ENSG00000243273"
"3360","ENSG00000286273"
"3361","ENSG00000241151"
"3362","ENSG00000242908"
"3363","ENSG00000239941"
"3364","ENSG00000229619"
"3365","ENSG00000243305"
"3366","ENSG00000244545"
"3367","ENSG00000287706"
"3368","ENSG00000244268"
"3369","ENSG00000241220"
"3370","ENSG00000241912"
"3371","ENSG00000238755"
"3372","ENSG00000237787"
"3373","ENSG00000243486"
"3374","ENSG00000243069"
"3375","ENSG00000279305"
"3376","ENSG00000243861"
"3377","ENSG00000243969"
"3378","ENSG00000243953"
"3379","ENSG00000240666"
"3380","ENSG00000241336"
"3381","ENSG00000242790"
"3382","ENSG00000239508"
"3383","ENSG00000242925"
"3384","ENSG00000214919"
"3385","ENSG00000286585"
"3386","ENSG00000288032"
"3387","ENSG00000287916"
"3388","ENSG00000240596"
"3389","ENSG00000242370"
"3390","ENSG00000272990"
"3391","ENSG00000243926"
"3392","ENSG00000240875"
"3393","ENSG00000243629"
"3394","ENSG00000241544"
"3395","ENSG00000241135"
"3396","ENSG00000241770"
"3397","ENSG00000243176"
"3398","ENSG00000286361"
"3399","ENSG00000286892"
"3400","ENSG00000242536"
"3401","ENSG00000239716"
"3402","ENSG00000243150"
"3403","ENSG00000272087"
"3404","ENSG00000272440"
"3405","ENSG00000240207"
"3406","ENSG00000271778"
"3407","ENSG00000272247"
"3408","ENSG00000279311"
"3409","ENSG00000286913"
"3410","ENSG00000241211"
"3411","ENSG00000244040"
"3412","ENSG00000242107"
"3413","ENSG00000260572"
"3414","ENSG00000240567"
"3415","ENSG00000269888"
"3416","ENSG00000288087"
"3417","ENSG00000240354"
"3418","ENSG00000241168"
"3419","ENSG00000241369"
"3420","ENSG00000240792"
"3421","ENSG00000241636"
"3422","ENSG00000241767"
"3423","ENSG00000239205"
"3424","ENSG00000244128"
"3425","ENSG00000244321"
"3426","ENSG00000240033"
"3427","ENSG00000241669"
"3428","ENSG00000287319"
"3429","ENSG00000244706"
"3430","ENSG00000286994"
"3431","ENSG00000241882"
"3432","ENSG00000242268"
"3433","ENSG00000272797"
"3434","ENSG00000273177"
"3435","ENSG00000241383"
"3436","ENSG00000241479"
"3437","ENSG00000242795"
"3438","ENSG00000270141"
"3439","ENSG00000269889"
"3440","ENSG00000269984"
"3441","ENSG00000270135"
"3442","ENSG00000270096"
"3443","ENSG00000239219"
"3444","ENSG00000240373"
"3445","ENSG00000239628"
"3446","ENSG00000242578"
"3447","ENSG00000285051"
"3448","ENSG00000244738"
"3449","ENSG00000286695"
"3450","ENSG00000239739"
"3451","ENSG00000286856"
"3452","ENSG00000240497"
"3453","ENSG00000279673"
"3454","ENSG00000234717"
"3455","ENSG00000235943"
"3456","ENSG00000287899"
"3457","ENSG00000279862"
"3458","ENSG00000223387"
"3459","ENSG00000287012"
"3460","ENSG00000237473"
"3461","ENSG00000228213"
"3462","ENSG00000230292"
"3463","ENSG00000226779"
"3464","ENSG00000288104"
"3465","ENSG00000225552"
"3466","ENSG00000260217"
"3467","ENSG00000223715"
"3468","ENSG00000228308"
"3469","ENSG00000231310"
"3470","ENSG00000203645"
"3471","ENSG00000226782"
"3472","ENSG00000228221"
"3473","ENSG00000236385"
"3474","ENSG00000228561"
"3475","ENSG00000231574"
"3476","ENSG00000225790"
"3477","ENSG00000270321"
"3478","ENSG00000286003"
"3479","ENSG00000223930"
"3480","ENSG00000223941"
"3481","ENSG00000237978"
"3482","ENSG00000229102"
"3483","ENSG00000260743"
"3484","ENSG00000242539"
"3485","ENSG00000272699"
"3486","ENSG00000272910"
"3487","ENSG00000272660"
"3488","ENSG00000270178"
"3489","ENSG00000243799"
"3490","ENSG00000244302"
"3491","ENSG00000287645"
"3492","ENSG00000241696"
"3493","ENSG00000239774"
"3494","ENSG00000145075"
"3495","ENSG00000243187"
"3496","ENSG00000285336"
"3497","ENSG00000242808"
"3498","ENSG00000241231"
"3499","ENSG00000239381"
"3500","ENSG00000242512"
"3501","ENSG00000286453"
"3502","ENSG00000240478"
"3503","ENSG00000287605"
"3504","ENSG00000242012"
"3505","ENSG00000241098"
"3506","ENSG00000244247"
"3507","ENSG00000287941"
"3508","ENSG00000238837"
"3509","ENSG00000260377"
"3510","ENSG00000240063"
"3511","ENSG00000273261"
"3512","ENSG00000243368"
"3513","ENSG00000242522"
"3514","ENSG00000233885"
"3515","ENSG00000223882"
"3516","ENSG00000238020"
"3517","ENSG00000273181"
"3518","ENSG00000272721"
"3519","ENSG00000224153"
"3520","ENSG00000227509"
"3521","ENSG00000230215"
"3522","ENSG00000272970"
"3523","ENSG00000229433"
"3524","ENSG00000273403"
"3525","ENSG00000272922"
"3526","ENSG00000223358"
"3527","ENSG00000286086"
"3528","ENSG00000163915"
"3529","ENSG00000234197"
"3530","ENSG00000234548"
"3531","ENSG00000224406"
"3532","ENSG00000226859"
"3533","ENSG00000197099"
"3534","ENSG00000263826"
"3535","ENSG00000231724"
"3536","ENSG00000232233"
"3537","ENSG00000226482"
"3538","ENSG00000198491"
"3539","ENSG00000283175"
"3540","ENSG00000280270"
"3541","ENSG00000228952"
"3542","ENSG00000228804"
"3543","ENSG00000224049"
"3544","ENSG00000236864"
"3545","ENSG00000224187"
"3546","ENSG00000225058"
"3547","ENSG00000236412"
"3548","ENSG00000234238"
"3549","ENSG00000270959"
"3550","ENSG00000279891"
"3551","ENSG00000224563"
"3552","ENSG00000234076"
"3553","ENSG00000230115"
"3554","ENSG00000225764"
"3555","ENSG00000273370"
"3556","ENSG00000228730"
"3557","ENSG00000233308"
"3558","ENSG00000223812"
"3559","ENSG00000232353"
"3560","ENSG00000287178"
"3561","ENSG00000231383"
"3562","ENSG00000230126"
"3563","ENSG00000226709"
"3564","ENSG00000232130"
"3565","ENSG00000236508"
"3566","ENSG00000225473"
"3567","ENSG00000224855"
"3568","ENSG00000286624"
"3569","ENSG00000287206"
"3570","ENSG00000229155"
"3571","ENSG00000214146"
"3572","ENSG00000238043"
"3573","ENSG00000230102"
"3574","ENSG00000276407"
"3575","ENSG00000229964"
"3576","ENSG00000232874"
"3577","ENSG00000225742"
"3578","ENSG00000238097"
"3579","ENSG00000228271"
"3580","ENSG00000214145"
"3581","ENSG00000286317"
"3582","ENSG00000233058"
"3583","ENSG00000244675"
"3584","ENSG00000231770"
"3585","ENSG00000229334"
"3586","ENSG00000272707"
"3587","ENSG00000233987"
"3588","ENSG00000287073"
"3589","ENSG00000237222"
"3590","ENSG00000230401"
"3591","ENSG00000238031"
"3592","ENSG00000233303"
"3593","ENSG00000230266"
"3594","ENSG00000287005"
"3595","ENSG00000229325"
"3596","ENSG00000223711"
"3597","ENSG00000229178"
"3598","ENSG00000242086"
"3599","ENSG00000223783"
"3600","ENSG00000286004"
"3601","ENSG00000224614"
"3602","ENSG00000286168"
"3603","ENSG00000224652"
"3604","ENSG00000228028"
"3605","ENSG00000235897"
"3606","ENSG00000225822"
"3607","ENSG00000273013"
"3608","ENSG00000286661"
"3609","ENSG00000232065"
"3610","ENSG00000230732"
"3611","ENSG00000225578"
"3612","ENSG00000286017"
"3613","ENSG00000228109"
"3614","ENSG00000227375"
"3615","ENSG00000286870"
"3616","ENSG00000235126"
"3617","ENSG00000229912"
"3618","ENSG00000237167"
"3619","ENSG00000272989"
"3620","ENSG00000273308"
"3621","ENSG00000286909"
"3622","ENSG00000236833"
"3623","ENSG00000287286"
"3624","ENSG00000273375"
"3625","ENSG00000234136"
"3626","ENSG00000286755"
"3627","ENSG00000232832"
"3628","ENSG00000275426"
"3629","ENSG00000286705"
"3630","ENSG00000281016"
"3631","ENSG00000272885"
"3632","ENSG00000283183"
"3633","ENSG00000242686"
"3634","ENSG00000272927"
"3635","ENSG00000248416"
"3636","ENSG00000272588"
"3637","ENSG00000249592"
"3638","ENSG00000233799"
"3639","ENSG00000260262"
"3640","ENSG00000286205"
"3641","ENSG00000250259"
"3642","ENSG00000251652"
"3643","ENSG00000227189"
"3644","ENSG00000273179"
"3645","ENSG00000280927"
"3646","ENSG00000196810"
"3647","ENSG00000254094"
"3648","ENSG00000253399"
"3649","ENSG00000272783"
"3650","ENSG00000244459"
"3651","ENSG00000270195"
"3652","ENSG00000250623"
"3653","ENSG00000251148"
"3654","ENSG00000248399"
"3655","ENSG00000287099"
"3656","ENSG00000249673"
"3657","ENSG00000251075"
"3658","ENSG00000286900"
"3659","ENSG00000270090"
"3660","ENSG00000216560"
"3661","ENSG00000250681"
"3662","ENSG00000250632"
"3663","ENSG00000250986"
"3664","ENSG00000253917"
"3665","ENSG00000248516"
"3666","ENSG00000248221"
"3667","ENSG00000247708"
"3668","ENSG00000280310"
"3669","ENSG00000273396"
"3670","ENSG00000082929"
"3671","ENSG00000287786"
"3672","ENSG00000251408"
"3673","ENSG00000286176"
"3674","ENSG00000251580"
"3675","ENSG00000246526"
"3676","ENSG00000279859"
"3677","ENSG00000282742"
"3678","ENSG00000287331"
"3679","ENSG00000287104"
"3680","ENSG00000187904"
"3681","ENSG00000245748"
"3682","ENSG00000245468"
"3683","ENSG00000272620"
"3684","ENSG00000287164"
"3685","ENSG00000228919"
"3686","ENSG00000273267"
"3687","ENSG00000251460"
"3688","ENSG00000249145"
"3689","ENSG00000251615"
"3690","ENSG00000251186"
"3691","ENSG00000205959"
"3692","ENSG00000250915"
"3693","ENSG00000258507"
"3694","ENSG00000288075"
"3695","ENSG00000287972"
"3696","ENSG00000287117"
"3697","ENSG00000249219"
"3698","ENSG00000250413"
"3699","ENSG00000261490"
"3700","ENSG00000287154"
"3701","ENSG00000249334"
"3702","ENSG00000283083"
"3703","ENSG00000287778"
"3704","ENSG00000251152"
"3705","ENSG00000249631"
"3706","ENSG00000248300"
"3707","ENSG00000248262"
"3708","ENSG00000251210"
"3709","ENSG00000250371"
"3710","ENSG00000250098"
"3711","ENSG00000286297"
"3712","ENSG00000281202"
"3713","ENSG00000246095"
"3714","ENSG00000250634"
"3715","ENSG00000250497"
"3716","ENSG00000251679"
"3717","ENSG00000249988"
"3718","ENSG00000287360"
"3719","ENSG00000251412"
"3720","ENSG00000248425"
"3721","ENSG00000248360"
"3722","ENSG00000247624"
"3723","ENSG00000249252"
"3724","ENSG00000251379"
"3725","ENSG00000273133"
"3726","ENSG00000286280"
"3727","ENSG00000249234"
"3728","ENSG00000263327"
"3729","ENSG00000286888"
"3730","ENSG00000248138"
"3731","ENSG00000287081"
"3732","ENSG00000249998"
"3733","ENSG00000250819"
"3734","ENSG00000249502"
"3735","ENSG00000286046"
"3736","ENSG00000251048"
"3737","ENSG00000279918"
"3738","ENSG00000248238"
"3739","ENSG00000279379"
"3740","ENSG00000248515"
"3741","ENSG00000249441"
"3742","ENSG00000248228"
"3743","ENSG00000272995"
"3744","ENSG00000250243"
"3745","ENSG00000286318"
"3746","ENSG00000250092"
"3747","ENSG00000248343"
"3748","ENSG00000280650"
"3749","ENSG00000250039"
"3750","ENSG00000248837"
"3751","ENSG00000249547"
"3752","ENSG00000250137"
"3753","ENSG00000251292"
"3754","ENSG00000249453"
"3755","ENSG00000261121"
"3756","ENSG00000281501"
"3757","ENSG00000271172"
"3758","ENSG00000248545"
"3759","ENSG00000250541"
"3760","ENSG00000251009"
"3761","ENSG00000283314"
"3762","ENSG00000240005"
"3763","ENSG00000251080"
"3764","ENSG00000205830"
"3765","ENSG00000249699"
"3766","ENSG00000251325"
"3767","ENSG00000287389"
"3768","ENSG00000251410"
"3769","ENSG00000286321"
"3770","ENSG00000250038"
"3771","ENSG00000250064"
"3772","ENSG00000286141"
"3773","ENSG00000250190"
"3774","ENSG00000249228"
"3775","ENSG00000248176"
"3776","ENSG00000248338"
"3777","ENSG00000286596"
"3778","ENSG00000249678"
"3779","ENSG00000251182"
"3780","ENSG00000251434"
"3781","ENSG00000249882"
"3782","ENSG00000251129"
"3783","ENSG00000286212"
"3784","ENSG00000251329"
"3785","ENSG00000286784"
"3786","ENSG00000287968"
"3787","ENSG00000248417"
"3788","ENSG00000288321"
"3789","ENSG00000250954"
"3790","ENSG00000250723"
"3791","ENSG00000248685"
"3792","ENSG00000287320"
"3793","ENSG00000250597"
"3794","ENSG00000247193"
"3795","ENSG00000251438"
"3796","ENSG00000248215"
"3797","ENSG00000287416"
"3798","ENSG00000261761"
"3799","ENSG00000247810"
"3800","ENSG00000288073"
"3801","ENSG00000248936"
"3802","ENSG00000279386"
"3803","ENSG00000287659"
"3804","ENSG00000251642"
"3805","ENSG00000248227"
"3806","ENSG00000280015"
"3807","ENSG00000249534"
"3808","ENSG00000249667"
"3809","ENSG00000251635"
"3810","ENSG00000231160"
"3811","ENSG00000271958"
"3812","ENSG00000249207"
"3813","ENSG00000249685"
"3814","ENSG00000249348"
"3815","ENSG00000287262"
"3816","ENSG00000286349"
"3817","ENSG00000255458"
"3818","ENSG00000260296"
"3819","ENSG00000286089"
"3820","ENSG00000250338"
"3821","ENSG00000249241"
"3822","ENSG00000250893"
"3823","ENSG00000287182"
"3824","ENSG00000250906"
"3825","ENSG00000251173"
"3826","ENSG00000287762"
"3827","ENSG00000249216"
"3828","ENSG00000250467"
"3829","ENSG00000249122"
"3830","ENSG00000245870"
"3831","ENSG00000249771"
"3832","ENSG00000272862"
"3833","ENSG00000285454"
"3834","ENSG00000250781"
"3835","ENSG00000260519"
"3836","ENSG00000251517"
"3837","ENSG00000248939"
"3838","ENSG00000250657"
"3839","ENSG00000248143"
"3840","ENSG00000286891"
"3841","ENSG00000250863"
"3842","ENSG00000251350"
"3843","ENSG00000273369"
"3844","ENSG00000272936"
"3845","ENSG00000248744"
"3846","ENSG00000260878"
"3847","ENSG00000249330"
"3848","ENSG00000260918"
"3849","ENSG00000282904"
"3850","ENSG00000286294"
"3851","ENSG00000248254"
"3852","ENSG00000282917"
"3853","ENSG00000259959"
"3854","ENSG00000248256"
"3855","ENSG00000280043"
"3856","ENSG00000272576"
"3857","ENSG00000251040"
"3858","ENSG00000287999"
"3859","ENSG00000248866"
"3860","ENSG00000260120"
"3861","ENSG00000250302"
"3862","ENSG00000226950"
"3863","ENSG00000286161"
"3864","ENSG00000248115"
"3865","ENSG00000250930"
"3866","ENSG00000248494"
"3867","ENSG00000249341"
"3868","ENSG00000249706"
"3869","ENSG00000272650"
"3870","ENSG00000269506"
"3871","ENSG00000287534"
"3872","ENSG00000248184"
"3873","ENSG00000248518"
"3874","ENSG00000251264"
"3875","ENSG00000250456"
"3876","ENSG00000249727"
"3877","ENSG00000251256"
"3878","ENSG00000248317"
"3879","ENSG00000250646"
"3880","ENSG00000287060"
"3881","ENSG00000249700"
"3882","ENSG00000273257"
"3883","ENSG00000272969"
"3884","ENSG00000286599"
"3885","ENSG00000287382"
"3886","ENSG00000286093"
"3887","ENSG00000269921"
"3888","ENSG00000270147"
"3889","ENSG00000280285"
"3890","ENSG00000269949"
"3891","ENSG00000245067"
"3892","ENSG00000287369"
"3893","ENSG00000250192"
"3894","ENSG00000248505"
"3895","ENSG00000251459"
"3896","ENSG00000251049"
"3897","ENSG00000250333"
"3898","ENSG00000249831"
"3899","ENSG00000285998"
"3900","ENSG00000250340"
"3901","ENSG00000250078"
"3902","ENSG00000251339"
"3903","ENSG00000249382"
"3904","ENSG00000251266"
"3905","ENSG00000250375"
"3906","ENSG00000286097"
"3907","ENSG00000249111"
"3908","ENSG00000249392"
"3909","ENSG00000249892"
"3910","ENSG00000287174"
"3911","ENSG00000249066"
"3912","ENSG00000240152"
"3913","ENSG00000205682"
"3914","ENSG00000248692"
"3915","ENSG00000251055"
"3916","ENSG00000250775"
"3917","ENSG00000286664"
"3918","ENSG00000250125"
"3919","ENSG00000285711"
"3920","ENSG00000250846"
"3921","ENSG00000248479"
"3922","ENSG00000251527"
"3923","ENSG00000249413"
"3924","ENSG00000272304"
"3925","ENSG00000287383"
"3926","ENSG00000250075"
"3927","ENSG00000279464"
"3928","ENSG00000248049"
"3929","ENSG00000272626"
"3930","ENSG00000250696"
"3931","ENSG00000286848"
"3932","ENSG00000272986"
"3933","ENSG00000248567"
"3934","ENSG00000250877"
"3935","ENSG00000250220"
"3936","ENSG00000250436"
"3937","ENSG00000228277"
"3938","ENSG00000287037"
"3939","ENSG00000288019"
"3940","ENSG00000269559"
"3941","ENSG00000250532"
"3942","ENSG00000249942"
"3943","ENSG00000287375"
"3944","ENSG00000249717"
"3945","ENSG00000248165"
"3946","ENSG00000260265"
"3947","ENSG00000251185"
"3948","ENSG00000251454"
"3949","ENSG00000251383"
"3950","ENSG00000248646"
"3951","ENSG00000250735"
"3952","ENSG00000229717"
"3953","ENSG00000245928"
"3954","ENSG00000286074"
"3955","ENSG00000287401"
"3956","ENSG00000233860"
"3957","ENSG00000224218"
"3958","ENSG00000249036"
"3959","ENSG00000251442"
"3960","ENSG00000287632"
"3961","ENSG00000260278"
"3962","ENSG00000249307"
"3963","ENSG00000250334"
"3964","ENSG00000251399"
"3965","ENSG00000248408"
"3966","ENSG00000251321"
"3967","ENSG00000248719"
"3968","ENSG00000251059"
"3969","ENSG00000273156"
"3970","ENSG00000272677"
"3971","ENSG00000231782"
"3972","ENSG00000286490"
"3973","ENSG00000251022"
"3974","ENSG00000286035"
"3975","ENSG00000250057"
"3976","ENSG00000249171"
"3977","ENSG00000250546"
"3978","ENSG00000248749"
"3979","ENSG00000251260"
"3980","ENSG00000180769"
"3981","ENSG00000286189"
"3982","ENSG00000250062"
"3983","ENSG00000284968"
"3984","ENSG00000250572"
"3985","ENSG00000255723"
"3986","ENSG00000272856"
"3987","ENSG00000249001"
"3988","ENSG00000286618"
"3989","ENSG00000246375"
"3990","ENSG00000287181"
"3991","ENSG00000286978"
"3992","ENSG00000285122"
"3993","ENSG00000248019"
"3994","ENSG00000270720"
"3995","ENSG00000251095"
"3996","ENSG00000274238"
"3997","ENSG00000277695"
"3998","ENSG00000276542"
"3999","ENSG00000247775"
"4000","ENSG00000287239"
"4001","ENSG00000248984"
"4002","ENSG00000249049"
"4003","ENSG00000279013"
"4004","ENSG00000249052"
"4005","ENSG00000287392"
"4006","ENSG00000280056"
"4007","ENSG00000249152"
"4008","ENSG00000248511"
"4009","ENSG00000248627"
"4010","ENSG00000250908"
"4011","ENSG00000246541"
"4012","ENSG00000287552"
"4013","ENSG00000249951"
"4014","ENSG00000249599"
"4015","ENSG00000271474"
"4016","ENSG00000248510"
"4017","ENSG00000287841"
"4018","ENSG00000253170"
"4019","ENSG00000254044"
"4020","ENSG00000251620"
"4021","ENSG00000214559"
"4022","ENSG00000251523"
"4023","ENSG00000260641"
"4024","ENSG00000263923"
"4025","ENSG00000287512"
"4026","ENSG00000272777"
"4027","ENSG00000246090"
"4028","ENSG00000248676"
"4029","ENSG00000279913"
"4030","ENSG00000279098"
"4031","ENSG00000245322"
"4032","ENSG00000249710"
"4033","ENSG00000286150"
"4034","ENSG00000250223"
"4035","ENSG00000251219"
"4036","ENSG00000251636"
"4037","ENSG00000254531"
"4038","ENSG00000286124"
"4039","ENSG00000251309"
"4040","ENSG00000248161"
"4041","ENSG00000260651"
"4042","ENSG00000286242"
"4043","ENSG00000246560"
"4044","ENSG00000248740"
"4045","ENSG00000251577"
"4046","ENSG00000250920"
"4047","ENSG00000286291"
"4048","ENSG00000249614"
"4049","ENSG00000251170"
"4050","ENSG00000245384"
"4051","ENSG00000250670"
"4052","ENSG00000248242"
"4053","ENSG00000248373"
"4054","ENSG00000251259"
"4055","ENSG00000251586"
"4056","ENSG00000250522"
"4057","ENSG00000249885"
"4058","ENSG00000251175"
"4059","ENSG00000250740"
"4060","ENSG00000249635"
"4061","ENSG00000249613"
"4062","ENSG00000286147"
"4063","ENSG00000251081"
"4064","ENSG00000245293"
"4065","ENSG00000249604"
"4066","ENSG00000232021"
"4067","ENSG00000234492"
"4068","ENSG00000286136"
"4069","ENSG00000246774"
"4070","ENSG00000247950"
"4071","ENSG00000273447"
"4072","ENSG00000272795"
"4073","ENSG00000250511"
"4074","ENSG00000250103"
"4075","ENSG00000249519"
"4076","ENSG00000248656"
"4077","ENSG00000250855"
"4078","ENSG00000248432"
"4079","ENSG00000249815"
"4080","ENSG00000260526"
"4081","ENSG00000272567"
"4082","ENSG00000249509"
"4083","ENSG00000249532"
"4084","ENSG00000250046"
"4085","ENSG00000251126"
"4086","ENSG00000248152"
"4087","ENSG00000249373"
"4088","ENSG00000249304"
"4089","ENSG00000250791"
"4090","ENSG00000287845"
"4091","ENSG00000287520"
"4092","ENSG00000287290"
"4093","ENSG00000286637"
"4094","ENSG00000224932"
"4095","ENSG00000228358"
"4096","ENSG00000236922"
"4097","ENSG00000286269"
"4098","ENSG00000229565"
"4099","ENSG00000269893"
"4100","ENSG00000281731"
"4101","ENSG00000260091"
"4102","ENSG00000250950"
"4103","ENSG00000286241"
"4104","ENSG00000250772"
"4105","ENSG00000250392"
"4106","ENSG00000253825"
"4107","ENSG00000250938"
"4108","ENSG00000249409"
"4109","ENSG00000250344"
"4110","ENSG00000226757"
"4111","ENSG00000261501"
"4112","ENSG00000227145"
"4113","ENSG00000287692"
"4114","ENSG00000273007"
"4115","ENSG00000287951"
"4116","ENSG00000249125"
"4117","ENSG00000251526"
"4118","ENSG00000249464"
"4119","ENSG00000226655"
"4120","ENSG00000286700"
"4121","ENSG00000249837"
"4122","ENSG00000286734"
"4123","ENSG00000261083"
"4124","ENSG00000250149"
"4125","ENSG00000251649"
"4126","ENSG00000286251"
"4127","ENSG00000250945"
"4128","ENSG00000248491"
"4129","ENSG00000287101"
"4130","ENSG00000287021"
"4131","ENSG00000261668"
"4132","ENSG00000251432"
"4133","ENSG00000273077"
"4134","ENSG00000248187"
"4135","ENSG00000248802"
"4136","ENSG00000280711"
"4137","ENSG00000250193"
"4138","ENSG00000287748"
"4139","ENSG00000246876"
"4140","ENSG00000249618"
"4141","ENSG00000251326"
"4142","ENSG00000280059"
"4143","ENSG00000250503"
"4144","ENSG00000250102"
"4145","ENSG00000251676"
"4146","ENSG00000251555"
"4147","ENSG00000251598"
"4148","ENSG00000249463"
"4149","ENSG00000248369"
"4150","ENSG00000251398"
"4151","ENSG00000251488"
"4152","ENSG00000249513"
"4153","ENSG00000250241"
"4154","ENSG00000286467"
"4155","ENSG00000251388"
"4156","ENSG00000251199"
"4157","ENSG00000286253"
"4158","ENSG00000251291"
"4159","ENSG00000249000"
"4160","ENSG00000249847"
"4161","ENSG00000248434"
"4162","ENSG00000248456"
"4163","ENSG00000250865"
"4164","ENSG00000248330"
"4165","ENSG00000261166"
"4166","ENSG00000251567"
"4167","ENSG00000250665"
"4168","ENSG00000279749"
"4169","ENSG00000248869"
"4170","ENSG00000250341"
"4171","ENSG00000251632"
"4172","ENSG00000280352"
"4173","ENSG00000250126"
"4174","ENSG00000250777"
"4175","ENSG00000287441"
"4176","ENSG00000250034"
"4177","ENSG00000287144"
"4178","ENSG00000248307"
"4179","ENSG00000250033"
"4180","ENSG00000249091"
"4181","ENSG00000248397"
"4182","ENSG00000251372"
"4183","ENSG00000249381"
"4184","ENSG00000250977"
"4185","ENSG00000250501"
"4186","ENSG00000250195"
"4187","ENSG00000250577"
"4188","ENSG00000273247"
"4189","ENSG00000272717"
"4190","ENSG00000286896"
"4191","ENSG00000261268"
"4192","ENSG00000286320"
"4193","ENSG00000250698"
"4194","ENSG00000196951"
"4195","ENSG00000280262"
"4196","ENSG00000287449"
"4197","ENSG00000248335"
"4198","ENSG00000273472"
"4199","ENSG00000248747"
"4200","ENSG00000248810"
"4201","ENSG00000272632"
"4202","ENSG00000250141"
"4203","ENSG00000251248"
"4204","ENSG00000249806"
"4205","ENSG00000250326"
"4206","ENSG00000250969"
"4207","ENSG00000286771"
"4208","ENSG00000245112"
"4209","ENSG00000251600"
"4210","ENSG00000286055"
"4211","ENSG00000285783"
"4212","ENSG00000261129"
"4213","ENSG00000248890"
"4214","ENSG00000250406"
"4215","ENSG00000272727"
"4216","ENSG00000278943"
"4217","ENSG00000286420"
"4218","ENSG00000250582"
"4219","ENSG00000250902"
"4220","ENSG00000248356"
"4221","ENSG00000279481"
"4222","ENSG00000251687"
"4223","ENSG00000260303"
"4224","ENSG00000248809"
"4225","ENSG00000279845"
"4226","ENSG00000280250"
"4227","ENSG00000251010"
"4228","ENSG00000248764"
"4229","ENSG00000248346"
"4230","ENSG00000260090"
"4231","ENSG00000279376"
"4232","ENSG00000286371"
"4233","ENSG00000280219"
"4234","ENSG00000251688"
"4235","ENSG00000251298"
"4236","ENSG00000250354"
"4237","ENSG00000287292"
"4238","ENSG00000250357"
"4239","ENSG00000279016"
"4240","ENSG00000249317"
"4241","ENSG00000249752"
"4242","ENSG00000250252"
"4243","ENSG00000248210"
"4244","ENSG00000287565"
"4245","ENSG00000250905"
"4246","ENSG00000250704"
"4247","ENSG00000286711"
"4248","ENSG00000249690"
"4249","ENSG00000270681"
"4250","ENSG00000270265"
"4251","ENSG00000251611"
"4252","ENSG00000251455"
"4253","ENSG00000249184"
"4254","ENSG00000286761"
"4255","ENSG00000249708"
"4256","ENSG00000249818"
"4257","ENSG00000248991"
"4258","ENSG00000286066"
"4259","ENSG00000251249"
"4260","ENSG00000286720"
"4261","ENSG00000245954"
"4262","ENSG00000287504"
"4263","ENSG00000250706"
"4264","ENSG00000251377"
"4265","ENSG00000270302"
"4266","ENSG00000270883"
"4267","ENSG00000270751"
"4268","ENSG00000287555"
"4269","ENSG00000268471"
"4270","ENSG00000248571"
"4271","ENSG00000287642"
"4272","ENSG00000249022"
"4273","ENSG00000287216"
"4274","ENSG00000249309"
"4275","ENSG00000280241"
"4276","ENSG00000278981"
"4277","ENSG00000280005"
"4278","ENSG00000249041"
"4279","ENSG00000250910"
"4280","ENSG00000250538"
"4281","ENSG00000249924"
"4282","ENSG00000287730"
"4283","ENSG00000251244"
"4284","ENSG00000260244"
"4285","ENSG00000251511"
"4286","ENSG00000251283"
"4287","ENSG00000249479"
"4288","ENSG00000248912"
"4289","ENSG00000248629"
"4290","ENSG00000280284"
"4291","ENSG00000278880"
"4292","ENSG00000286133"
"4293","ENSG00000234111"
"4294","ENSG00000249275"
"4295","ENSG00000279703"
"4296","ENSG00000286862"
"4297","ENSG00000287226"
"4298","ENSG00000279994"
"4299","ENSG00000279139"
"4300","ENSG00000280140"
"4301","ENSG00000248429"
"4302","ENSG00000287822"
"4303","ENSG00000250604"
"4304","ENSG00000286558"
"4305","ENSG00000249901"
"4306","ENSG00000250180"
"4307","ENSG00000250488"
"4308","ENSG00000249425"
"4309","ENSG00000249568"
"4310","ENSG00000249419"
"4311","ENSG00000248431"
"4312","ENSG00000287072"
"4313","ENSG00000250027"
"4314","ENSG00000273449"
"4315","ENSG00000285563"
"4316","ENSG00000250887"
"4317","ENSG00000287424"
"4318","ENSG00000249500"
"4319","ENSG00000249675"
"4320","ENSG00000250150"
"4321","ENSG00000248601"
"4322","ENSG00000287188"
"4323","ENSG00000249623"
"4324","ENSG00000249609"
"4325","ENSG00000279384"
"4326","ENSG00000251445"
"4327","ENSG00000251171"
"4328","ENSG00000286302"
"4329","ENSG00000287660"
"4330","ENSG00000288003"
"4331","ENSG00000248319"
"4332","ENSG00000287298"
"4333","ENSG00000251200"
"4334","ENSG00000249955"
"4335","ENSG00000250266"
"4336","ENSG00000251061"
"4337","ENSG00000250968"
"4338","ENSG00000286580"
"4339","ENSG00000248872"
"4340","ENSG00000248339"
"4341","ENSG00000287210"
"4342","ENSG00000249297"
"4343","ENSG00000251176"
"4344","ENSG00000245213"
"4345","ENSG00000248774"
"4346","ENSG00000272870"
"4347","ENSG00000288025"
"4348","ENSG00000286226"
"4349","ENSG00000261646"
"4350","ENSG00000286039"
"4351","ENSG00000237125"
"4352","ENSG00000250708"
"4353","ENSG00000250043"
"4354","ENSG00000251216"
"4355","ENSG00000248174"
"4356","ENSG00000250957"
"4357","ENSG00000251213"
"4358","ENSG00000249875"
"4359","ENSG00000251584"
"4360","ENSG00000250431"
"4361","ENSG00000286494"
"4362","ENSG00000248551"
"4363","ENSG00000249945"
"4364","ENSG00000249106"
"4365","ENSG00000248980"
"4366","ENSG00000248388"
"4367","ENSG00000287544"
"4368","ENSG00000249458"
"4369","ENSG00000250263"
"4370","ENSG00000249008"
"4371","ENSG00000249084"
"4372","ENSG00000250131"
"4373","ENSG00000251416"
"4374","ENSG00000231171"
"4375","ENSG00000251504"
"4376","ENSG00000250993"
"4377","ENSG00000287083"
"4378","ENSG00000287775"
"4379","ENSG00000249883"
"4380","ENSG00000248197"
"4381","ENSG00000249460"
"4382","ENSG00000286860"
"4383","ENSG00000287948"
"4384","ENSG00000251336"
"4385","ENSG00000177822"
"4386","ENSG00000248266"
"4387","ENSG00000248816"
"4388","ENSG00000248694"
"4389","ENSG00000286119"
"4390","ENSG00000272646"
"4391","ENSG00000286821"
"4392","ENSG00000273180"
"4393","ENSG00000272784"
"4394","ENSG00000251359"
"4395","ENSG00000251128"
"4396","ENSG00000232648"
"4397","ENSG00000272744"
"4398","ENSG00000287349"
"4399","ENSG00000283383"
"4400","ENSG00000248206"
"4401","ENSG00000283355"
"4402","ENSG00000287433"
"4403","ENSG00000180712"
"4404","ENSG00000249096"
"4405","ENSG00000270426"
"4406","ENSG00000271646"
"4407","ENSG00000286292"
"4408","ENSG00000271538"
"4409","ENSG00000254233"
"4410","ENSG00000251139"
"4411","ENSG00000286256"
"4412","ENSG00000251230"
"4413","ENSG00000249173"
"4414","ENSG00000279460"
"4415","ENSG00000248517"
"4416","ENSG00000250754"
"4417","ENSG00000287183"
"4418","ENSG00000250410"
"4419","ENSG00000249679"
"4420","ENSG00000233110"
"4421","ENSG00000235902"
"4422","ENSG00000235149"
"4423","ENSG00000279943"
"4424","ENSG00000251165"
"4425","ENSG00000287667"
"4426","ENSG00000287169"
"4427","ENSG00000250829"
"4428","ENSG00000272218"
"4429","ENSG00000249742"
"4430","ENSG00000250971"
"4431","ENSG00000287571"
"4432","ENSG00000249747"
"4433","ENSG00000250658"
"4434","ENSG00000250042"
"4435","ENSG00000250620"
"4436","ENSG00000251490"
"4437","ENSG00000250590"
"4438","ENSG00000249642"
"4439","ENSG00000286641"
"4440","ENSG00000247130"
"4441","ENSG00000248370"
"4442","ENSG00000249378"
"4443","ENSG00000278974"
"4444","ENSG00000249269"
"4445","ENSG00000251619"
"4446","ENSG00000250626"
"4447","ENSG00000250024"
"4448","ENSG00000251310"
"4449","ENSG00000249877"
"4450","ENSG00000250739"
"4451","ENSG00000272566"
"4452","ENSG00000245685"
"4453","ENSG00000250666"
"4454","ENSG00000281591"
"4455","ENSG00000261434"
"4456","ENSG00000260774"
"4457","ENSG00000248925"
"4458","ENSG00000221990"
"4459","ENSG00000188242"
"4460","ENSG00000225138"
"4461","ENSG00000250385"
"4462","ENSG00000249650"
"4463","ENSG00000271781"
"4464","ENSG00000287600"
"4465","ENSG00000248949"
"4466","ENSG00000250173"
"4467","ENSG00000215246"
"4468","ENSG00000272347"
"4469","ENSG00000249201"
"4470","ENSG00000287486"
"4471","ENSG00000286388"
"4472","ENSG00000250584"
"4473","ENSG00000279908"
"4474","ENSG00000251532"
"4475","ENSG00000271119"
"4476","ENSG00000260066"
"4477","ENSG00000249966"
"4478","ENSG00000250417"
"4479","ENSG00000279222"
"4480","ENSG00000249116"
"4481","ENSG00000249326"
"4482","ENSG00000288108"
"4483","ENSG00000248994"
"4484","ENSG00000248597"
"4485","ENSG00000249731"
"4486","ENSG00000281560"
"4487","ENSG00000259757"
"4488","ENSG00000248137"
"4489","ENSG00000248736"
"4490","ENSG00000249808"
"4491","ENSG00000248118"
"4492","ENSG00000249830"
"4493","ENSG00000250716"
"4494","ENSG00000259603"
"4495","ENSG00000248962"
"4496","ENSG00000249994"
"4497","ENSG00000250921"
"4498","ENSG00000260763"
"4499","ENSG00000248973"
"4500","ENSG00000231291"
"4501","ENSG00000251371"
"4502","ENSG00000249521"
"4503","ENSG00000248311"
"4504","ENSG00000249941"
"4505","ENSG00000251506"
"4506","ENSG00000250481"
"4507","ENSG00000215231"
"4508","ENSG00000251426"
"4509","ENSG00000250529"
"4510","ENSG00000250579"
"4511","ENSG00000250866"
"4512","ENSG00000286753"
"4513","ENSG00000286986"
"4514","ENSG00000261037"
"4515","ENSG00000259861"
"4516","ENSG00000278913"
"4517","ENSG00000250490"
"4518","ENSG00000287031"
"4519","ENSG00000250056"
"4520","ENSG00000248677"
"4521","ENSG00000251365"
"4522","ENSG00000272071"
"4523","ENSG00000250974"
"4524","ENSG00000250060"
"4525","ENSG00000287790"
"4526","ENSG00000286254"
"4527","ENSG00000285689"
"4528","ENSG00000251678"
"4529","ENSG00000250668"
"4530","ENSG00000249638"
"4531","ENSG00000249865"
"4532","ENSG00000223597"
"4533","ENSG00000250761"
"4534","ENSG00000251168"
"4535","ENSG00000287947"
"4536","ENSG00000280338"
"4537","ENSG00000280251"
"4538","ENSG00000288002"
"4539","ENSG00000245729"
"4540","ENSG00000249159"
"4541","ENSG00000272049"
"4542","ENSG00000247516"
"4543","ENSG00000279075"
"4544","ENSG00000249782"
"4545","ENSG00000279097"
"4546","ENSG00000279264"
"4547","ENSG00000279002"
"4548","ENSG00000280373"
"4549","ENSG00000279125"
"4550","ENSG00000280438"
"4551","ENSG00000278877"
"4552","ENSG00000260981"
"4553","ENSG00000280185"
"4554","ENSG00000250198"
"4555","ENSG00000279635"
"4556","ENSG00000250619"
"4557","ENSG00000248537"
"4558","ENSG00000279698"
"4559","ENSG00000251370"
"4560","ENSG00000250001"
"4561","ENSG00000250786"
"4562","ENSG00000248525"
"4563","ENSG00000249781"
"4564","ENSG00000286556"
"4565","ENSG00000250814"
"4566","ENSG00000279011"
"4567","ENSG00000279755"
"4568","ENSG00000278874"
"4569","ENSG00000280016"
"4570","ENSG00000249807"
"4571","ENSG00000280449"
"4572","ENSG00000280368"
"4573","ENSG00000260515"
"4574","ENSG00000271998"
"4575","ENSG00000272417"
"4576","ENSG00000248968"
"4577","ENSG00000271980"
"4578","ENSG00000271715"
"4579","ENSG00000280369"
"4580","ENSG00000259802"
"4581","ENSG00000250600"
"4582","ENSG00000246016"
"4583","ENSG00000249166"
"4584","ENSG00000249396"
"4585","ENSG00000249160"
"4586","ENSG00000280017"
"4587","ENSG00000279450"
"4588","ENSG00000250106"
"4589","ENSG00000279979"
"4590","ENSG00000278865"
"4591","ENSG00000272324"
"4592","ENSG00000250576"
"4593","ENSG00000248783"
"4594","ENSG00000248131"
"4595","ENSG00000248457"
"4596","ENSG00000248145"
"4597","ENSG00000251423"
"4598","ENSG00000287581"
"4599","ENSG00000261360"
"4600","ENSG00000286970"
"4601","ENSG00000272057"
"4602","ENSG00000286441"
"4603","ENSG00000249332"
"4604","ENSG00000286377"
"4605","ENSG00000250250"
"4606","ENSG00000250981"
"4607","ENSG00000250448"
"4608","ENSG00000248150"
"4609","ENSG00000249737"
"4610","ENSG00000246214"
"4611","ENSG00000250415"
"4612","ENSG00000215196"
"4613","ENSG00000271892"
"4614","ENSG00000248223"
"4615","ENSG00000249199"
"4616","ENSG00000250822"
"4617","ENSG00000248455"
"4618","ENSG00000249937"
"4619","ENSG00000248693"
"4620","ENSG00000249174"
"4621","ENSG00000251487"
"4622","ENSG00000249854"
"4623","ENSG00000249490"
"4624","ENSG00000251629"
"4625","ENSG00000286751"
"4626","ENSG00000249359"
"4627","ENSG00000279107"
"4628","ENSG00000272130"
"4629","ENSG00000253766"
"4630","ENSG00000253104"
"4631","ENSG00000287471"
"4632","ENSG00000286961"
"4633","ENSG00000249404"
"4634","ENSG00000248874"
"4635","ENSG00000286134"
"4636","ENSG00000250694"
"4637","ENSG00000287199"
"4638","ENSG00000251294"
"4639","ENSG00000286454"
"4640","ENSG00000286238"
"4641","ENSG00000248908"
"4642","ENSG00000250524"
"4643","ENSG00000251273"
"4644","ENSG00000245662"
"4645","ENSG00000285042"
"4646","ENSG00000251654"
"4647","ENSG00000260761"
"4648","ENSG00000279671"
"4649","ENSG00000248605"
"4650","ENSG00000279531"
"4651","ENSG00000279869"
"4652","ENSG00000286625"
"4653","ENSG00000249099"
"4654","ENSG00000286204"
"4655","ENSG00000251033"
"4656","ENSG00000250337"
"4657","ENSG00000248490"
"4658","ENSG00000249785"
"4659","ENSG00000250453"
"4660","ENSG00000286432"
"4661","ENSG00000259786"
"4662","ENSG00000286182"
"4663","ENSG00000248391"
"4664","ENSG00000280305"
"4665","ENSG00000287176"
"4666","ENSG00000287940"
"4667","ENSG00000254138"
"4668","ENSG00000279923"
"4669","ENSG00000248624"
"4670","ENSG00000249114"
"4671","ENSG00000248813"
"4672","ENSG00000248378"
"4673","ENSG00000250164"
"4674","ENSG00000249688"
"4675","ENSG00000250764"
"4676","ENSG00000272086"
"4677","ENSG00000250885"
"4678","ENSG00000286741"
"4679","ENSG00000250697"
"4680","ENSG00000248279"
"4681","ENSG00000249102"
"4682","ENSG00000251281"
"4683","ENSG00000251443"
"4684","ENSG00000249572"
"4685","ENSG00000250583"
"4686","ENSG00000278900"
"4687","ENSG00000279995"
"4688","ENSG00000271771"
"4689","ENSG00000286543"
"4690","ENSG00000271874"
"4691","ENSG00000250234"
"4692","ENSG00000272323"
"4693","ENSG00000248969"
"4694","ENSG00000279737"
"4695","ENSG00000249748"
"4696","ENSG00000245711"
"4697","ENSG00000287634"
"4698","ENSG00000274441"
"4699","ENSG00000250155"
"4700","ENSG00000279400"
"4701","ENSG00000272103"
"4702","ENSG00000285967"
"4703","ENSG00000286193"
"4704","ENSG00000248587"
"4705","ENSG00000248539"
"4706","ENSG00000250032"
"4707","ENSG00000251518"
"4708","ENSG00000248533"
"4709","ENSG00000248461"
"4710","ENSG00000248730"
"4711","ENSG00000249071"
"4712","ENSG00000248572"
"4713","ENSG00000249491"
"4714","ENSG00000251257"
"4715","ENSG00000244968"
"4716","ENSG00000251189"
"4717","ENSG00000249740"
"4718","ENSG00000250629"
"4719","ENSG00000286809"
"4720","ENSG00000271334"
"4721","ENSG00000250048"
"4722","ENSG00000250585"
"4723","ENSG00000287597"
"4724","ENSG00000283286"
"4725","ENSG00000285552"
"4726","ENSG00000285616"
"4727","ENSG00000286164"
"4728","ENSG00000248668"
"4729","ENSG00000260786"
"4730","ENSG00000272234"
"4731","ENSG00000286271"
"4732","ENSG00000287263"
"4733","ENSG00000286656"
"4734","ENSG00000271788"
"4735","ENSG00000177738"
"4736","ENSG00000251131"
"4737","ENSG00000272382"
"4738","ENSG00000215068"
"4739","ENSG00000272144"
"4740","ENSG00000261604"
"4741","ENSG00000249492"
"4742","ENSG00000248554"
"4743","ENSG00000248240"
"4744","ENSG00000248092"
"4745","ENSG00000279557"
"4746","ENSG00000249276"
"4747","ENSG00000248464"
"4748","ENSG00000249203"
"4749","ENSG00000250418"
"4750","ENSG00000251141"
"4751","ENSG00000248779"
"4752","ENSG00000272335"
"4753","ENSG00000248148"
"4754","ENSG00000287540"
"4755","ENSG00000250122"
"4756","ENSG00000271752"
"4757","ENSG00000249405"
"4758","ENSG00000251601"
"4759","ENSG00000250360"
"4760","ENSG00000251573"
"4761","ENSG00000248918"
"4762","ENSG00000259663"
"4763","ENSG00000288035"
"4764","ENSG00000251125"
"4765","ENSG00000279470"
"4766","ENSG00000248789"
"4767","ENSG00000248898"
"4768","ENSG00000249899"
"4769","ENSG00000286048"
"4770","ENSG00000272123"
"4771","ENSG00000247796"
"4772","ENSG00000285831"
"4773","ENSG00000250447"
"4774","ENSG00000272416"
"4775","ENSG00000287087"
"4776","ENSG00000279638"
"4777","ENSG00000249069"
"4778","ENSG00000280159"
"4779","ENSG00000287367"
"4780","ENSG00000249016"
"4781","ENSG00000240535"
"4782","ENSG00000251376"
"4783","ENSG00000248029"
"4784","ENSG00000251307"
"4785","ENSG00000279883"
"4786","ENSG00000262211"
"4787","ENSG00000249236"
"4788","ENSG00000227908"
"4789","ENSG00000249697"
"4790","ENSG00000248727"
"4791","ENSG00000285997"
"4792","ENSG00000234553"
"4793","ENSG00000228650"
"4794","ENSG00000237705"
"4795","ENSG00000225230"
"4796","ENSG00000271828"
"4797","ENSG00000235635"
"4798","ENSG00000250961"
"4799","ENSG00000249436"
"4800","ENSG00000287709"
"4801","ENSG00000249198"
"4802","ENSG00000249584"
"4803","ENSG00000248132"
"4804","ENSG00000286853"
"4805","ENSG00000250127"
"4806","ENSG00000248475"
"4807","ENSG00000248733"
"4808","ENSG00000247345"
"4809","ENSG00000248935"
"4810","ENSG00000152931"
"4811","ENSG00000287434"
"4812","ENSG00000272308"
"4813","ENSG00000233847"
"4814","ENSG00000279985"
"4815","ENSG00000251279"
"4816","ENSG00000249279"
"4817","ENSG00000178722"
"4818","ENSG00000248529"
"4819","ENSG00000251575"
"4820","ENSG00000248199"
"4821","ENSG00000287179"
"4822","ENSG00000248285"
"4823","ENSG00000272370"
"4824","ENSG00000272354"
"4825","ENSG00000250081"
"4826","ENSG00000269961"
"4827","ENSG00000286314"
"4828","ENSG00000285999"
"4829","ENSG00000253744"
"4830","ENSG00000248846"
"4831","ENSG00000251391"
"4832","ENSG00000286062"
"4833","ENSG00000250313"
"4834","ENSG00000249057"
"4835","ENSG00000229666"
"4836","ENSG00000251206"
"4837","ENSG00000286647"
"4838","ENSG00000249364"
"4839","ENSG00000250978"
"4840","ENSG00000249736"
"4841","ENSG00000250421"
"4842","ENSG00000249894"
"4843","ENSG00000253787"
"4844","ENSG00000251044"
"4845","ENSG00000248884"
"4846","ENSG00000248359"
"4847","ENSG00000249588"
"4848","ENSG00000249335"
"4849","ENSG00000250066"
"4850","ENSG00000249352"
"4851","ENSG00000250237"
"4852","ENSG00000248664"
"4853","ENSG00000280187"
"4854","ENSG00000249295"
"4855","ENSG00000285151"
"4856","ENSG00000269983"
"4857","ENSG00000285204"
"4858","ENSG00000250387"
"4859","ENSG00000253985"
"4860","ENSG00000249981"
"4861","ENSG00000285804"
"4862","ENSG00000261269"
"4863","ENSG00000248371"
"4864","ENSG00000251613"
"4865","ENSG00000249085"
"4866","ENSG00000271926"
"4867","ENSG00000272081"
"4868","ENSG00000251599"
"4869","ENSG00000287090"
"4870","ENSG00000249743"
"4871","ENSG00000251543"
"4872","ENSG00000247993"
"4873","ENSG00000251604"
"4874","ENSG00000251324"
"4875","ENSG00000272525"
"4876","ENSG00000249293"
"4877","ENSG00000259968"
"4878","ENSG00000248474"
"4879","ENSG00000248673"
"4880","ENSG00000248942"
"4881","ENSG00000249343"
"4882","ENSG00000250446"
"4883","ENSG00000271714"
"4884","ENSG00000287701"
"4885","ENSG00000249856"
"4886","ENSG00000247372"
"4887","ENSG00000271815"
"4888","ENSG00000248881"
"4889","ENSG00000272040"
"4890","ENSG00000248127"
"4891","ENSG00000250348"
"4892","ENSG00000249713"
"4893","ENSG00000225407"
"4894","ENSG00000250615"
"4895","ENSG00000250802"
"4896","ENSG00000253572"
"4897","ENSG00000287162"
"4898","ENSG00000245556"
"4899","ENSG00000250258"
"4900","ENSG00000286818"
"4901","ENSG00000250888"
"4902","ENSG00000249825"
"4903","ENSG00000251675"
"4904","ENSG00000249042"
"4905","ENSG00000251221"
"4906","ENSG00000249655"
"4907","ENSG00000251450"
"4908","ENSG00000249772"
"4909","ENSG00000247572"
"4910","ENSG00000286721"
"4911","ENSG00000287938"
"4912","ENSG00000249483"
"4913","ENSG00000236447"
"4914","ENSG00000248192"
"4915","ENSG00000248393"
"4916","ENSG00000248870"
"4917","ENSG00000249100"
"4918","ENSG00000281327"
"4919","ENSG00000248112"
"4920","ENSG00000249857"
"4921","ENSG00000249664"
"4922","ENSG00000271862"
"4923","ENSG00000249835"
"4924","ENSG00000250320"
"4925","ENSG00000249349"
"4926","ENSG00000249792"
"4927","ENSG00000248667"
"4928","ENSG00000249023"
"4929","ENSG00000249842"
"4930","ENSG00000250874"
"4931","ENSG00000249153"
"4932","ENSG00000280009"
"4933","ENSG00000248195"
"4934","ENSG00000248363"
"4935","ENSG00000250124"
"4936","ENSG00000250544"
"4937","ENSG00000248701"
"4938","ENSG00000249061"
"4939","ENSG00000233828"
"4940","ENSG00000285190"
"4941","ENSG00000249362"
"4942","ENSG00000248708"
"4943","ENSG00000287783"
"4944","ENSG00000287862"
"4945","ENSG00000247828"
"4946","ENSG00000250156"
"4947","ENSG00000271904"
"4948","ENSG00000245526"
"4949","ENSG00000245864"
"4950","ENSG00000250377"
"4951","ENSG00000250555"
"4952","ENSG00000248309"
"4953","ENSG00000250831"
"4954","ENSG00000250437"
"4955","ENSG00000214942"
"4956","ENSG00000248555"
"4957","ENSG00000253321"
"4958","ENSG00000260871"
"4959","ENSG00000255647"
"4960","ENSG00000248323"
"4961","ENSG00000285618"
"4962","ENSG00000212930"
"4963","ENSG00000251093"
"4964","ENSG00000234292"
"4965","ENSG00000286638"
"4966","ENSG00000241059"
"4967","ENSG00000281357"
"4968","ENSG00000286121"
"4969","ENSG00000250049"
"4970","ENSG00000249776"
"4971","ENSG00000249169"
"4972","ENSG00000249984"
"4973","ENSG00000248588"
"4974","ENSG00000248528"
"4975","ENSG00000251361"
"4976","ENSG00000286509"
"4977","ENSG00000237187"
"4978","ENSG00000278905"
"4979","ENSG00000287180"
"4980","ENSG00000272406"
"4981","ENSG00000287447"
"4982","ENSG00000251023"
"4983","ENSG00000286577"
"4984","ENSG00000270133"
"4985","ENSG00000249175"
"4986","ENSG00000249545"
"4987","ENSG00000250240"
"4988","ENSG00000251409"
"4989","ENSG00000236882"
"4990","ENSG00000272021"
"4991","ENSG00000250362"
"4992","ENSG00000251314"
"4993","ENSG00000250955"
"4994","ENSG00000250551"
"4995","ENSG00000249746"
"4996","ENSG00000250158"
"4997","ENSG00000249180"
"4998","ENSG00000248734"
"4999","ENSG00000272109"
"5000","ENSG00000247121"
"5001","ENSG00000251513"
"5002","ENSG00000286828"
"5003","ENSG00000248758"
"5004","ENSG00000251054"
"5005","ENSG00000250331"
"5006","ENSG00000286953"
"5007","ENSG00000248202"
"5008","ENSG00000248901"
"5009","ENSG00000246763"
"5010","ENSG00000279232"
"5011","ENSG00000248489"
"5012","ENSG00000249515"
"5013","ENSG00000249787"
"5014","ENSG00000247877"
"5015","ENSG00000250806"
"5016","ENSG00000248261"
"5017","ENSG00000249017"
"5018","ENSG00000250958"
"5019","ENSG00000250682"
"5020","ENSG00000247402"
"5021","ENSG00000286338"
"5022","ENSG00000248203"
"5023","ENSG00000250567"
"5024","ENSG00000248757"
"5025","ENSG00000283462"
"5026","ENSG00000251026"
"5027","ENSG00000251574"
"5028","ENSG00000278958"
"5029","ENSG00000253776"
"5030","ENSG00000253584"
"5031","ENSG00000251027"
"5032","ENSG00000249959"
"5033","ENSG00000286503"
"5034","ENSG00000272523"
"5035","ENSG00000250383"
"5036","ENSG00000286882"
"5037","ENSG00000249476"
"5038","ENSG00000251367"
"5039","ENSG00000248876"
"5040","ENSG00000248440"
"5041","ENSG00000271849"
"5042","ENSG00000254106"
"5043","ENSG00000248428"
"5044","ENSG00000253613"
"5045","ENSG00000249318"
"5046","ENSG00000248268"
"5047","ENSG00000246859"
"5048","ENSG00000250095"
"5049","ENSG00000224032"
"5050","ENSG00000250882"
"5051","ENSG00000251187"
"5052","ENSG00000251076"
"5053","ENSG00000278921"
"5054","ENSG00000250358"
"5055","ENSG00000232633"
"5056","ENSG00000286839"
"5057","ENSG00000246316"
"5058","ENSG00000251542"
"5059","ENSG00000251132"
"5060","ENSG00000250242"
"5061","ENSG00000250472"
"5062","ENSG00000249791"
"5063","ENSG00000271797"
"5064","ENSG00000249249"
"5065","ENSG00000249021"
"5066","ENSG00000248709"
"5067","ENSG00000287148"
"5068","ENSG00000272265"
"5069","ENSG00000271918"
"5070","ENSG00000250015"
"5071","ENSG00000248445"
"5072","ENSG00000249167"
"5073","ENSG00000251311"
"5074","ENSG00000249150"
"5075","ENSG00000250949"
"5076","ENSG00000285809"
"5077","ENSG00000248663"
"5078","ENSG00000249797"
"5079","ENSG00000250891"
"5080","ENSG00000250427"
"5081","ENSG00000249551"
"5082","ENSG00000286745"
"5083","ENSG00000249128"
"5084","ENSG00000249426"
"5085","ENSG00000249494"
"5086","ENSG00000251293"
"5087","ENSG00000261036"
"5088","ENSG00000248927"
"5089","ENSG00000229855"
"5090","ENSG00000279860"
"5091","ENSG00000247311"
"5092","ENSG00000249610"
"5093","ENSG00000272139"
"5094","ENSG00000249621"
"5095","ENSG00000249916"
"5096","ENSG00000250328"
"5097","ENSG00000251538"
"5098","ENSG00000260686"
"5099","ENSG00000249996"
"5100","ENSG00000223652"
"5101","ENSG00000279772"
"5102","ENSG00000253807"
"5103","ENSG00000251421"
"5104","ENSG00000248600"
"5105","ENSG00000251214"
"5106","ENSG00000250438"
"5107","ENSG00000248296"
"5108","ENSG00000249112"
"5109","ENSG00000251456"
"5110","ENSG00000260192"
"5111","ENSG00000248443"
"5112","ENSG00000249261"
"5113","ENSG00000288008"
"5114","ENSG00000248752"
"5115","ENSG00000250402"
"5116","ENSG00000286111"
"5117","ENSG00000248107"
"5118","ENSG00000250602"
"5119","ENSG00000279118"
"5120","ENSG00000251072"
"5121","ENSG00000279446"
"5122","ENSG00000283897"
"5123","ENSG00000286615"
"5124","ENSG00000271766"
"5125","ENSG00000282925"
"5126","ENSG00000248799"
"5127","ENSG00000250603"
"5128","ENSG00000245937"
"5129","ENSG00000248634"
"5130","ENSG00000286274"
"5131","ENSG00000249421"
"5132","ENSG00000251680"
"5133","ENSG00000287390"
"5134","ENSG00000279370"
"5135","ENSG00000279584"
"5136","ENSG00000234758"
"5137","ENSG00000223548"
"5138","ENSG00000231585"
"5139","ENSG00000224015"
"5140","ENSG00000237714"
"5141","ENSG00000233006"
"5142","ENSG00000197536"
"5143","ENSG00000238160"
"5144","ENSG00000234290"
"5145","ENSG00000223442"
"5146","ENSG00000230612"
"5147","ENSG00000272203"
"5148","ENSG00000272023"
"5149","ENSG00000287054"
"5150","ENSG00000286408"
"5151","ENSG00000279691"
"5152","ENSG00000251616"
"5153","ENSG00000248245"
"5154","ENSG00000249478"
"5155","ENSG00000250244"
"5156","ENSG00000250409"
"5157","ENSG00000280104"
"5158","ENSG00000279197"
"5159","ENSG00000249073"
"5160","ENSG00000271737"
"5161","ENSG00000273345"
"5162","ENSG00000270177"
"5163","ENSG00000279469"
"5164","ENSG00000248559"
"5165","ENSG00000250564"
"5166","ENSG00000250994"
"5167","ENSG00000251169"
"5168","ENSG00000280420"
"5169","ENSG00000279799"
"5170","ENSG00000224186"
"5171","ENSG00000277619"
"5172","ENSG00000249082"
"5173","ENSG00000248753"
"5174","ENSG00000248482"
"5175","ENSG00000249647"
"5176","ENSG00000270021"
"5177","ENSG00000249639"
"5178","ENSG00000250167"
"5179","ENSG00000251045"
"5180","ENSG00000250378"
"5181","ENSG00000254239"
"5182","ENSG00000253927"
"5183","ENSG00000164621"
"5184","ENSG00000248211"
"5185","ENSG00000250947"
"5186","ENSG00000279240"
"5187","ENSG00000249803"
"5188","ENSG00000250284"
"5189","ENSG00000270697"
"5190","ENSG00000250159"
"5191","ENSG00000246323"
"5192","ENSG00000250260"
"5193","ENSG00000249971"
"5194","ENSG00000253404"
"5195","ENSG00000249593"
"5196","ENSG00000281398"
"5197","ENSG00000272742"
"5198","ENSG00000286403"
"5199","ENSG00000272255"
"5200","ENSG00000250635"
"5201","ENSG00000249526"
"5202","ENSG00000249131"
"5203","ENSG00000251387"
"5204","ENSG00000271792"
"5205","ENSG00000250692"
"5206","ENSG00000245146"
"5207","ENSG00000254363"
"5208","ENSG00000250069"
"5209","ENSG00000253965"
"5210","ENSG00000249637"
"5211","ENSG00000283155"
"5212","ENSG00000279726"
"5213","ENSG00000278907"
"5214","ENSG00000278946"
"5215","ENSG00000278915"
"5216","ENSG00000278901"
"5217","ENSG00000279028"
"5218","ENSG00000279047"
"5219","ENSG00000279558"
"5220","ENSG00000272154"
"5221","ENSG00000272108"
"5222","ENSG00000280029"
"5223","ENSG00000280336"
"5224","ENSG00000279472"
"5225","ENSG00000279068"
"5226","ENSG00000278936"
"5227","ENSG00000279375"
"5228","ENSG00000288095"
"5229","ENSG00000272070"
"5230","ENSG00000280026"
"5231","ENSG00000279855"
"5232","ENSG00000273557"
"5233","ENSG00000246422"
"5234","ENSG00000228737"
"5235","ENSG00000286736"
"5236","ENSG00000287527"
"5237","ENSG00000278925"
"5238","ENSG00000287726"
"5239","ENSG00000271871"
"5240","ENSG00000254099"
"5241","ENSG00000280047"
"5242","ENSG00000231185"
"5243","ENSG00000261757"
"5244","ENSG00000236714"
"5245","ENSG00000287203"
"5246","ENSG00000226272"
"5247","ENSG00000285366"
"5248","ENSG00000230789"
"5249","ENSG00000279679"
"5250","ENSG00000279130"
"5251","ENSG00000249429"
"5252","ENSG00000251205"
"5253","ENSG00000249881"
"5254","ENSG00000249605"
"5255","ENSG00000285605"
"5256","ENSG00000251031"
"5257","ENSG00000250842"
"5258","ENSG00000248125"
"5259","ENSG00000251556"
"5260","ENSG00000250025"
"5261","ENSG00000271724"
"5262","ENSG00000248842"
"5263","ENSG00000250407"
"5264","ENSG00000249553"
"5265","ENSG00000286468"
"5266","ENSG00000250343"
"5267","ENSG00000272239"
"5268","ENSG00000280780"
"5269","ENSG00000287630"
"5270","ENSG00000248362"
"5271","ENSG00000251320"
"5272","ENSG00000247199"
"5273","ENSG00000251330"
"5274","ENSG00000253297"
"5275","ENSG00000272411"
"5276","ENSG00000250072"
"5277","ENSG00000248647"
"5278","ENSG00000253406"
"5279","ENSG00000285736"
"5280","ENSG00000253618"
"5281","ENSG00000253865"
"5282","ENSG00000249669"
"5283","ENSG00000275871"
"5284","ENSG00000230551"
"5285","ENSG00000287323"
"5286","ENSG00000286331"
"5287","ENSG00000254333"
"5288","ENSG00000253852"
"5289","ENSG00000286657"
"5290","ENSG00000250309"
"5291","ENSG00000254298"
"5292","ENSG00000271795"
"5293","ENSG00000288081"
"5294","ENSG00000260581"
"5295","ENSG00000249035"
"5296","ENSG00000272112"
"5297","ENSG00000253921"
"5298","ENSG00000275765"
"5299","ENSG00000254226"
"5300","ENSG00000286749"
"5301","ENSG00000249484"
"5302","ENSG00000251183"
"5303","ENSG00000261382"
"5304","ENSG00000245275"
"5305","ENSG00000287695"
"5306","ENSG00000254293"
"5307","ENSG00000287963"
"5308","ENSG00000286690"
"5309","ENSG00000254163"
"5310","ENSG00000254246"
"5311","ENSG00000253980"
"5312","ENSG00000253653"
"5313","ENSG00000251405"
"5314","ENSG00000248544"
"5315","ENSG00000253519"
"5316","ENSG00000253792"
"5317","ENSG00000253673"
"5318","ENSG00000253449"
"5319","ENSG00000253424"
"5320","ENSG00000253134"
"5321","ENSG00000276778"
"5322","ENSG00000254350"
"5323","ENSG00000272085"
"5324","ENSG00000254135"
"5325","ENSG00000253811"
"5326","ENSG00000253456"
"5327","ENSG00000245812"
"5328","ENSG00000279204"
"5329","ENSG00000253256"
"5330","ENSG00000253315"
"5331","ENSG00000249738"
"5332","ENSG00000253298"
"5333","ENSG00000283413"
"5334","ENSG00000253311"
"5335","ENSG00000247699"
"5336","ENSG00000253522"
"5337","ENSG00000253687"
"5338","ENSG00000254391"
"5339","ENSG00000253417"
"5340","ENSG00000253403"
"5341","ENSG00000280776"
"5342","ENSG00000254186"
"5343","ENSG00000251018"
"5344","ENSG00000285590"
"5345","ENSG00000253331"
"5346","ENSG00000253538"
"5347","ENSG00000241956"
"5348","ENSG00000253236"
"5349","ENSG00000285549"
"5350","ENSG00000254066"
"5351","ENSG00000253693"
"5352","ENSG00000254171"
"5353","ENSG00000254130"
"5354","ENSG00000253713"
"5355","ENSG00000253469"
"5356","ENSG00000254365"
"5357","ENSG00000254297"
"5358","ENSG00000253527"
"5359","ENSG00000254187"
"5360","ENSG00000253357"
"5361","ENSG00000253660"
"5362","ENSG00000253947"
"5363","ENSG00000253925"
"5364","ENSG00000279739"
"5365","ENSG00000253978"
"5366","ENSG00000254192"
"5367","ENSG00000254042"
"5368","ENSG00000248965"
"5369","ENSG00000279752"
"5370","ENSG00000248222"
"5371","ENSG00000253269"
"5372","ENSG00000249601"
"5373","ENSG00000235172"
"5374","ENSG00000250274"
"5375","ENSG00000253647"
"5376","ENSG00000253858"
"5377","ENSG00000253591"
"5378","ENSG00000253348"
"5379","ENSG00000275038"
"5380","ENSG00000285914"
"5381","ENSG00000253110"
"5382","ENSG00000287814"
"5383","ENSG00000254299"
"5384","ENSG00000280318"
"5385","ENSG00000253445"
"5386","ENSG00000253295"
"5387","ENSG00000253736"
"5388","ENSG00000253628"
"5389","ENSG00000204758"
"5390","ENSG00000254295"
"5391","ENSG00000253172"
"5392","ENSG00000253968"
"5393","ENSG00000253141"
"5394","ENSG00000253768"
"5395","ENSG00000254164"
"5396","ENSG00000253955"
"5397","ENSG00000253959"
"5398","ENSG00000253428"
"5399","ENSG00000253686"
"5400","ENSG00000287003"
"5401","ENSG00000254211"
"5402","ENSG00000253244"
"5403","ENSG00000253447"
"5404","ENSG00000254011"
"5405","ENSG00000249722"
"5406","ENSG00000249306"
"5407","ENSG00000250256"
"5408","ENSG00000251670"
"5409","ENSG00000251144"
"5410","ENSG00000204754"
"5411","ENSG00000249403"
"5412","ENSG00000286350"
"5413","ENSG00000280068"
"5414","ENSG00000250820"
"5415","ENSG00000250801"
"5416","ENSG00000250992"
"5417","ENSG00000248469"
"5418","ENSG00000251458"
"5419","ENSG00000248596"
"5420","ENSG00000287579"
"5421","ENSG00000283235"
"5422","ENSG00000250909"
"5423","ENSG00000251414"
"5424","ENSG00000280139"
"5425","ENSG00000248484"
"5426","ENSG00000251446"
"5427","ENSG00000248859"
"5428","ENSG00000251666"
"5429","ENSG00000286634"
"5430","ENSG00000246334"
"5431","ENSG00000279821"
"5432","ENSG00000248996"
"5433","ENSG00000272459"
"5434","ENSG00000247679"
"5435","ENSG00000249849"
"5436","ENSG00000249109"
"5437","ENSG00000248943"
"5438","ENSG00000249186"
"5439","ENSG00000250101"
"5440","ENSG00000249684"
"5441","ENSG00000280207"
"5442","ENSG00000204677"
"5443","ENSG00000253698"
"5444","ENSG00000245688"
"5445","ENSG00000286713"
"5446","ENSG00000272431"
"5447","ENSG00000254035"
"5448","ENSG00000253979"
"5449","ENSG00000253163"
"5450","ENSG00000250674"
"5451","ENSG00000253652"
"5452","ENSG00000244945"
"5453","ENSG00000204661"
"5454","ENSG00000250999"
"5455","ENSG00000245317"
"5456","ENSG00000249412"
"5457","ENSG00000285865"
"5458","ENSG00000278965"
"5459","ENSG00000248367"
"5460","ENSG00000250509"
"5461","ENSG00000248717"
"5462","ENSG00000280161"
"5463","ENSG00000278970"
"5464","ENSG00000245060"
"5465","ENSG00000286128"
"5466","ENSG00000248473"
"5467","ENSG00000250222"
"5468","ENSG00000250900"
"5469","ENSG00000248514"
"5470","ENSG00000286644"
"5471","ENSG00000247049"
"5472","ENSG00000233937"
"5473","ENSG00000248275"
"5474","ENSG00000286310"
"5475","ENSG00000248103"
"5476","ENSG00000238035"
"5477","ENSG00000250765"
"5478","ENSG00000263667"
"5479","ENSG00000285578"
"5480","ENSG00000205653"
"5481","ENSG00000287265"
"5482","ENSG00000286364"
"5483","ENSG00000230433"
"5484","ENSG00000271727"
"5485","ENSG00000272463"
"5486","ENSG00000287293"
"5487","ENSG00000271911"
"5488","ENSG00000272485"
"5489","ENSG00000276687"
"5490","ENSG00000286785"
"5491","ENSG00000270937"
"5492","ENSG00000176515"
"5493","ENSG00000286324"
"5494","ENSG00000281809"
"5495","ENSG00000261730"
"5496","ENSG00000272279"
"5497","ENSG00000280916"
"5498","ENSG00000285603"
"5499","ENSG00000250903"
"5500","ENSG00000286512"
"5501","ENSG00000272465"
"5502","ENSG00000287903"
"5503","ENSG00000280423"
"5504","ENSG00000228718"
"5505","ENSG00000164385"
"5506","ENSG00000230438"
"5507","ENSG00000228365"
"5508","ENSG00000244041"
"5509","ENSG00000224846"
"5510","ENSG00000229282"
"5511","ENSG00000272277"
"5512","ENSG00000228170"
"5513","ENSG00000230269"
"5514","ENSG00000272320"
"5515","ENSG00000228793"
"5516","ENSG00000270504"
"5517","ENSG00000238158"
"5518","ENSG00000233068"
"5519","ENSG00000260604"
"5520","ENSG00000279926"
"5521","ENSG00000272248"
"5522","ENSG00000230648"
"5523","ENSG00000254821"
"5524","ENSG00000234817"
"5525","ENSG00000237716"
"5526","ENSG00000285424"
"5527","ENSG00000231811"
"5528","ENSG00000287761"
"5529","ENSG00000285694"
"5530","ENSG00000260239"
"5531","ENSG00000260673"
"5532","ENSG00000205444"
"5533","ENSG00000284823"
"5534","ENSG00000236336"
"5535","ENSG00000272142"
"5536","ENSG00000271978"
"5537","ENSG00000269985"
"5538","ENSG00000270174"
"5539","ENSG00000233064"
"5540","ENSG00000216863"
"5541","ENSG00000285717"
"5542","ENSG00000261211"
"5543","ENSG00000279368"
"5544","ENSG00000226281"
"5545","ENSG00000287497"
"5546","ENSG00000288046"
"5547","ENSG00000224532"
"5548","ENSG00000223342"
"5549","ENSG00000203498"
"5550","ENSG00000225092"
"5551","ENSG00000285771"
"5552","ENSG00000238221"
"5553","ENSG00000261189"
"5554","ENSG00000232234"
"5555","ENSG00000285216"
"5556","ENSG00000234763"
"5557","ENSG00000285219"
"5558","ENSG00000225775"
"5559","ENSG00000285278"
"5560","ENSG00000229950"
"5561","ENSG00000228478"
"5562","ENSG00000285759"
"5563","ENSG00000183674"
"5564","ENSG00000229401"
"5565","ENSG00000231056"
"5566","ENSG00000237685"
"5567","ENSG00000285763"
"5568","ENSG00000272097"
"5569","ENSG00000235051"
"5570","ENSG00000230314"
"5571","ENSG00000247925"
"5572","ENSG00000287920"
"5573","ENSG00000242753"
"5574","ENSG00000233656"
"5575","ENSG00000271897"
"5576","ENSG00000287593"
"5577","ENSG00000234427"
"5578","ENSG00000225102"
"5579","ENSG00000229896"
"5580","ENSG00000234015"
"5581","ENSG00000215022"
"5582","ENSG00000272379"
"5583","ENSG00000237786"
"5584","ENSG00000261071"
"5585","ENSG00000286316"
"5586","ENSG00000272209"
"5587","ENSG00000233981"
"5588","ENSG00000285639"
"5589","ENSG00000286281"
"5590","ENSG00000230631"
"5591","ENSG00000226673"
"5592","ENSG00000237346"
"5593","ENSG00000234540"
"5594","ENSG00000286277"
"5595","ENSG00000229646"
"5596","ENSG00000234261"
"5597","ENSG00000271888"
"5598","ENSG00000235488"
"5599","ENSG00000287626"
"5600","ENSG00000232947"
"5601","ENSG00000282024"
"5602","ENSG00000229931"
"5603","ENSG00000272341"
"5604","ENSG00000287347"
"5605","ENSG00000286631"
"5606","ENSG00000287359"
"5607","ENSG00000287559"
"5608","ENSG00000286885"
"5609","ENSG00000272269"
"5610","ENSG00000283408"
"5611","ENSG00000231662"
"5612","ENSG00000228412"
"5613","ENSG00000287138"
"5614","ENSG00000227803"
"5615","ENSG00000287614"
"5616","ENSG00000286590"
"5617","ENSG00000287483"
"5618","ENSG00000224707"
"5619","ENSG00000233848"
"5620","ENSG00000287404"
"5621","ENSG00000227089"
"5622","ENSG00000286368"
"5623","ENSG00000280989"
"5624","ENSG00000231754"
"5625","ENSG00000283480"
"5626","ENSG00000272168"
"5627","ENSG00000280443"
"5628","ENSG00000260455"
"5629","ENSG00000228772"
"5630","ENSG00000286954"
"5631","ENSG00000233358"
"5632","ENSG00000235743"
"5633","ENSG00000272345"
"5634","ENSG00000272402"
"5635","ENSG00000224164"
"5636","ENSG00000286633"
"5637","ENSG00000229313"
"5638","ENSG00000223623"
"5639","ENSG00000285801"
"5640","ENSG00000286933"
"5641","ENSG00000272558"
"5642","ENSG00000272462"
"5643","ENSG00000272810"
"5644","ENSG00000283064"
"5645","ENSG00000287050"
"5646","ENSG00000228223"
"5647","ENSG00000284607"
"5648","ENSG00000275846"
"5649","ENSG00000285571"
"5650","ENSG00000261584"
"5651","ENSG00000224843"
"5652","ENSG00000272312"
"5653","ENSG00000287966"
"5654","ENSG00000272468"
"5655","ENSG00000271755"
"5656","ENSG00000285849"
"5657","ENSG00000286652"
"5658","ENSG00000285703"
"5659","ENSG00000287674"
"5660","ENSG00000281706"
"5661","ENSG00000287252"
"5662","ENSG00000269293"
"5663","ENSG00000272009"
"5664","ENSG00000261839"
"5665","ENSG00000280107"
"5666","ENSG00000287804"
"5667","ENSG00000286819"
"5668","ENSG00000246350"
"5669","ENSG00000287279"
"5670","ENSG00000235570"
"5671","ENSG00000225173"
"5672","ENSG00000225595"
"5673","ENSG00000224157"
"5674","ENSG00000204709"
"5675","ENSG00000227214"
"5676","ENSG00000244349"
"5677","ENSG00000277661"
"5678","ENSG00000227206"
"5679","ENSG00000284656"
"5680","ENSG00000229274"
"5681","ENSG00000224582"
"5682","ENSG00000214922"
"5683","ENSG00000272236"
"5684","ENSG00000285761"
"5685","ENSG00000281831"
"5686","ENSG00000204625"
"5687","ENSG00000231226"
"5688","ENSG00000270604"
"5689","ENSG00000280128"
"5690","ENSG00000231074"
"5691","ENSG00000286301"
"5692","ENSG00000235781"
"5693","ENSG00000224328"
"5694","ENSG00000272540"
"5695","ENSG00000272273"
"5696","ENSG00000228022"
"5697","ENSG00000214894"
"5698","ENSG00000237923"
"5699","ENSG00000237775"
"5700","ENSG00000288473"
"5701","ENSG00000233529"
"5702","ENSG00000228789"
"5703","ENSG00000204528"
"5704","ENSG00000272501"
"5705","ENSG00000206344"
"5706","ENSG00000271821"
"5707","ENSG00000256166"
"5708","ENSG00000285647"
"5709","ENSG00000272221"
"5710","ENSG00000206337"
"5711","ENSG00000230174"
"5712","ENSG00000286940"
"5713","ENSG00000234006"
"5714","ENSG00000227198"
"5715","ENSG00000235663"
"5716","ENSG00000285565"
"5717","ENSG00000204387"
"5718","ENSG00000237080"
"5719","ENSG00000281756"
"5720","ENSG00000233627"
"5721","ENSG00000229776"
"5722","ENSG00000284829"
"5723","ENSG00000286974"
"5724","ENSG00000284954"
"5725","ENSG00000273333"
"5726","ENSG00000225914"
"5727","ENSG00000223534"
"5728","ENSG00000232080"
"5729","ENSG00000204261"
"5730","ENSG00000223837"
"5731","ENSG00000263756"
"5732","ENSG00000230313"
"5733","ENSG00000272217"
"5734","ENSG00000232940"
"5735","ENSG00000274259"
"5736","ENSG00000197251"
"5737","ENSG00000287089"
"5738","ENSG00000249346"
"5739","ENSG00000233183"
"5740","ENSG00000225339"
"5741","ENSG00000272288"
"5742","ENSG00000286550"
"5743","ENSG00000272374"
"5744","ENSG00000228559"
"5745","ENSG00000287458"
"5746","ENSG00000232909"
"5747","ENSG00000246982"
"5748","ENSG00000224666"
"5749","ENSG00000281450"
"5750","ENSG00000285244"
"5751","ENSG00000285888"
"5752","ENSG00000287891"
"5753","ENSG00000232598"
"5754","ENSG00000286672"
"5755","ENSG00000204110"
"5756","ENSG00000227920"
"5757","ENSG00000279942"
"5758","ENSG00000225945"
"5759","ENSG00000226533"
"5760","ENSG00000236355"
"5761","ENSG00000231150"
"5762","ENSG00000281969"
"5763","ENSG00000235033"
"5764","ENSG00000227131"
"5765","ENSG00000204091"
"5766","ENSG00000204092"
"5767","ENSG00000226070"
"5768","ENSG00000236075"
"5769","ENSG00000226454"
"5770","ENSG00000237947"
"5771","ENSG00000287678"
"5772","ENSG00000279284"
"5773","ENSG00000280371"
"5774","ENSG00000234753"
"5775","ENSG00000226917"
"5776","ENSG00000231102"
"5777","ENSG00000269387"
"5778","ENSG00000268745"
"5779","ENSG00000227516"
"5780","ENSG00000223946"
"5781","ENSG00000261068"
"5782","ENSG00000288010"
"5783","ENSG00000287825"
"5784","ENSG00000231113"
"5785","ENSG00000272223"
"5786","ENSG00000272170"
"5787","ENSG00000245261"
"5788","ENSG00000287055"
"5789","ENSG00000287266"
"5790","ENSG00000271754"
"5791","ENSG00000203362"
"5792","ENSG00000236961"
"5793","ENSG00000272114"
"5794","ENSG00000283573"
"5795","ENSG00000283215"
"5796","ENSG00000223469"
"5797","ENSG00000237686"
"5798","ENSG00000231881"
"5799","ENSG00000287562"
"5800","ENSG00000237530"
"5801","ENSG00000279076"
"5802","ENSG00000286417"
"5803","ENSG00000271857"
"5804","ENSG00000261080"
"5805","ENSG00000231769"
"5806","ENSG00000236466"
"5807","ENSG00000242973"
"5808","ENSG00000236164"
"5809","ENSG00000225730"
"5810","ENSG00000287485"
"5811","ENSG00000270761"
"5812","ENSG00000226594"
"5813","ENSG00000286811"
"5814","ENSG00000287137"
"5815","ENSG00000235122"
"5816","ENSG00000279127"
"5817","ENSG00000226707"
"5818","ENSG00000226733"
"5819","ENSG00000286405"
"5820","ENSG00000233470"
"5821","ENSG00000230472"
"5822","ENSG00000228689"
"5823","ENSG00000225613"
"5824","ENSG00000225791"
"5825","ENSG00000261745"
"5826","ENSG00000271367"
"5827","ENSG00000249379"
"5828","ENSG00000231683"
"5829","ENSG00000235899"
"5830","ENSG00000227885"
"5831","ENSG00000271218"
"5832","ENSG00000236740"
"5833","ENSG00000235050"
"5834","ENSG00000236996"
"5835","ENSG00000287745"
"5836","ENSG00000228231"
"5837","ENSG00000224984"
"5838","ENSG00000261116"
"5839","ENSG00000227602"
"5840","ENSG00000231441"
"5841","ENSG00000226803"
"5842","ENSG00000266579"
"5843","ENSG00000272541"
"5844","ENSG00000286723"
"5845","ENSG00000271761"
"5846","ENSG00000272316"
"5847","ENSG00000283352"
"5848","ENSG00000225096"
"5849","ENSG00000275773"
"5850","ENSG00000287598"
"5851","ENSG00000250686"
"5852","ENSG00000287679"
"5853","ENSG00000266680"
"5854","ENSG00000236345"
"5855","ENSG00000232120"
"5856","ENSG00000227706"
"5857","ENSG00000286680"
"5858","ENSG00000287557"
"5859","ENSG00000285838"
"5860","ENSG00000223504"
"5861","ENSG00000286564"
"5862","ENSG00000226497"
"5863","ENSG00000288088"
"5864","ENSG00000230910"
"5865","ENSG00000253809"
"5866","ENSG00000287300"
"5867","ENSG00000237643"
"5868","ENSG00000224349"
"5869","ENSG00000271967"
"5870","ENSG00000287939"
"5871","ENSG00000232295"
"5872","ENSG00000287380"
"5873","ENSG00000269966"
"5874","ENSG00000230597"
"5875","ENSG00000233237"
"5876","ENSG00000279289"
"5877","ENSG00000223765"
"5878","ENSG00000285963"
"5879","ENSG00000285844"
"5880","ENSG00000233844"
"5881","ENSG00000229154"
"5882","ENSG00000229852"
"5883","ENSG00000231332"
"5884","ENSG00000223821"
"5885","ENSG00000229862"
"5886","ENSG00000231652"
"5887","ENSG00000279790"
"5888","ENSG00000223786"
"5889","ENSG00000272243"
"5890","ENSG00000224583"
"5891","ENSG00000225793"
"5892","ENSG00000237174"
"5893","ENSG00000238156"
"5894","ENSG00000236635"
"5895","ENSG00000280511"
"5896","ENSG00000271945"
"5897","ENSG00000230309"
"5898","ENSG00000229495"
"5899","ENSG00000286340"
"5900","ENSG00000270362"
"5901","ENSG00000286042"
"5902","ENSG00000231533"
"5903","ENSG00000287811"
"5904","ENSG00000272137"
"5905","ENSG00000279659"
"5906","ENSG00000235357"
"5907","ENSG00000285586"
"5908","ENSG00000233835"
"5909","ENSG00000287816"
"5910","ENSG00000288071"
"5911","ENSG00000272129"
"5912","ENSG00000279022"
"5913","ENSG00000233967"
"5914","ENSG00000260645"
"5915","ENSG00000226089"
"5916","ENSG00000277797"
"5917","ENSG00000232031"
"5918","ENSG00000224995"
"5919","ENSG00000226453"
"5920","ENSG00000260574"
"5921","ENSG00000286875"
"5922","ENSG00000227215"
"5923","ENSG00000237874"
"5924","ENSG00000287705"
"5925","ENSG00000228679"
"5926","ENSG00000230852"
"5927","ENSG00000231776"
"5928","ENSG00000228290"
"5929","ENSG00000287294"
"5930","ENSG00000234155"
"5931","ENSG00000280232"
"5932","ENSG00000203875"
"5933","ENSG00000288021"
"5934","ENSG00000272008"
"5935","ENSG00000279616"
"5936","ENSG00000286278"
"5937","ENSG00000279565"
"5938","ENSG00000234426"
"5939","ENSG00000286871"
"5940","ENSG00000280277"
"5941","ENSG00000271931"
"5942","ENSG00000288009"
"5943","ENSG00000237027"
"5944","ENSG00000228124"
"5945","ENSG00000226455"
"5946","ENSG00000287789"
"5947","ENSG00000260271"
"5948","ENSG00000224605"
"5949","ENSG00000224944"
"5950","ENSG00000285961"
"5951","ENSG00000261038"
"5952","ENSG00000288101"
"5953","ENSG00000220908"
"5954","ENSG00000235099"
"5955","ENSG00000287683"
"5956","ENSG00000288085"
"5957","ENSG00000280451"
"5958","ENSG00000229600"
"5959","ENSG00000231143"
"5960","ENSG00000279403"
"5961","ENSG00000261366"
"5962","ENSG00000287578"
"5963","ENSG00000233797"
"5964","ENSG00000224384"
"5965","ENSG00000271860"
"5966","ENSG00000226207"
"5967","ENSG00000236920"
"5968","ENSG00000283010"
"5969","ENSG00000228506"
"5970","ENSG00000229315"
"5971","ENSG00000228082"
"5972","ENSG00000260000"
"5973","ENSG00000287397"
"5974","ENSG00000287499"
"5975","ENSG00000288084"
"5976","ENSG00000287616"
"5977","ENSG00000227535"
"5978","ENSG00000203809"
"5979","ENSG00000203808"
"5980","ENSG00000231628"
"5981","ENSG00000286084"
"5982","ENSG00000237567"
"5983","ENSG00000284999"
"5984","ENSG00000269919"
"5985","ENSG00000233941"
"5986","ENSG00000282408"
"5987","ENSG00000229654"
"5988","ENSG00000235142"
"5989","ENSG00000234206"
"5990","ENSG00000280135"
"5991","ENSG00000272476"
"5992","ENSG00000271734"
"5993","ENSG00000225174"
"5994","ENSG00000279398"
"5995","ENSG00000286562"
"5996","ENSG00000230248"
"5997","ENSG00000279498"
"5998","ENSG00000287044"
"5999","ENSG00000203801"
"6000","ENSG00000286511"
"6001","ENSG00000230290"
"6002","ENSG00000271730"
"6003","ENSG00000260273"
"6004","ENSG00000223537"
"6005","ENSG00000232311"
"6006","ENSG00000286691"
"6007","ENSG00000287268"
"6008","ENSG00000260188"
"6009","ENSG00000231046"
"6010","ENSG00000271789"
"6011","ENSG00000272356"
"6012","ENSG00000229276"
"6013","ENSG00000231889"
"6014","ENSG00000286616"
"6015","ENSG00000255389"
"6016","ENSG00000227012"
"6017","ENSG00000237234"
"6018","ENSG00000270661"
"6019","ENSG00000271208"
"6020","ENSG00000226440"
"6021","ENSG00000286914"
"6022","ENSG00000232299"
"6023","ENSG00000287728"
"6024","ENSG00000223811"
"6025","ENSG00000232316"
"6026","ENSG00000236347"
"6027","ENSG00000230943"
"6028","ENSG00000231912"
"6029","ENSG00000227502"
"6030","ENSG00000175967"
"6031","ENSG00000228624"
"6032","ENSG00000232395"
"6033","ENSG00000226079"
"6034","ENSG00000287097"
"6035","ENSG00000228777"
"6036","ENSG00000287933"
"6037","ENSG00000236326"
"6038","ENSG00000244158"
"6039","ENSG00000234117"
"6040","ENSG00000287253"
"6041","ENSG00000226181"
"6042","ENSG00000286339"
"6043","ENSG00000253194"
"6044","ENSG00000287100"
"6045","ENSG00000286540"
"6046","ENSG00000287992"
"6047","ENSG00000279453"
"6048","ENSG00000279114"
"6049","ENSG00000287258"
"6050","ENSG00000272472"
"6051","ENSG00000287818"
"6052","ENSG00000285652"
"6053","ENSG00000235535"
"6054","ENSG00000285691"
"6055","ENSG00000285941"
"6056","ENSG00000237321"
"6057","ENSG00000236548"
"6058","ENSG00000286299"
"6059","ENSG00000226409"
"6060","ENSG00000237742"
"6061","ENSG00000224506"
"6062","ENSG00000232131"
"6063","ENSG00000287731"
"6064","ENSG00000281248"
"6065","ENSG00000227945"
"6066","ENSG00000224733"
"6067","ENSG00000226149"
"6068","ENSG00000233351"
"6069","ENSG00000227678"
"6070","ENSG00000229923"
"6071","ENSG00000236673"
"6072","ENSG00000280058"
"6073","ENSG00000227220"
"6074","ENSG00000236166"
"6075","ENSG00000280155"
"6076","ENSG00000228495"
"6077","ENSG00000286663"
"6078","ENSG00000234484"
"6079","ENSG00000279960"
"6080","ENSG00000231023"
"6081","ENSG00000286438"
"6082","ENSG00000223542"
"6083","ENSG00000234567"
"6084","ENSG00000227954"
"6085","ENSG00000272428"
"6086","ENSG00000223586"
"6087","ENSG00000287413"
"6088","ENSG00000286887"
"6089","ENSG00000236700"
"6090","ENSG00000287974"
"6091","ENSG00000231971"
"6092","ENSG00000232310"
"6093","ENSG00000229722"
"6094","ENSG00000227723"
"6095","ENSG00000236389"
"6096","ENSG00000240056"
"6097","ENSG00000232876"
"6098","ENSG00000236703"
"6099","ENSG00000224374"
"6100","ENSG00000234084"
"6101","ENSG00000287094"
"6102","ENSG00000231028"
"6103","ENSG00000233534"
"6104","ENSG00000236378"
"6105","ENSG00000286313"
"6106","ENSG00000288054"
"6107","ENSG00000237596"
"6108","ENSG00000260418"
"6109","ENSG00000272189"
"6110","ENSG00000234263"
"6111","ENSG00000286646"
"6112","ENSG00000225391"
"6113","ENSG00000235399"
"6114","ENSG00000230533"
"6115","ENSG00000283265"
"6116","ENSG00000234956"
"6117","ENSG00000237499"
"6118","ENSG00000287393"
"6119","ENSG00000226004"
"6120","ENSG00000229922"
"6121","ENSG00000225177"
"6122","ENSG00000231329"
"6123","ENSG00000272446"
"6124","ENSG00000226571"
"6125","ENSG00000238099"
"6126","ENSG00000231426"
"6127","ENSG00000225148"
"6128","ENSG00000287820"
"6129","ENSG00000236013"
"6130","ENSG00000285875"
"6131","ENSG00000234147"
"6132","ENSG00000286452"
"6133","ENSG00000259828"
"6134","ENSG00000236822"
"6135","ENSG00000237494"
"6136","ENSG00000236366"
"6137","ENSG00000287084"
"6138","ENSG00000233138"
"6139","ENSG00000237851"
"6140","ENSG00000232618"
"6141","ENSG00000229017"
"6142","ENSG00000227192"
"6143","ENSG00000225752"
"6144","ENSG00000278206"
"6145","ENSG00000235740"
"6146","ENSG00000283122"
"6147","ENSG00000225311"
"6148","ENSG00000285598"
"6149","ENSG00000270638"
"6150","ENSG00000270828"
"6151","ENSG00000235652"
"6152","ENSG00000288056"
"6153","ENSG00000280184"
"6154","ENSG00000237468"
"6155","ENSG00000233452"
"6156","ENSG00000227748"
"6157","ENSG00000272397"
"6158","ENSG00000196634"
"6159","ENSG00000227681"
"6160","ENSG00000226249"
"6161","ENSG00000287976"
"6162","ENSG00000234675"
"6163","ENSG00000230205"
"6164","ENSG00000287473"
"6165","ENSG00000224658"
"6166","ENSG00000227660"
"6167","ENSG00000236591"
"6168","ENSG00000228408"
"6169","ENSG00000225924"
"6170","ENSG00000283608"
"6171","ENSG00000235168"
"6172","ENSG00000281021"
"6173","ENSG00000233330"
"6174","ENSG00000278899"
"6175","ENSG00000231760"
"6176","ENSG00000285889"
"6177","ENSG00000273132"
"6178","ENSG00000268592"
"6179","ENSG00000223701"
"6180","ENSG00000235972"
"6181","ENSG00000232891"
"6182","ENSG00000224029"
"6183","ENSG00000226599"
"6184","ENSG00000232290"
"6185","ENSG00000223598"
"6186","ENSG00000231883"
"6187","ENSG00000233823"
"6188","ENSG00000287914"
"6189","ENSG00000284615"
"6190","ENSG00000234577"
"6191","ENSG00000226193"
"6192","ENSG00000233464"
"6193","ENSG00000224893"
"6194","ENSG00000227627"
"6195","ENSG00000213121"
"6196","ENSG00000237312"
"6197","ENSG00000286553"
"6198","ENSG00000287260"
"6199","ENSG00000235381"
"6200","ENSG00000232529"
"6201","ENSG00000287092"
"6202","ENSG00000285797"
"6203","ENSG00000227360"
"6204","ENSG00000271265"
"6205","ENSG00000271551"
"6206","ENSG00000270487"
"6207","ENSG00000233044"
"6208","ENSG00000271040"
"6209","ENSG00000286482"
"6210","ENSG00000234361"
"6211","ENSG00000229502"
"6212","ENSG00000236324"
"6213","ENSG00000285642"
"6214","ENSG00000233496"
"6215","ENSG00000274023"
"6216","ENSG00000287591"
"6217","ENSG00000238019"
"6218","ENSG00000233893"
"6219","ENSG00000285159"
"6220","ENSG00000203711"
"6221","ENSG00000271913"
"6222","ENSG00000226032"
"6223","ENSG00000285492"
"6224","ENSG00000224478"
"6225","ENSG00000233682"
"6226","ENSG00000235086"
"6227","ENSG00000231178"
"6228","ENSG00000234777"
"6229","ENSG00000286533"
"6230","ENSG00000237927"
"6231","ENSG00000285427"
"6232","ENSG00000236823"
"6233","ENSG00000268257"
"6234","ENSG00000230234"
"6235","ENSG00000287656"
"6236","ENSG00000224477"
"6237","ENSG00000287558"
"6238","ENSG00000224371"
"6239","ENSG00000233342"
"6240","ENSG00000231863"
"6241","ENSG00000272841"
"6242","ENSG00000286498"
"6243","ENSG00000286805"
"6244","ENSG00000285610"
"6245","ENSG00000225437"
"6246","ENSG00000285553"
"6247","ENSG00000225683"
"6248","ENSG00000281692"
"6249","ENSG00000285564"
"6250","ENSG00000285726"
"6251","ENSG00000270419"
"6252","ENSG00000228692"
"6253","ENSG00000235538"
"6254","ENSG00000285858"
"6255","ENSG00000286573"
"6256","ENSG00000260422"
"6257","ENSG00000230627"
"6258","ENSG00000226739"
"6259","ENSG00000287550"
"6260","ENSG00000227455"
"6261","ENSG00000287877"
"6262","ENSG00000236627"
"6263","ENSG00000223942"
"6264","ENSG00000281832"
"6265","ENSG00000287824"
"6266","ENSG00000231297"
"6267","ENSG00000233365"
"6268","ENSG00000280850"
"6269","ENSG00000287189"
"6270","ENSG00000286760"
"6271","ENSG00000261420"
"6272","ENSG00000280057"
"6273","ENSG00000232082"
"6274","ENSG00000287690"
"6275","ENSG00000231654"
"6276","ENSG00000227598"
"6277","ENSG00000285730"
"6278","ENSG00000272980"
"6279","ENSG00000284825"
"6280","ENSG00000284914"
"6281","ENSG00000286674"
"6282","ENSG00000280707"
"6283","ENSG00000231720"
"6284","ENSG00000228648"
"6285","ENSG00000287297"
"6286","ENSG00000272549"
"6287","ENSG00000287594"
"6288","ENSG00000203688"
"6289","ENSG00000146521"
"6290","ENSG00000269155"
"6291","ENSG00000285212"
"6292","ENSG00000198221"
"6293","ENSG00000235994"
"6294","ENSG00000229921"
"6295","ENSG00000234768"
"6296","ENSG00000287056"
"6297","ENSG00000237987"
"6298","ENSG00000228361"
"6299","ENSG00000234647"
"6300","ENSG00000224417"
"6301","ENSG00000260771"
"6302","ENSG00000235815"
"6303","ENSG00000280665"
"6304","ENSG00000225879"
"6305","ENSG00000285917"
"6306","ENSG00000279810"
"6307","ENSG00000229720"
"6308","ENSG00000234519"
"6309","ENSG00000286826"
"6310","ENSG00000223485"
"6311","ENSG00000261039"
"6312","ENSG00000226445"
"6313","ENSG00000233085"
"6314","ENSG00000226194"
"6315","ENSG00000285887"
"6316","ENSG00000272848"
"6317","ENSG00000232640"
"6318","ENSG00000227704"
"6319","ENSG00000266896"
"6320","ENSG00000229214"
"6321","ENSG00000231690"
"6322","ENSG00000236173"
"6323","ENSG00000287823"
"6324","ENSG00000288162"
"6325","ENSG00000287407"
"6326","ENSG00000232197"
"6327","ENSG00000273100"
"6328","ENSG00000230960"
"6329","ENSG00000271820"
"6330","ENSG00000227508"
"6331","ENSG00000271234"
"6332","ENSG00000261003"
"6333","ENSG00000287411"
"6334","ENSG00000230423"
"6335","ENSG00000234986"
"6336","ENSG00000225532"
"6337","ENSG00000283061"
"6338","ENSG00000282572"
"6339","ENSG00000232325"
"6340","ENSG00000242611"
"6341","ENSG00000287883"
"6342","ENSG00000242474"
"6343","ENSG00000240859"
"6344","ENSG00000261795"
"6345","ENSG00000239715"
"6346","ENSG00000240093"
"6347","ENSG00000249852"
"6348","ENSG00000287342"
"6349","ENSG00000249574"
"6350","ENSG00000286710"
"6351","ENSG00000286764"
"6352","ENSG00000234471"
"6353","ENSG00000223855"
"6354","ENSG00000229380"
"6355","ENSG00000237181"
"6356","ENSG00000273151"
"6357","ENSG00000225146"
"6358","ENSG00000257607"
"6359","ENSG00000224079"
"6360","ENSG00000226291"
"6361","ENSG00000229043"
"6362","ENSG00000233082"
"6363","ENSG00000225981"
"6364","ENSG00000273230"
"6365","ENSG00000231927"
"6366","ENSG00000230487"
"6367","ENSG00000231476"
"6368","ENSG00000234977"
"6369","ENSG00000205971"
"6370","ENSG00000236081"
"6371","ENSG00000176349"
"6372","ENSG00000237286"
"6373","ENSG00000228334"
"6374","ENSG00000217455"
"6375","ENSG00000231892"
"6376","ENSG00000236708"
"6377","ENSG00000236510"
"6378","ENSG00000283991"
"6379","ENSG00000286874"
"6380","ENSG00000287665"
"6381","ENSG00000273313"
"6382","ENSG00000241269"
"6383","ENSG00000188365"
"6384","ENSG00000272953"
"6385","ENSG00000234432"
"6386","ENSG00000273084"
"6387","ENSG00000230733"
"6388","ENSG00000272719"
"6389","ENSG00000237738"
"6390","ENSG00000231704"
"6391","ENSG00000232581"
"6392","ENSG00000228010"
"6393","ENSG00000287860"
"6394","ENSG00000230825"
"6395","ENSG00000272732"
"6396","ENSG00000272894"
"6397","ENSG00000272745"
"6398","ENSG00000283549"
"6399","ENSG00000234141"
"6400","ENSG00000233108"
"6401","ENSG00000227719"
"6402","ENSG00000244239"
"6403","ENSG00000229970"
"6404","ENSG00000272328"
"6405","ENSG00000278254"
"6406","ENSG00000234710"
"6407","ENSG00000235431"
"6408","ENSG00000287409"
"6409","ENSG00000286639"
"6410","ENSG00000283117"
"6411","ENSG00000236414"
"6412","ENSG00000271185"
"6413","ENSG00000230333"
"6414","ENSG00000230435"
"6415","ENSG00000225606"
"6416","ENSG00000229233"
"6417","ENSG00000229618"
"6418","ENSG00000237713"
"6419","ENSG00000224330"
"6420","ENSG00000226323"
"6421","ENSG00000227489"
"6422","ENSG00000237070"
"6423","ENSG00000229108"
"6424","ENSG00000225974"
"6425","ENSG00000286376"
"6426","ENSG00000229379"
"6427","ENSG00000229688"
"6428","ENSG00000272537"
"6429","ENSG00000272361"
"6430","ENSG00000287799"
"6431","ENSG00000235837"
"6432","ENSG00000237773"
"6433","ENSG00000236318"
"6434","ENSG00000236039"
"6435","ENSG00000228675"
"6436","ENSG00000279048"
"6437","ENSG00000280340"
"6438","ENSG00000225000"
"6439","ENSG00000226522"
"6440","ENSG00000232821"
"6441","ENSG00000236536"
"6442","ENSG00000229533"
"6443","ENSG00000223838"
"6444","ENSG00000237921"
"6445","ENSG00000243004"
"6446","ENSG00000267055"
"6447","ENSG00000228598"
"6448","ENSG00000233834"
"6449","ENSG00000226097"
"6450","ENSG00000271133"
"6451","ENSG00000232790"
"6452","ENSG00000285592"
"6453","ENSG00000232759"
"6454","ENSG00000232949"
"6455","ENSG00000179428"
"6456","ENSG00000286703"
"6457","ENSG00000228649"
"6458","ENSG00000230658"
"6459","ENSG00000285926"
"6460","ENSG00000226816"
"6461","ENSG00000234286"
"6462","ENSG00000227930"
"6463","ENSG00000228944"
"6464","ENSG00000287523"
"6465","ENSG00000287093"
"6466","ENSG00000285716"
"6467","ENSG00000233824"
"6468","ENSG00000260951"
"6469","ENSG00000285960"
"6470","ENSG00000227386"
"6471","ENSG00000223561"
"6472","ENSG00000287096"
"6473","ENSG00000286725"
"6474","ENSG00000270933"
"6475","ENSG00000285860"
"6476","ENSG00000225792"
"6477","ENSG00000214870"
"6478","ENSG00000122548"
"6479","ENSG00000280255"
"6480","ENSG00000233760"
"6481","ENSG00000286507"
"6482","ENSG00000222004"
"6483","ENSG00000233429"
"6484","ENSG00000253552"
"6485","ENSG00000273433"
"6486","ENSG00000254369"
"6487","ENSG00000272801"
"6488","ENSG00000270182"
"6489","ENSG00000253187"
"6490","ENSG00000240990"
"6491","ENSG00000253508"
"6492","ENSG00000243766"
"6493","ENSG00000286323"
"6494","ENSG00000253308"
"6495","ENSG00000253405"
"6496","ENSG00000224322"
"6497","ENSG00000279655"
"6498","ENSG00000279429"
"6499","ENSG00000286478"
"6500","ENSG00000229893"
"6501","ENSG00000287489"
"6502","ENSG00000234336"
"6503","ENSG00000228421"
"6504","ENSG00000272568"
"6505","ENSG00000233517"
"6506","ENSG00000229452"
"6507","ENSG00000285412"
"6508","ENSG00000285081"
"6509","ENSG00000235669"
"6510","ENSG00000223813"
"6511","ENSG00000227014"
"6512","ENSG00000231519"
"6513","ENSG00000286847"
"6514","ENSG00000230751"
"6515","ENSG00000251660"
"6516","ENSG00000227017"
"6517","ENSG00000281404"
"6518","ENSG00000272638"
"6519","ENSG00000196295"
"6520","ENSG00000264520"
"6521","ENSG00000263683"
"6522","ENSG00000229263"
"6523","ENSG00000286487"
"6524","ENSG00000231418"
"6525","ENSG00000284839"
"6526","ENSG00000273014"
"6527","ENSG00000281332"
"6528","ENSG00000272905"
"6529","ENSG00000173862"
"6530","ENSG00000227481"
"6531","ENSG00000236494"
"6532","ENSG00000233219"
"6533","ENSG00000286300"
"6534","ENSG00000236212"
"6535","ENSG00000197085"
"6536","ENSG00000287249"
"6537","ENSG00000226063"
"6538","ENSG00000287651"
"6539","ENSG00000286526"
"6540","ENSG00000235464"
"6541","ENSG00000287032"
"6542","ENSG00000271122"
"6543","ENSG00000227544"
"6544","ENSG00000228878"
"6545","ENSG00000287893"
"6546","ENSG00000232930"
"6547","ENSG00000285573"
"6548","ENSG00000205745"
"6549","ENSG00000261184"
"6550","ENSG00000229679"
"6551","ENSG00000260070"
"6552","ENSG00000237400"
"6553","ENSG00000230539"
"6554","ENSG00000272984"
"6555","ENSG00000229424"
"6556","ENSG00000235728"
"6557","ENSG00000230831"
"6558","ENSG00000224101"
"6559","ENSG00000272908"
"6560","ENSG00000281103"
"6561","ENSG00000233854"
"6562","ENSG00000224122"
"6563","ENSG00000227172"
"6564","ENSG00000231951"
"6565","ENSG00000287584"
"6566","ENSG00000228554"
"6567","ENSG00000188185"
"6568","ENSG00000259826"
"6569","ENSG00000203446"
"6570","ENSG00000227658"
"6571","ENSG00000232458"
"6572","ENSG00000224017"
"6573","ENSG00000224116"
"6574","ENSG00000238284"
"6575","ENSG00000231539"
"6576","ENSG00000261019"
"6577","ENSG00000232006"
"6578","ENSG00000181211"
"6579","ENSG00000228680"
"6580","ENSG00000231638"
"6581","ENSG00000214783"
"6582","ENSG00000273432"
"6583","ENSG00000228434"
"6584","ENSG00000285596"
"6585","ENSG00000235314"
"6586","ENSG00000239775"
"6587","ENSG00000279853"
"6588","ENSG00000287574"
"6589","ENSG00000228596"
"6590","ENSG00000234183"
"6591","ENSG00000272768"
"6592","ENSG00000260997"
"6593","ENSG00000232956"
"6594","ENSG00000286738"
"6595","ENSG00000225537"
"6596","ENSG00000237471"
"6597","ENSG00000229628"
"6598","ENSG00000229459"
"6599","ENSG00000237760"
"6600","ENSG00000240355"
"6601","ENSG00000230680"
"6602","ENSG00000233539"
"6603","ENSG00000232072"
"6604","ENSG00000223829"
"6605","ENSG00000229192"
"6606","ENSG00000286315"
"6607","ENSG00000236078"
"6608","ENSG00000221845"
"6609","ENSG00000146666"
"6610","ENSG00000136275"
"6611","ENSG00000228173"
"6612","ENSG00000285536"
"6613","ENSG00000279578"
"6614","ENSG00000234686"
"6615","ENSG00000286995"
"6616","ENSG00000279104"
"6617","ENSG00000287521"
"6618","ENSG00000228005"
"6619","ENSG00000231681"
"6620","ENSG00000235620"
"6621","ENSG00000285165"
"6622","ENSG00000226122"
"6623","ENSG00000286658"
"6624","ENSG00000236046"
"6625","ENSG00000228204"
"6626","ENSG00000285741"
"6627","ENSG00000229403"
"6628","ENSG00000286987"
"6629","ENSG00000287039"
"6630","ENSG00000233960"
"6631","ENSG00000286908"
"6632","ENSG00000234105"
"6633","ENSG00000228627"
"6634","ENSG00000205628"
"6635","ENSG00000238131"
"6636","ENSG00000287953"
"6637","ENSG00000280920"
"6638","ENSG00000231427"
"6639","ENSG00000224223"
"6640","ENSG00000228735"
"6641","ENSG00000286404"
"6642","ENSG00000234707"
"6643","ENSG00000224057"
"6644","ENSG00000280890"
"6645","ENSG00000223475"
"6646","ENSG00000233977"
"6647","ENSG00000231394"
"6648","ENSG00000285670"
"6649","ENSG00000225488"
"6650","ENSG00000261275"
"6651","ENSG00000233288"
"6652","ENSG00000287019"
"6653","ENSG00000286477"
"6654","ENSG00000279072"
"6655","ENSG00000286436"
"6656","ENSG00000234089"
"6657","ENSG00000287517"
"6658","ENSG00000280225"
"6659","ENSG00000260653"
"6660","ENSG00000227148"
"6661","ENSG00000244550"
"6662","ENSG00000226587"
"6663","ENSG00000230000"
"6664","ENSG00000229301"
"6665","ENSG00000230600"
"6666","ENSG00000232817"
"6667","ENSG00000227305"
"6668","ENSG00000234387"
"6669","ENSG00000268181"
"6670","ENSG00000236299"
"6671","ENSG00000226581"
"6672","ENSG00000287588"
"6673","ENSG00000284534"
"6674","ENSG00000228564"
"6675","ENSG00000286397"
"6676","ENSG00000285544"
"6677","ENSG00000229881"
"6678","ENSG00000287699"
"6679","ENSG00000287985"
"6680","ENSG00000286456"
"6681","ENSG00000287317"
"6682","ENSG00000287580"
"6683","ENSG00000287869"
"6684","ENSG00000189316"
"6685","ENSG00000286342"
"6686","ENSG00000282381"
"6687","ENSG00000238124"
"6688","ENSG00000236529"
"6689","ENSG00000234185"
"6690","ENSG00000179406"
"6691","ENSG00000279785"
"6692","ENSG00000237310"
"6693","ENSG00000226824"
"6694","ENSG00000272831"
"6695","ENSG00000273142"
"6696","ENSG00000273448"
"6697","ENSG00000233423"
"6698","ENSG00000225209"
"6699","ENSG00000236531"
"6700","ENSG00000226829"
"6701","ENSG00000233689"
"6702","ENSG00000286466"
"6703","ENSG00000225718"
"6704","ENSG00000236839"
"6705","ENSG00000234215"
"6706","ENSG00000272843"
"6707","ENSG00000285886"
"6708","ENSG00000285702"
"6709","ENSG00000275976"
"6710","ENSG00000274080"
"6711","ENSG00000261467"
"6712","ENSG00000232415"
"6713","ENSG00000287815"
"6714","ENSG00000273069"
"6715","ENSG00000279005"
"6716","ENSG00000232729"
"6717","ENSG00000277675"
"6718","ENSG00000263081"
"6719","ENSG00000279996"
"6720","ENSG00000280388"
"6721","ENSG00000250614"
"6722","ENSG00000285666"
"6723","ENSG00000231183"
"6724","ENSG00000265479"
"6725","ENSG00000283398"
"6726","ENSG00000225703"
"6727","ENSG00000259628"
"6728","ENSG00000250990"
"6729","ENSG00000273341"
"6730","ENSG00000287519"
"6731","ENSG00000214293"
"6732","ENSG00000232756"
"6733","ENSG00000281008"
"6734","ENSG00000280958"
"6735","ENSG00000285892"
"6736","ENSG00000251276"
"6737","ENSG00000226978"
"6738","ENSG00000281120"
"6739","ENSG00000286855"
"6740","ENSG00000234456"
"6741","ENSG00000287488"
"6742","ENSG00000234223"
"6743","ENSG00000232667"
"6744","ENSG00000279326"
"6745","ENSG00000237896"
"6746","ENSG00000223770"
"6747","ENSG00000235503"
"6748","ENSG00000285398"
"6749","ENSG00000235139"
"6750","ENSG00000280325"
"6751","ENSG00000232019"
"6752","ENSG00000225128"
"6753","ENSG00000231255"
"6754","ENSG00000233073"
"6755","ENSG00000261462"
"6756","ENSG00000224046"
"6757","ENSG00000182165"
"6758","ENSG00000254003"
"6759","ENSG00000228113"
"6760","ENSG00000233420"
"6761","ENSG00000227863"
"6762","ENSG00000227646"
"6763","ENSG00000238358"
"6764","ENSG00000234459"
"6765","ENSG00000225498"
"6766","ENSG00000280440"
"6767","ENSG00000273299"
"6768","ENSG00000223969"
"6769","ENSG00000286411"
"6770","ENSG00000243144"
"6771","ENSG00000235450"
"6772","ENSG00000223665"
"6773","ENSG00000287672"
"6774","ENSG00000188693"
"6775","ENSG00000243107"
"6776","ENSG00000244055"
"6777","ENSG00000287932"
"6778","ENSG00000286742"
"6779","ENSG00000237819"
"6780","ENSG00000234695"
"6781","ENSG00000278959"
"6782","ENSG00000236861"
"6783","ENSG00000236453"
"6784","ENSG00000236938"
"6785","ENSG00000285090"
"6786","ENSG00000285964"
"6787","ENSG00000236197"
"6788","ENSG00000273138"
"6789","ENSG00000233942"
"6790","ENSG00000279525"
"6791","ENSG00000231170"
"6792","ENSG00000279067"
"6793","ENSG00000231764"
"6794","ENSG00000284707"
"6795","ENSG00000285725"
"6796","ENSG00000272950"
"6797","ENSG00000286305"
"6798","ENSG00000284523"
"6799","ENSG00000273407"
"6800","ENSG00000237640"
"6801","ENSG00000286921"
"6802","ENSG00000286923"
"6803","ENSG00000242798"
"6804","ENSG00000235077"
"6805","ENSG00000272752"
"6806","ENSG00000287631"
"6807","ENSG00000241357"
"6808","ENSG00000240211"
"6809","ENSG00000286938"
"6810","ENSG00000225807"
"6811","ENSG00000274272"
"6812","ENSG00000224729"
"6813","ENSG00000236305"
"6814","ENSG00000274993"
"6815","ENSG00000227053"
"6816","ENSG00000232301"
"6817","ENSG00000232445"
"6818","ENSG00000233123"
"6819","ENSG00000259294"
"6820","ENSG00000272219"
"6821","ENSG00000261535"
"6822","ENSG00000239480"
"6823","ENSG00000279168"
"6824","ENSG00000286830"
"6825","ENSG00000236226"
"6826","ENSG00000279482"
"6827","ENSG00000234715"
"6828","ENSG00000226869"
"6829","ENSG00000225329"
"6830","ENSG00000237513"
"6831","ENSG00000228393"
"6832","ENSG00000239569"
"6833","ENSG00000272918"
"6834","ENSG00000242154"
"6835","ENSG00000272604"
"6836","ENSG00000280439"
"6837","ENSG00000273320"
"6838","ENSG00000243797"
"6839","ENSG00000286076"
"6840","ENSG00000267052"
"6841","ENSG00000286013"
"6842","ENSG00000228742"
"6843","ENSG00000243193"
"6844","ENSG00000272072"
"6845","ENSG00000272854"
"6846","ENSG00000233705"
"6847","ENSG00000241764"
"6848","ENSG00000273055"
"6849","ENSG00000225647"
"6850","ENSG00000205174"
"6851","ENSG00000279043"
"6852","ENSG00000229603"
"6853","ENSG00000230941"
"6854","ENSG00000234273"
"6855","ENSG00000226965"
"6856","ENSG00000287186"
"6857","ENSG00000228540"
"6858","ENSG00000287011"
"6859","ENSG00000225572"
"6860","ENSG00000226851"
"6861","ENSG00000223646"
"6862","ENSG00000234520"
"6863","ENSG00000279288"
"6864","ENSG00000225457"
"6865","ENSG00000278894"
"6866","ENSG00000287592"
"6867","ENSG00000224595"
"6868","ENSG00000282859"
"6869","ENSG00000225535"
"6870","ENSG00000233607"
"6871","ENSG00000242072"
"6872","ENSG00000240973"
"6873","ENSG00000243345"
"6874","ENSG00000279086"
"6875","ENSG00000243243"
"6876","ENSG00000237813"
"6877","ENSG00000237870"
"6878","ENSG00000235427"
"6879","ENSG00000243220"
"6880","ENSG00000231210"
"6881","ENSG00000227199"
"6882","ENSG00000214188"
"6883","ENSG00000228368"
"6884","ENSG00000226367"
"6885","ENSG00000287829"
"6886","ENSG00000238202"
"6887","ENSG00000286390"
"6888","ENSG00000232661"
"6889","ENSG00000083622"
"6890","ENSG00000234826"
"6891","ENSG00000287827"
"6892","ENSG00000225546"
"6893","ENSG00000233417"
"6894","ENSG00000233969"
"6895","ENSG00000231295"
"6896","ENSG00000287554"
"6897","ENSG00000227743"
"6898","ENSG00000234418"
"6899","ENSG00000230316"
"6900","ENSG00000240499"
"6901","ENSG00000226680"
"6902","ENSG00000232524"
"6903","ENSG00000230442"
"6904","ENSG00000272686"
"6905","ENSG00000241345"
"6906","ENSG00000242593"
"6907","ENSG00000243574"
"6908","ENSG00000241324"
"6909","ENSG00000279419"
"6910","ENSG00000224897"
"6911","ENSG00000224899"
"6912","ENSG00000219445"
"6913","ENSG00000197462"
"6914","ENSG00000241921"
"6915","ENSG00000287702"
"6916","ENSG00000287568"
"6917","ENSG00000236340"
"6918","ENSG00000279265"
"6919","ENSG00000224138"
"6920","ENSG00000280347"
"6921","ENSG00000226770"
"6922","ENSG00000240790"
"6923","ENSG00000279078"
"6924","ENSG00000272915"
"6925","ENSG00000273184"
"6926","ENSG00000240758"
"6927","ENSG00000273270"
"6928","ENSG00000242588"
"6929","ENSG00000271553"
"6930","ENSG00000271344"
"6931","ENSG00000242902"
"6932","ENSG00000275106"
"6933","ENSG00000243230"
"6934","ENSG00000286722"
"6935","ENSG00000273329"
"6936","ENSG00000286380"
"6937","ENSG00000242078"
"6938","ENSG00000244036"
"6939","ENSG00000229196"
"6940","ENSG00000240571"
"6941","ENSG00000259920"
"6942","ENSG00000272701"
"6943","ENSG00000270823"
"6944","ENSG00000270953"
"6945","ENSG00000286214"
"6946","ENSG00000287547"
"6947","ENSG00000271522"
"6948","ENSG00000285106"
"6949","ENSG00000233559"
"6950","ENSG00000226380"
"6951","ENSG00000271204"
"6952","ENSG00000273319"
"6953","ENSG00000231721"
"6954","ENSG00000236753"
"6955","ENSG00000273489"
"6956","ENSG00000224865"
"6957","ENSG00000225144"
"6958","ENSG00000223436"
"6959","ENSG00000183470"
"6960","ENSG00000225881"
"6961","ENSG00000227197"
"6962","ENSG00000231098"
"6963","ENSG00000229177"
"6964","ENSG00000273297"
"6965","ENSG00000224375"
"6966","ENSG00000286458"
"6967","ENSG00000272941"
"6968","ENSG00000287733"
"6969","ENSG00000231794"
"6970","ENSG00000273219"
"6971","ENSG00000224746"
"6972","ENSG00000230649"
"6973","ENSG00000232053"
"6974","ENSG00000234352"
"6975","ENSG00000231114"
"6976","ENSG00000228031"
"6977","ENSG00000237243"
"6978","ENSG00000225559"
"6979","ENSG00000273391"
"6980","ENSG00000260231"
"6981","ENSG00000285904"
"6982","ENSG00000240889"
"6983","ENSG00000285841"
"6984","ENSG00000204990"
"6985","ENSG00000261629"
"6986","ENSG00000261570"
"6987","ENSG00000261797"
"6988","ENSG00000244701"
"6989","ENSG00000270157"
"6990","ENSG00000228775"
"6991","ENSG00000241881"
"6992","ENSG00000241657"
"6993","ENSG00000286831"
"6994","ENSG00000224970"
"6995","ENSG00000286569"
"6996","ENSG00000268170"
"6997","ENSG00000279223"
"6998","ENSG00000231840"
"6999","ENSG00000272619"
"7000","ENSG00000232533"
"7001","ENSG00000229153"
"7002","ENSG00000244198"
"7003","ENSG00000284644"
"7004","ENSG00000244479"
"7005","ENSG00000230746"
"7006","ENSG00000280144"
"7007","ENSG00000236795"
"7008","ENSG00000230190"
"7009","ENSG00000283504"
"7010","ENSG00000283648"
"7011","ENSG00000287636"
"7012","ENSG00000273314"
"7013","ENSG00000286180"
"7014","ENSG00000286171"
"7015","ENSG00000281189"
"7016","ENSG00000228151"
"7017","ENSG00000261842"
"7018","ENSG00000280149"
"7019","ENSG00000273419"
"7020","ENSG00000204934"
"7021","ENSG00000273293"
"7022","ENSG00000279536"
"7023","ENSG00000273011"
"7024","ENSG00000260555"
"7025","ENSG00000241449"
"7026","ENSG00000286912"
"7027","ENSG00000261305"
"7028","ENSG00000240449"
"7029","ENSG00000284048"
"7030","ENSG00000239377"
"7031","ENSG00000242258"
"7032","ENSG00000243433"
"7033","ENSG00000244151"
"7034","ENSG00000272661"
"7035","ENSG00000243018"
"7036","ENSG00000243836"
"7037","ENSG00000241456"
"7038","ENSG00000242048"
"7039","ENSG00000239911"
"7040","ENSG00000227562"
"7041","ENSG00000229591"
"7042","ENSG00000261455"
"7043","ENSG00000286565"
"7044","ENSG00000234722"
"7045","ENSG00000285524"
"7046","ENSG00000287744"
"7047","ENSG00000270114"
"7048","ENSG00000203335"
"7049","ENSG00000233363"
"7050","ENSG00000286461"
"7051","ENSG00000236408"
"7052","ENSG00000214106"
"7053","ENSG00000272760"
"7054","ENSG00000273183"
"7055","ENSG00000273344"
"7056","ENSG00000220575"
"7057","ENSG00000217825"
"7058","ENSG00000228521"
"7059","ENSG00000287865"
"7060","ENSG00000278998"
"7061","ENSG00000225612"
"7062","ENSG00000273117"
"7063","ENSG00000204960"
"7064","ENSG00000218672"
"7065","ENSG00000260426"
"7066","ENSG00000288051"
"7067","ENSG00000236544"
"7068","ENSG00000283128"
"7069","ENSG00000227365"
"7070","ENSG00000287610"
"7071","ENSG00000216895"
"7072","ENSG00000204876"
"7073","ENSG00000182648"
"7074","ENSG00000279418"
"7075","ENSG00000224903"
"7076","ENSG00000230033"
"7077","ENSG00000235029"
"7078","ENSG00000243479"
"7079","ENSG00000236102"
"7080","ENSG00000269446"
"7081","ENSG00000229660"
"7082","ENSG00000234210"
"7083","ENSG00000223872"
"7084","ENSG00000233191"
"7085","ENSG00000280266"
"7086","ENSG00000222012"
"7087","ENSG00000231515"
"7088","ENSG00000233038"
"7089","ENSG00000272839"
"7090","ENSG00000285821"
"7091","ENSG00000231980"
"7092","ENSG00000225365"
"7093","ENSG00000232715"
"7094","ENSG00000286407"
"7095","ENSG00000231419"
"7096","ENSG00000287184"
"7097","ENSG00000253896"
"7098","ENSG00000272812"
"7099","ENSG00000272240"
"7100","ENSG00000273402"
"7101","ENSG00000249868"
"7102","ENSG00000182366"
"7103","ENSG00000272293"
"7104","ENSG00000279852"
"7105","ENSG00000254207"
"7106","ENSG00000282375"
"7107","ENSG00000282759"
"7108","ENSG00000282692"
"7109","ENSG00000254160"
"7110","ENSG00000275427"
"7111","ENSG00000260721"
"7112","ENSG00000282160"
"7113","ENSG00000281961"
"7114","ENSG00000253267"
"7115","ENSG00000282021"
"7116","ENSG00000253982"
"7117","ENSG00000287464"
"7118","ENSG00000285957"
"7119","ENSG00000253764"
"7120","ENSG00000253696"
"7121","ENSG00000270988"
"7122","ENSG00000253805"
"7123","ENSG00000287970"
"7124","ENSG00000253444"
"7125","ENSG00000282686"
"7126","ENSG00000282142"
"7127","ENSG00000253855"
"7128","ENSG00000277526"
"7129","ENSG00000254319"
"7130","ENSG00000253853"
"7131","ENSG00000287740"
"7132","ENSG00000253162"
"7133","ENSG00000285861"
"7134","ENSG00000286934"
"7135","ENSG00000288110"
"7136","ENSG00000285977"
"7137","ENSG00000253510"
"7138","ENSG00000254007"
"7139","ENSG00000286969"
"7140","ENSG00000253189"
"7141","ENSG00000253880"
"7142","ENSG00000246089"
"7143","ENSG00000288076"
"7144","ENSG00000271743"
"7145","ENSG00000249898"
"7146","ENSG00000287747"
"7147","ENSG00000245857"
"7148","ENSG00000254625"
"7149","ENSG00000215374"
"7150","ENSG00000225725"
"7151","ENSG00000284606"
"7152","ENSG00000253893"
"7153","ENSG00000268955"
"7154","ENSG00000253505"
"7155","ENSG00000254153"
"7156","ENSG00000253343"
"7157","ENSG00000253774"
"7158","ENSG00000253130"
"7159","ENSG00000286910"
"7160","ENSG00000254367"
"7161","ENSG00000254340"
"7162","ENSG00000248538"
"7163","ENSG00000279949"
"7164","ENSG00000253252"
"7165","ENSG00000253887"
"7166","ENSG00000253735"
"7167","ENSG00000254237"
"7168","ENSG00000272267"
"7169","ENSG00000253230"
"7170","ENSG00000286622"
"7171","ENSG00000260093"
"7172","ENSG00000285675"
"7173","ENSG00000285606"
"7174","ENSG00000261451"
"7175","ENSG00000253641"
"7176","ENSG00000253678"
"7177","ENSG00000272505"
"7178","ENSG00000248896"
"7179","ENSG00000253695"
"7180","ENSG00000280294"
"7181","ENSG00000254839"
"7182","ENSG00000269918"
"7183","ENSG00000255310"
"7184","ENSG00000254936"
"7185","ENSG00000254556"
"7186","ENSG00000270076"
"7187","ENSG00000236827"
"7188","ENSG00000280273"
"7189","ENSG00000246477"
"7190","ENSG00000255020"
"7191","ENSG00000184608"
"7192","ENSG00000284957"
"7193","ENSG00000269954"
"7194","ENSG00000170983"
"7195","ENSG00000286985"
"7196","ENSG00000255394"
"7197","ENSG00000255046"
"7198","ENSG00000269899"
"7199","ENSG00000287755"
"7200","ENSG00000287798"
"7201","ENSG00000255052"
"7202","ENSG00000255495"
"7203","ENSG00000227888"
"7204","ENSG00000270074"
"7205","ENSG00000283674"
"7206","ENSG00000270154"
"7207","ENSG00000254813"
"7208","ENSG00000255494"
"7209","ENSG00000287134"
"7210","ENSG00000253932"
"7211","ENSG00000286798"
"7212","ENSG00000254753"
"7213","ENSG00000254575"
"7214","ENSG00000255076"
"7215","ENSG00000287476"
"7216","ENSG00000253648"
"7217","ENSG00000253496"
"7218","ENSG00000253184"
"7219","ENSG00000249258"
"7220","ENSG00000279271"
"7221","ENSG00000280453"
"7222","ENSG00000279903"
"7223","ENSG00000279932"
"7224","ENSG00000287303"
"7225","ENSG00000253168"
"7226","ENSG00000253944"
"7227","ENSG00000253671"
"7228","ENSG00000253215"
"7229","ENSG00000254054"
"7230","ENSG00000245281"
"7231","ENSG00000286542"
"7232","ENSG00000285624"
"7233","ENSG00000187229"
"7234","ENSG00000278886"
"7235","ENSG00000253335"
"7236","ENSG00000253557"
"7237","ENSG00000254242"
"7238","ENSG00000254201"
"7239","ENSG00000253280"
"7240","ENSG00000279919"
"7241","ENSG00000279858"
"7242","ENSG00000253270"
"7243","ENSG00000253775"
"7244","ENSG00000253733"
"7245","ENSG00000253164"
"7246","ENSG00000253300"
"7247","ENSG00000254260"
"7248","ENSG00000254092"
"7249","ENSG00000253147"
"7250","ENSG00000254026"
"7251","ENSG00000253199"
"7252","ENSG00000254040"
"7253","ENSG00000280215"
"7254","ENSG00000286346"
"7255","ENSG00000254334"
"7256","ENSG00000177725"
"7257","ENSG00000285881"
"7258","ENSG00000254064"
"7259","ENSG00000251034"
"7260","ENSG00000287467"
"7261","ENSG00000254230"
"7262","ENSG00000253200"
"7263","ENSG00000261026"
"7264","ENSG00000253125"
"7265","ENSG00000287812"
"7266","ENSG00000248738"
"7267","ENSG00000253142"
"7268","ENSG00000245025"
"7269","ENSG00000246130"
"7270","ENSG00000253616"
"7271","ENSG00000284948"
"7272","ENSG00000253930"
"7273","ENSG00000246582"
"7274","ENSG00000250714"
"7275","ENSG00000253837"
"7276","ENSG00000253390"
"7277","ENSG00000287166"
"7278","ENSG00000253986"
"7279","ENSG00000253471"
"7280","ENSG00000254002"
"7281","ENSG00000253891"
"7282","ENSG00000253535"
"7283","ENSG00000253643"
"7284","ENSG00000272163"
"7285","ENSG00000272157"
"7286","ENSG00000253832"
"7287","ENSG00000288055"
"7288","ENSG00000287185"
"7289","ENSG00000253476"
"7290","ENSG00000253100"
"7291","ENSG00000253342"
"7292","ENSG00000285890"
"7293","ENSG00000254178"
"7294","ENSG00000253430"
"7295","ENSG00000254362"
"7296","ENSG00000253903"
"7297","ENSG00000253888"
"7298","ENSG00000279302"
"7299","ENSG00000253875"
"7300","ENSG00000253397"
"7301","ENSG00000253690"
"7302","ENSG00000286804"
"7303","ENSG00000254370"
"7304","ENSG00000253567"
"7305","ENSG00000246339"
"7306","ENSG00000254034"
"7307","ENSG00000259196"
"7308","ENSG00000259366"
"7309","ENSG00000259607"
"7310","ENSG00000254129"
"7311","ENSG00000285601"
"7312","ENSG00000260253"
"7313","ENSG00000253632"
"7314","ENSG00000253182"
"7315","ENSG00000280147"
"7316","ENSG00000251191"
"7317","ENSG00000253490"
"7318","ENSG00000248964"
"7319","ENSG00000254086"
"7320","ENSG00000253604"
"7321","ENSG00000253279"
"7322","ENSG00000272256"
"7323","ENSG00000271869"
"7324","ENSG00000253708"
"7325","ENSG00000285669"
"7326","ENSG00000272375"
"7327","ENSG00000287590"
"7328","ENSG00000254109"
"7329","ENSG00000279041"
"7330","ENSG00000253112"
"7331","ENSG00000253961"
"7332","ENSG00000253377"
"7333","ENSG00000254095"
"7334","ENSG00000253275"
"7335","ENSG00000287204"
"7336","ENSG00000286648"
"7337","ENSG00000253974"
"7338","ENSG00000254049"
"7339","ENSG00000247134"
"7340","ENSG00000272338"
"7341","ENSG00000253642"
"7342","ENSG00000254194"
"7343","ENSG00000254302"
"7344","ENSG00000253108"
"7345","ENSG00000254033"
"7346","ENSG00000254344"
"7347","ENSG00000287152"
"7348","ENSG00000279099"
"7349","ENSG00000286693"
"7350","ENSG00000253452"
"7351","ENSG00000253524"
"7352","ENSG00000253363"
"7353","ENSG00000254038"
"7354","ENSG00000253123"
"7355","ENSG00000253746"
"7356","ENSG00000253161"
"7357","ENSG00000253388"
"7358","ENSG00000253414"
"7359","ENSG00000254111"
"7360","ENSG00000254290"
"7361","ENSG00000254306"
"7362","ENSG00000253344"
"7363","ENSG00000253181"
"7364","ENSG00000183154"
"7365","ENSG00000280064"
"7366","ENSG00000260949"
"7367","ENSG00000286677"
"7368","ENSG00000272128"
"7369","ENSG00000240015"
"7370","ENSG00000253356"
"7371","ENSG00000285632"
"7372","ENSG00000255487"
"7373","ENSG00000254898"
"7374","ENSG00000272092"
"7375","ENSG00000272159"
"7376","ENSG00000255201"
"7377","ENSG00000253361"
"7378","ENSG00000254321"
"7379","ENSG00000253586"
"7380","ENSG00000253829"
"7381","ENSG00000253645"
"7382","ENSG00000253939"
"7383","ENSG00000253838"
"7384","ENSG00000254287"
"7385","ENSG00000253381"
"7386","ENSG00000253665"
"7387","ENSG00000254143"
"7388","ENSG00000253802"
"7389","ENSG00000253354"
"7390","ENSG00000272479"
"7391","ENSG00000254383"
"7392","ENSG00000253509"
"7393","ENSG00000253396"
"7394","ENSG00000253133"
"7395","ENSG00000253174"
"7396","ENSG00000287535"
"7397","ENSG00000264578"
"7398","ENSG00000253389"
"7399","ENSG00000260588"
"7400","ENSG00000271938"
"7401","ENSG00000261449"
"7402","ENSG00000253408"
"7403","ENSG00000254165"
"7404","ENSG00000255101"
"7405","ENSG00000286837"
"7406","ENSG00000286484"
"7407","ENSG00000286554"
"7408","ENSG00000253314"
"7409","ENSG00000253745"
"7410","ENSG00000253782"
"7411","ENSG00000285992"
"7412","ENSG00000255366"
"7413","ENSG00000269924"
"7414","ENSG00000287959"
"7415","ENSG00000279881"
"7416","ENSG00000253140"
"7417","ENSG00000253688"
"7418","ENSG00000253608"
"7419","ENSG00000233858"
"7420","ENSG00000253702"
"7421","ENSG00000253455"
"7422","ENSG00000253892"
"7423","ENSG00000286878"
"7424","ENSG00000287788"
"7425","ENSG00000286701"
"7426","ENSG00000253474"
"7427","ENSG00000253380"
"7428","ENSG00000253206"
"7429","ENSG00000253484"
"7430","ENSG00000271148"
"7431","ENSG00000253849"
"7432","ENSG00000253664"
"7433","ENSG00000272076"
"7434","ENSG00000253475"
"7435","ENSG00000228801"
"7436","ENSG00000272024"
"7437","ENSG00000253844"
"7438","ENSG00000254136"
"7439","ENSG00000254314"
"7440","ENSG00000253551"
"7441","ENSG00000253924"
"7442","ENSG00000271555"
"7443","ENSG00000254687"
"7444","ENSG00000260484"
"7445","ENSG00000253369"
"7446","ENSG00000237807"
"7447","ENSG00000254204"
"7448","ENSG00000272457"
"7449","ENSG00000260955"
"7450","ENSG00000286471"
"7451","ENSG00000286348"
"7452","ENSG00000253976"
"7453","ENSG00000253857"
"7454","ENSG00000254357"
"7455","ENSG00000254325"
"7456","ENSG00000253603"
"7457","ENSG00000272343"
"7458","ENSG00000254254"
"7459","ENSG00000246430"
"7460","ENSG00000253139"
"7461","ENSG00000254055"
"7462","ENSG00000253301"
"7463","ENSG00000253614"
"7464","ENSG00000215117"
"7465","ENSG00000253871"
"7466","ENSG00000287301"
"7467","ENSG00000253821"
"7468","ENSG00000253322"
"7469","ENSG00000254139"
"7470","ENSG00000205293"
"7471","ENSG00000253376"
"7472","ENSG00000253523"
"7473","ENSG00000253116"
"7474","ENSG00000288041"
"7475","ENSG00000253281"
"7476","ENSG00000286578"
"7477","ENSG00000254048"
"7478","ENSG00000167912"
"7479","ENSG00000253260"
"7480","ENSG00000253879"
"7481","ENSG00000254775"
"7482","ENSG00000251396"
"7483","ENSG00000255321"
"7484","ENSG00000228862"
"7485","ENSG00000255289"
"7486","ENSG00000254432"
"7487","ENSG00000287975"
"7488","ENSG00000254777"
"7489","ENSG00000254802"
"7490","ENSG00000254222"
"7491","ENSG00000253711"
"7492","ENSG00000251127"
"7493","ENSG00000254119"
"7494","ENSG00000253834"
"7495","ENSG00000254120"
"7496","ENSG00000285971"
"7497","ENSG00000254050"
"7498","ENSG00000287105"
"7499","ENSG00000274956"
"7500","ENSG00000240915"
"7501","ENSG00000253121"
"7502","ENSG00000270673"
"7503","ENSG00000261542"
"7504","ENSG00000253205"
"7505","ENSG00000253894"
"7506","ENSG00000253583"
"7507","ENSG00000287844"
"7508","ENSG00000253554"
"7509","ENSG00000253762"
"7510","ENSG00000253734"
"7511","ENSG00000254377"
"7512","ENSG00000287615"
"7513","ENSG00000254102"
"7514","ENSG00000254330"
"7515","ENSG00000287998"
"7516","ENSG00000254006"
"7517","ENSG00000280725"
"7518","ENSG00000254081"
"7519","ENSG00000272010"
"7520","ENSG00000272155"
"7521","ENSG00000272192"
"7522","ENSG00000253190"
"7523","ENSG00000253138"
"7524","ENSG00000287127"
"7525","ENSG00000246145"
"7526","ENSG00000245910"
"7527","ENSG00000287214"
"7528","ENSG00000271966"
"7529","ENSG00000255130"
"7530","ENSG00000255206"
"7531","ENSG00000248801"
"7532","ENSG00000254337"
"7533","ENSG00000253658"
"7534","ENSG00000253373"
"7535","ENSG00000253479"
"7536","ENSG00000254557"
"7537","ENSG00000246528"
"7538","ENSG00000280393"
"7539","ENSG00000253143"
"7540","ENSG00000253967"
"7541","ENSG00000287230"
"7542","ENSG00000246366"
"7543","ENSG00000285579"
"7544","ENSG00000254031"
"7545","ENSG00000254277"
"7546","ENSG00000253287"
"7547","ENSG00000235531"
"7548","ENSG00000253317"
"7549","ENSG00000254347"
"7550","ENSG00000253726"
"7551","ENSG00000253784"
"7552","ENSG00000260838"
"7553","ENSG00000272254"
"7554","ENSG00000253636"
"7555","ENSG00000237061"
"7556","ENSG00000250295"
"7557","ENSG00000253235"
"7558","ENSG00000253339"
"7559","ENSG00000253302"
"7560","ENSG00000254538"
"7561","ENSG00000286113"
"7562","ENSG00000254288"
"7563","ENSG00000253983"
"7564","ENSG00000253115"
"7565","ENSG00000253596"
"7566","ENSG00000254349"
"7567","ENSG00000254080"
"7568","ENSG00000253706"
"7569","ENSG00000254043"
"7570","ENSG00000254238"
"7571","ENSG00000253712"
"7572","ENSG00000249395"
"7573","ENSG00000287352"
"7574","ENSG00000270866"
"7575","ENSG00000271167"
"7576","ENSG00000254300"
"7577","ENSG00000253661"
"7578","ENSG00000253681"
"7579","ENSG00000253416"
"7580","ENSG00000254366"
"7581","ENSG00000254001"
"7582","ENSG00000254266"
"7583","ENSG00000260398"
"7584","ENSG00000286675"
"7585","ENSG00000285744"
"7586","ENSG00000261618"
"7587","ENSG00000253659"
"7588","ENSG00000287052"
"7589","ENSG00000272138"
"7590","ENSG00000249328"
"7591","ENSG00000285758"
"7592","ENSG00000272518"
"7593","ENSG00000272264"
"7594","ENSG00000254205"
"7595","ENSG00000253238"
"7596","ENSG00000251867"
"7597","ENSG00000254162"
"7598","ENSG00000260317"
"7599","ENSG00000286763"
"7600","ENSG00000254060"
"7601","ENSG00000254177"
"7602","ENSG00000253214"
"7603","ENSG00000272425"
"7604","ENSG00000254027"
"7605","ENSG00000253859"
"7606","ENSG00000253374"
"7607","ENSG00000280193"
"7608","ENSG00000253334"
"7609","ENSG00000254689"
"7610","ENSG00000254394"
"7611","ENSG00000254123"
"7612","ENSG00000253503"
"7613","ENSG00000253836"
"7614","ENSG00000253898"
"7615","ENSG00000254202"
"7616","ENSG00000260493"
"7617","ENSG00000254208"
"7618","ENSG00000258256"
"7619","ENSG00000257962"
"7620","ENSG00000253549"
"7621","ENSG00000254380"
"7622","ENSG00000253154"
"7623","ENSG00000285768"
"7624","ENSG00000287927"
"7625","ENSG00000253675"
"7626","ENSG00000253699"
"7627","ENSG00000254231"
"7628","ENSG00000254115"
"7629","ENSG00000253778"
"7630","ENSG00000253500"
"7631","ENSG00000253171"
"7632","ENSG00000253553"
"7633","ENSG00000271156"
"7634","ENSG00000286984"
"7635","ENSG00000251136"
"7636","ENSG00000254180"
"7637","ENSG00000253394"
"7638","ENSG00000253799"
"7639","ENSG00000246792"
"7640","ENSG00000254251"
"7641","ENSG00000253358"
"7642","ENSG00000254219"
"7643","ENSG00000253738"
"7644","ENSG00000253901"
"7645","ENSG00000253576"
"7646","ENSG00000253682"
"7647","ENSG00000253749"
"7648","ENSG00000253634"
"7649","ENSG00000253177"
"7650","ENSG00000288005"
"7651","ENSG00000248858"
"7652","ENSG00000254020"
"7653","ENSG00000253577"
"7654","ENSG00000253197"
"7655","ENSG00000279847"
"7656","ENSG00000246662"
"7657","ENSG00000253960"
"7658","ENSG00000254089"
"7659","ENSG00000271971"
"7660","ENSG00000253854"
"7661","ENSG00000253722"
"7662","ENSG00000279331"
"7663","ENSG00000253848"
"7664","ENSG00000254057"
"7665","ENSG00000264448"
"7666","ENSG00000253585"
"7667","ENSG00000254315"
"7668","ENSG00000253704"
"7669","ENSG00000261437"
"7670","ENSG00000254307"
"7671","ENSG00000272509"
"7672","ENSG00000253878"
"7673","ENSG00000287322"
"7674","ENSG00000245080"
"7675","ENSG00000254248"
"7676","ENSG00000253773"
"7677","ENSG00000253351"
"7678","ENSG00000253872"
"7679","ENSG00000248762"
"7680","ENSG00000270131"
"7681","ENSG00000254224"
"7682","ENSG00000253105"
"7683","ENSG00000272249"
"7684","ENSG00000270077"
"7685","ENSG00000260640"
"7686","ENSG00000287654"
"7687","ENSG00000245970"
"7688","ENSG00000278914"
"7689","ENSG00000272321"
"7690","ENSG00000253911"
"7691","ENSG00000271930"
"7692","ENSG00000253948"
"7693","ENSG00000229625"
"7694","ENSG00000253562"
"7695","ENSG00000253532"
"7696","ENSG00000253539"
"7697","ENSG00000287952"
"7698","ENSG00000253217"
"7699","ENSG00000253824"
"7700","ENSG00000253842"
"7701","ENSG00000253666"
"7702","ENSG00000254364"
"7703","ENSG00000253740"
"7704","ENSG00000260368"
"7705","ENSG00000248599"
"7706","ENSG00000253395"
"7707","ENSG00000253355"
"7708","ENSG00000253737"
"7709","ENSG00000261087"
"7710","ENSG00000271882"
"7711","ENSG00000253679"
"7712","ENSG00000287479"
"7713","ENSG00000253282"
"7714","ENSG00000253644"
"7715","ENSG00000254084"
"7716","ENSG00000254024"
"7717","ENSG00000253629"
"7718","ENSG00000246263"
"7719","ENSG00000272037"
"7720","ENSG00000253633"
"7721","ENSG00000283959"
"7722","ENSG00000253669"
"7723","ENSG00000253385"
"7724","ENSG00000253320"
"7725","ENSG00000253263"
"7726","ENSG00000254236"
"7727","ENSG00000250929"
"7728","ENSG00000236939"
"7729","ENSG00000247081"
"7730","ENSG00000253851"
"7731","ENSG00000286337"
"7732","ENSG00000266289"
"7733","ENSG00000261670"
"7734","ENSG00000271830"
"7735","ENSG00000253477"
"7736","ENSG00000179577"
"7737","ENSG00000279138"
"7738","ENSG00000283157"
"7739","ENSG00000254041"
"7740","ENSG00000251003"
"7741","ENSG00000253420"
"7742","ENSG00000254141"
"7743","ENSG00000253526"
"7744","ENSG00000254021"
"7745","ENSG00000254615"
"7746","ENSG00000253582"
"7747","ENSG00000287289"
"7748","ENSG00000287208"
"7749","ENSG00000286766"
"7750","ENSG00000287949"
"7751","ENSG00000253754"
"7752","ENSG00000253949"
"7753","ENSG00000253796"
"7754","ENSG00000250267"
"7755","ENSG00000248050"
"7756","ENSG00000255402"
"7757","ENSG00000253956"
"7758","ENSG00000253122"
"7759","ENSG00000253717"
"7760","ENSG00000253877"
"7761","ENSG00000253103"
"7762","ENSG00000253489"
"7763","ENSG00000253434"
"7764","ENSG00000287942"
"7765","ENSG00000286946"
"7766","ENSG00000287819"
"7767","ENSG00000286937"
"7768","ENSG00000253207"
"7769","ENSG00000254339"
"7770","ENSG00000227170"
"7771","ENSG00000249917"
"7772","ENSG00000287826"
"7773","ENSG00000253672"
"7774","ENSG00000253327"
"7775","ENSG00000253622"
"7776","ENSG00000286308"
"7777","ENSG00000225885"
"7778","ENSG00000281641"
"7779","ENSG00000254278"
"7780","ENSG00000253972"
"7781","ENSG00000286282"
"7782","ENSG00000253398"
"7783","ENSG00000286362"
"7784","ENSG00000279347"
"7785","ENSG00000245330"
"7786","ENSG00000254343"
"7787","ENSG00000248318"
"7788","ENSG00000272502"
"7789","ENSG00000253619"
"7790","ENSG00000248690"
"7791","ENSG00000254209"
"7792","ENSG00000254303"
"7793","ENSG00000255364"
"7794","ENSG00000253819"
"7795","ENSG00000255325"
"7796","ENSG00000263443"
"7797","ENSG00000272384"
"7798","ENSG00000272043"
"7799","ENSG00000253372"
"7800","ENSG00000259631"
"7801","ENSG00000253607"
"7802","ENSG00000287657"
"7803","ENSG00000253258"
"7804","ENSG00000204949"
"7805","ENSG00000254113"
"7806","ENSG00000253286"
"7807","ENSG00000254000"
"7808","ENSG00000181171"
"7809","ENSG00000254249"
"7810","ENSG00000253868"
"7811","ENSG00000214803"
"7812","ENSG00000253227"
"7813","ENSG00000245149"
"7814","ENSG00000253106"
"7815","ENSG00000255491"
"7816","ENSG00000249816"
"7817","ENSG00000255313"
"7818","ENSG00000286955"
"7819","ENSG00000253513"
"7820","ENSG00000253167"
"7821","ENSG00000254431"
"7822","ENSG00000253111"
"7823","ENSG00000286122"
"7824","ENSG00000253470"
"7825","ENSG00000245164"
"7826","ENSG00000254227"
"7827","ENSG00000244791"
"7828","ENSG00000253427"
"7829","ENSG00000253220"
"7830","ENSG00000253530"
"7831","ENSG00000253438"
"7832","ENSG00000253573"
"7833","ENSG00000254166"
"7834","ENSG00000282961"
"7835","ENSG00000287781"
"7836","ENSG00000246228"
"7837","ENSG00000280997"
"7838","ENSG00000286266"
"7839","ENSG00000286010"
"7840","ENSG00000249375"
"7841","ENSG00000249859"
"7842","ENSG00000280055"
"7843","ENSG00000286034"
"7844","ENSG00000254275"
"7845","ENSG00000229140"
"7846","ENSG00000287785"
"7847","ENSG00000253926"
"7848","ENSG00000285108"
"7849","ENSG00000254317"
"7850","ENSG00000254263"
"7851","ENSG00000253720"
"7852","ENSG00000287195"
"7853","ENSG00000280543"
"7854","ENSG00000287201"
"7855","ENSG00000286535"
"7856","ENSG00000253656"
"7857","ENSG00000253259"
"7858","ENSG00000253992"
"7859","ENSG00000253407"
"7860","ENSG00000253507"
"7861","ENSG00000253521"
"7862","ENSG00000287095"
"7863","ENSG00000270137"
"7864","ENSG00000223697"
"7865","ENSG00000287736"
"7866","ENSG00000261220"
"7867","ENSG00000253561"
"7868","ENSG00000253165"
"7869","ENSG00000253593"
"7870","ENSG00000288067"
"7871","ENSG00000253627"
"7872","ENSG00000248492"
"7873","ENSG00000272456"
"7874","ENSG00000278898"
"7875","ENSG00000279518"
"7876","ENSG00000259820"
"7877","ENSG00000254028"
"7878","ENSG00000253433"
"7879","ENSG00000251218"
"7880","ENSG00000254083"
"7881","ENSG00000254372"
"7882","ENSG00000254101"
"7883","ENSG00000286927"
"7884","ENSG00000285683"
"7885","ENSG00000285817"
"7886","ENSG00000253288"
"7887","ENSG00000254361"
"7888","ENSG00000253988"
"7889","ENSG00000253432"
"7890","ENSG00000253783"
"7891","ENSG00000254258"
"7892","ENSG00000253574"
"7893","ENSG00000250733"
"7894","ENSG00000282164"
"7895","ENSG00000259891"
"7896","ENSG00000279766"
"7897","ENSG00000280326"
"7898","ENSG00000280303"
"7899","ENSG00000279786"
"7900","ENSG00000253266"
"7901","ENSG00000253210"
"7902","ENSG00000280035"
"7903","ENSG00000253307"
"7904","ENSG00000254019"
"7905","ENSG00000254197"
"7906","ENSG00000254291"
"7907","ENSG00000253595"
"7908","ENSG00000261655"
"7909","ENSG00000244998"
"7910","ENSG00000271959"
"7911","ENSG00000287325"
"7912","ENSG00000287677"
"7913","ENSG00000261710"
"7914","ENSG00000287332"
"7915","ENSG00000254008"
"7916","ENSG00000261693"
"7917","ENSG00000261044"
"7918","ENSG00000277332"
"7919","ENSG00000253741"
"7920","ENSG00000253806"
"7921","ENSG00000253196"
"7922","ENSG00000253715"
"7923","ENSG00000253728"
"7924","ENSG00000247317"
"7925","ENSG00000177335"
"7926","ENSG00000253716"
"7927","ENSG00000272172"
"7928","ENSG00000254389"
"7929","ENSG00000253931"
"7930","ENSG00000254338"
"7931","ENSG00000287576"
"7932","ENSG00000254859"
"7933","ENSG00000255050"
"7934","ENSG00000279605"
"7935","ENSG00000254741"
"7936","ENSG00000254812"
"7937","ENSG00000181097"
"7938","ENSG00000254574"
"7939","ENSG00000254548"
"7940","ENSG00000254973"
"7941","ENSG00000287222"
"7942","ENSG00000255343"
"7943","ENSG00000285599"
"7944","ENSG00000288096"
"7945","ENSG00000255224"
"7946","ENSG00000254690"
"7947","ENSG00000272115"
"7948","ENSG00000232600"
"7949","ENSG00000254578"
"7950","ENSG00000255182"
"7951","ENSG00000265393"
"7952","ENSG00000255456"
"7953","ENSG00000254533"
"7954","ENSG00000263612"
"7955","ENSG00000286681"
"7956","ENSG00000255164"
"7957","ENSG00000255559"
"7958","ENSG00000227518"
"7959","ENSG00000218839"
"7960","ENSG00000277631"
"7961","ENSG00000227917"
"7962","ENSG00000231808"
"7963","ENSG00000287480"
"7964","ENSG00000183784"
"7965","ENSG00000235880"
"7966","ENSG00000227155"
"7967","ENSG00000228115"
"7968","ENSG00000226403"
"7969","ENSG00000227914"
"7970","ENSG00000286684"
"7971","ENSG00000281769"
"7972","ENSG00000287465"
"7973","ENSG00000236199"
"7974","ENSG00000236404"
"7975","ENSG00000231052"
"7976","ENSG00000286670"
"7977","ENSG00000236511"
"7978","ENSG00000232104"
"7979","ENSG00000237359"
"7980","ENSG00000226669"
"7981","ENSG00000236724"
"7982","ENSG00000237009"
"7983","ENSG00000230001"
"7984","ENSG00000228322"
"7985","ENSG00000273061"
"7986","ENSG00000287759"
"7987","ENSG00000228165"
"7988","ENSG00000272866"
"7989","ENSG00000286162"
"7990","ENSG00000231509"
"7991","ENSG00000225408"
"7992","ENSG00000228739"
"7993","ENSG00000233367"
"7994","ENSG00000236924"
"7995","ENSG00000229611"
"7996","ENSG00000225489"
"7997","ENSG00000224972"
"7998","ENSG00000285688"
"7999","ENSG00000288042"
"8000","ENSG00000273056"
"8001","ENSG00000231902"
"8002","ENSG00000226376"
"8003","ENSG00000235389"
"8004","ENSG00000225706"
"8005","ENSG00000234021"
"8006","ENSG00000230920"
"8007","ENSG00000226717"
"8008","ENSG00000232035"
"8009","ENSG00000270372"
"8010","ENSG00000230365"
"8011","ENSG00000286474"
"8012","ENSG00000285784"
"8013","ENSG00000224935"
"8014","ENSG00000235448"
"8015","ENSG00000285637"
"8016","ENSG00000234740"
"8017","ENSG00000226197"
"8018","ENSG00000270547"
"8019","ENSG00000205636"
"8020","ENSG00000235533"
"8021","ENSG00000225472"
"8022","ENSG00000287708"
"8023","ENSG00000273399"
"8024","ENSG00000272871"
"8025","ENSG00000286500"
"8026","ENSG00000283647"
"8027","ENSG00000231756"
"8028","ENSG00000230694"
"8029","ENSG00000234779"
"8030","ENSG00000237153"
"8031","ENSG00000285169"
"8032","ENSG00000227167"
"8033","ENSG00000232978"
"8034","ENSG00000272842"
"8035","ENSG00000273226"
"8036","ENSG00000285911"
"8037","ENSG00000260912"
"8038","ENSG00000286685"
"8039","ENSG00000261402"
"8040","ENSG00000227071"
"8041","ENSG00000261696"
"8042","ENSG00000171889"
"8043","ENSG00000265194"
"8044","ENSG00000279670"
"8045","ENSG00000224854"
"8046","ENSG00000240498"
"8047","ENSG00000266446"
"8048","ENSG00000236921"
"8049","ENSG00000234840"
"8050","ENSG00000284418"
"8051","ENSG00000224549"
"8052","ENSG00000287696"
"8053","ENSG00000283982"
"8054","ENSG00000233906"
"8055","ENSG00000287843"
"8056","ENSG00000231460"
"8057","ENSG00000237414"
"8058","ENSG00000287139"
"8059","ENSG00000269957"
"8060","ENSG00000287318"
"8061","ENSG00000236306"
"8062","ENSG00000276759"
"8063","ENSG00000279256"
"8064","ENSG00000254261"
"8065","ENSG00000253400"
"8066","ENSG00000234676"
"8067","ENSG00000254396"
"8068","ENSG00000237734"
"8069","ENSG00000287355"
"8070","ENSG00000285103"
"8071","ENSG00000260390"
"8072","ENSG00000260412"
"8073","ENSG00000287551"
"8074","ENSG00000287038"
"8075","ENSG00000280683"
"8076","ENSG00000260720"
"8077","ENSG00000223440"
"8078","ENSG00000230516"
"8079","ENSG00000231193"
"8080","ENSG00000233554"
"8081","ENSG00000286322"
"8082","ENSG00000228072"
"8083","ENSG00000226562"
"8084","ENSG00000281128"
"8085","ENSG00000260947"
"8086","ENSG00000287063"
"8087","ENSG00000227301"
"8088","ENSG00000287495"
"8089","ENSG00000233776"
"8090","ENSG00000235481"
"8091","ENSG00000228352"
"8092","ENSG00000230729"
"8093","ENSG00000237159"
"8094","ENSG00000261215"
"8095","ENSG00000230074"
"8096","ENSG00000287368"
"8097","ENSG00000281491"
"8098","ENSG00000279489"
"8099","ENSG00000286782"
"8100","ENSG00000287868"
"8101","ENSG00000279608"
"8102","ENSG00000234181"
"8103","ENSG00000279083"
"8104","ENSG00000287287"
"8105","ENSG00000231393"
"8106","ENSG00000227933"
"8107","ENSG00000269900"
"8108","ENSG00000228843"
"8109","ENSG00000227388"
"8110","ENSG00000287986"
"8111","ENSG00000287514"
"8112","ENSG00000258885"
"8113","ENSG00000250850"
"8114","ENSG00000232920"
"8115","ENSG00000260100"
"8116","ENSG00000281649"
"8117","ENSG00000233242"
"8118","ENSG00000224648"
"8119","ENSG00000234160"
"8120","ENSG00000223716"
"8121","ENSG00000272934"
"8122","ENSG00000272904"
"8123","ENSG00000204860"
"8124","ENSG00000284612"
"8125","ENSG00000228467"
"8126","ENSG00000287838"
"8127","ENSG00000215112"
"8128","ENSG00000224038"
"8129","ENSG00000231140"
"8130","ENSG00000278175"
"8131","ENSG00000284116"
"8132","ENSG00000228136"
"8133","ENSG00000240240"
"8134","ENSG00000276500"
"8135","ENSG00000276266"
"8136","ENSG00000275390"
"8137","ENSG00000280077"
"8138","ENSG00000279456"
"8139","ENSG00000225655"
"8140","ENSG00000276462"
"8141","ENSG00000279561"
"8142","ENSG00000275450"
"8143","ENSG00000276502"
"8144","ENSG00000276412"
"8145","ENSG00000275239"
"8146","ENSG00000275297"
"8147","ENSG00000277260"
"8148","ENSG00000275649"
"8149","ENSG00000237357"
"8150","ENSG00000229311"
"8151","ENSG00000233424"
"8152","ENSG00000276422"
"8153","ENSG00000277412"
"8154","ENSG00000275676"
"8155","ENSG00000231248"
"8156","ENSG00000204814"
"8157","ENSG00000231527"
"8158","ENSG00000235659"
"8159","ENSG00000223379"
"8160","ENSG00000229697"
"8161","ENSG00000284471"
"8162","ENSG00000231212"
"8163","ENSG00000204802"
"8164","ENSG00000233651"
"8165","ENSG00000232827"
"8166","ENSG00000226007"
"8167","ENSG00000238113"
"8168","ENSG00000287168"
"8169","ENSG00000229422"
"8170","ENSG00000234665"
"8171","ENSG00000170161"
"8172","ENSG00000224267"
"8173","ENSG00000225411"
"8174","ENSG00000285580"
"8175","ENSG00000287329"
"8176","ENSG00000274893"
"8177","ENSG00000286945"
"8178","ENSG00000277350"
"8179","ENSG00000276348"
"8180","ENSG00000276898"
"8181","ENSG00000274026"
"8182","ENSG00000226904"
"8183","ENSG00000279706"
"8184","ENSG00000234394"
"8185","ENSG00000225337"
"8186","ENSG00000224958"
"8187","ENSG00000233178"
"8188","ENSG00000229019"
"8189","ENSG00000226337"
"8190","ENSG00000234506"
"8191","ENSG00000236733"
"8192","ENSG00000278910"
"8193","ENSG00000243888"
"8194","ENSG00000229312"
"8195","ENSG00000261447"
"8196","ENSG00000225626"
"8197","ENSG00000204706"
"8198","ENSG00000268364"
"8199","ENSG00000274421"
"8200","ENSG00000232086"
"8201","ENSG00000223966"
"8202","ENSG00000286823"
"8203","ENSG00000235523"
"8204","ENSG00000225434"
"8205","ENSG00000236849"
"8206","ENSG00000286840"
"8207","ENSG00000232590"
"8208","ENSG00000227809"
"8209","ENSG00000224825"
"8210","ENSG00000286944"
"8211","ENSG00000203321"
"8212","ENSG00000229587"
"8213","ENSG00000236376"
"8214","ENSG00000225937"
"8215","ENSG00000286332"
"8216","ENSG00000232998"
"8217","ENSG00000231373"
"8218","ENSG00000260995"
"8219","ENSG00000233086"
"8220","ENSG00000232494"
"8221","ENSG00000260564"
"8222","ENSG00000279715"
"8223","ENSG00000280366"
"8224","ENSG00000230945"
"8225","ENSG00000226798"
"8226","ENSG00000233926"
"8227","ENSG00000230846"
"8228","ENSG00000267559"
"8229","ENSG00000225085"
"8230","ENSG00000232749"
"8231","ENSG00000278988"
"8232","ENSG00000286612"
"8233","ENSG00000286451"
"8234","ENSG00000229109"
"8235","ENSG00000237529"
"8236","ENSG00000254473"
"8237","ENSG00000226877"
"8238","ENSG00000231616"
"8239","ENSG00000235298"
"8240","ENSG00000227463"
"8241","ENSG00000233262"
"8242","ENSG00000285987"
"8243","ENSG00000285556"
"8244","ENSG00000287930"
"8245","ENSG00000285634"
"8246","ENSG00000229454"
"8247","ENSG00000230303"
"8248","ENSG00000287333"
"8249","ENSG00000235819"
"8250","ENSG00000232211"
"8251","ENSG00000285686"
"8252","ENSG00000226237"
"8253","ENSG00000269994"
"8254","ENSG00000204446"
"8255","ENSG00000286842"
"8256","ENSG00000236709"
"8257","ENSG00000233884"
"8258","ENSG00000287750"
"8259","ENSG00000279154"
"8260","ENSG00000287769"
"8261","ENSG00000228189"
"8262","ENSG00000286414"
"8263","ENSG00000228658"
"8264","ENSG00000224945"
"8265","ENSG00000285907"
"8266","ENSG00000237372"
"8267","ENSG00000236507"
"8268","ENSG00000226206"
"8269","ENSG00000237626"
"8270","ENSG00000227555"
"8271","ENSG00000279503"
"8272","ENSG00000231107"
"8273","ENSG00000229613"
"8274","ENSG00000287212"
"8275","ENSG00000228216"
"8276","ENSG00000260454"
"8277","ENSG00000237422"
"8278","ENSG00000230537"
"8279","ENSG00000229694"
"8280","ENSG00000235641"
"8281","ENSG00000273381"
"8282","ENSG00000233081"
"8283","ENSG00000236115"
"8284","ENSG00000285650"
"8285","ENSG00000288062"
"8286","ENSG00000288271"
"8287","ENSG00000223446"
"8288","ENSG00000203364"
"8289","ENSG00000237385"
"8290","ENSG00000231990"
"8291","ENSG00000235601"
"8292","ENSG00000286834"
"8293","ENSG00000269929"
"8294","ENSG00000230262"
"8295","ENSG00000232063"
"8296","ENSG00000286850"
"8297","ENSG00000231806"
"8298","ENSG00000288023"
"8299","ENSG00000230815"
"8300","ENSG00000236095"
"8301","ENSG00000224764"
"8302","ENSG00000285807"
"8303","ENSG00000229065"
"8304","ENSG00000271384"
"8305","ENSG00000271314"
"8306","ENSG00000271155"
"8307","ENSG00000271659"
"8308","ENSG00000229345"
"8309","ENSG00000228142"
"8310","ENSG00000175611"
"8311","ENSG00000268926"
"8312","ENSG00000225194"
"8313","ENSG00000237212"
"8314","ENSG00000275465"
"8315","ENSG00000287187"
"8316","ENSG00000232283"
"8317","ENSG00000286835"
"8318","ENSG00000287302"
"8319","ENSG00000224848"
"8320","ENSG00000242375"
"8321","ENSG00000203279"
"8322","ENSG00000235494"
"8323","ENSG00000254876"
"8324","ENSG00000255036"
"8325","ENSG00000286375"
"8326","ENSG00000228174"
"8327","ENSG00000231521"
"8328","ENSG00000236130"
"8329","ENSG00000260677"
"8330","ENSG00000287070"
"8331","ENSG00000236896"
"8332","ENSG00000285706"
"8333","ENSG00000267026"
"8334","ENSG00000270412"
"8335","ENSG00000227269"
"8336","ENSG00000271086"
"8337","ENSG00000287955"
"8338","ENSG00000237461"
"8339","ENSG00000255145"
"8340","ENSG00000234860"
"8341","ENSG00000254571"
"8342","ENSG00000225376"
"8343","ENSG00000204250"
"8344","ENSG00000225564"
"8345","ENSG00000226566"
"8346","ENSG00000285483"
"8347","ENSG00000270332"
"8348","ENSG00000283001"
"8349","ENSG00000226334"
"8350","ENSG00000230013"
"8351","ENSG00000286536"
"8352","ENSG00000228317"
"8353","ENSG00000279609"
"8354","ENSG00000234323"
"8355","ENSG00000225002"
"8356","ENSG00000229297"
"8357","ENSG00000237062"
"8358","ENSG00000234229"
"8359","ENSG00000230782"
"8360","ENSG00000226047"
"8361","ENSG00000226825"
"8362","ENSG00000287233"
"8363","ENSG00000230030"
"8364","ENSG00000231678"
"8365","ENSG00000232939"
"8366","ENSG00000232896"
"8367","ENSG00000227531"
"8368","ENSG00000224644"
"8369","ENSG00000259953"
"8370","ENSG00000230185"
"8371","ENSG00000226609"
"8372","ENSG00000271631"
"8373","ENSG00000225684"
"8374","ENSG00000231528"
"8375","ENSG00000237073"
"8376","ENSG00000282897"
"8377","ENSG00000233817"
"8378","ENSG00000227482"
"8379","ENSG00000235119"
"8380","ENSG00000173077"
"8381","ENSG00000236461"
"8382","ENSG00000234692"
"8383","ENSG00000228714"
"8384","ENSG00000204148"
"8385","ENSG00000228707"
"8386","ENSG00000226604"
"8387","ENSG00000244757"
"8388","ENSG00000256040"
"8389","ENSG00000229105"
"8390","ENSG00000230894"
"8391","ENSG00000285820"
"8392","ENSG00000233516"
"8393","ENSG00000233569"
"8394","ENSG00000284977"
"8395","ENSG00000231901"
"8396","ENSG00000225050"
"8397","ENSG00000235201"
"8398","ENSG00000260970"
"8399","ENSG00000261432"
"8400","ENSG00000225960"
"8401","ENSG00000239593"
"8402","ENSG00000235865"
"8403","ENSG00000227355"
"8404","ENSG00000229854"
"8405","ENSG00000261534"
"8406","ENSG00000237548"
"8407","ENSG00000269970"
"8408","ENSG00000233616"
"8409","ENSG00000234156"
"8410","ENSG00000261094"
"8411","ENSG00000286718"
"8412","ENSG00000236901"
"8413","ENSG00000237336"
"8414","ENSG00000230826"
"8415","ENSG00000236668"
"8416","ENSG00000231227"
"8417","ENSG00000234921"
"8418","ENSG00000235204"
"8419","ENSG00000227200"
"8420","ENSG00000231149"
"8421","ENSG00000224020"
"8422","ENSG00000236643"
"8423","ENSG00000239705"
"8424","ENSG00000287782"
"8425","ENSG00000227068"
"8426","ENSG00000229582"
"8427","ENSG00000232413"
"8428","ENSG00000228392"
"8429","ENSG00000233721"
"8430","ENSG00000279137"
"8431","ENSG00000226078"
"8432","ENSG00000224842"
"8433","ENSG00000238010"
"8434","ENSG00000286428"
"8435","ENSG00000228487"
"8436","ENSG00000271833"
"8437","ENSG00000279571"
"8438","ENSG00000286196"
"8439","ENSG00000225032"
"8440","ENSG00000227218"
"8441","ENSG00000230848"
"8442","ENSG00000230536"
"8443","ENSG00000234771"
"8444","ENSG00000232850"
"8445","ENSG00000272696"
"8446","ENSG00000272593"
"8447","ENSG00000207955"
"8448","ENSG00000273186"
"8449","ENSG00000225951"
"8450","ENSG00000228395"
"8451","ENSG00000280474"
"8452","ENSG00000280758"
"8453","ENSG00000234705"
"8454","ENSG00000223478"
"8455","ENSG00000267834"
"8456","ENSG00000287234"
"8457","ENSG00000234055"
"8458","ENSG00000268707"
"8459","ENSG00000268050"
"8460","ENSG00000204055"
"8461","ENSG00000235007"
"8462","ENSG00000241084"
"8463","ENSG00000224307"
"8464","ENSG00000179082"
"8465","ENSG00000268615"
"8466","ENSG00000233901"
"8467","ENSG00000230676"
"8468","ENSG00000226355"
"8469","ENSG00000204054"
"8470","ENSG00000261334"
"8471","ENSG00000286078"
"8472","ENSG00000227619"
"8473","ENSG00000234789"
"8474","ENSG00000236024"
"8475","ENSG00000230684"
"8476","ENSG00000270755"
"8477","ENSG00000196979"
"8478","ENSG00000236658"
"8479","ENSG00000236986"
"8480","ENSG00000246851"
"8481","ENSG00000286547"
"8482","ENSG00000176868"
"8483","ENSG00000230289"
"8484","ENSG00000236687"
"8485","ENSG00000224992"
"8486","ENSG00000261018"
"8487","ENSG00000225756"
"8488","ENSG00000235138"
"8489","ENSG00000273249"
"8490","ENSG00000273473"
"8491","ENSG00000223729"
"8492","ENSG00000279929"
"8493","ENSG00000223795"
"8494","ENSG00000228877"
"8495","ENSG00000227150"
"8496","ENSG00000204011"
"8497","ENSG00000286502"
"8498","ENSG00000236403"
"8499","ENSG00000279935"
"8500","ENSG00000227958"
"8501","ENSG00000233936"
"8502","ENSG00000178243"
"8503","ENSG00000235572"
"8504","ENSG00000225361"
"8505","ENSG00000226706"
"8506","ENSG00000237339"
"8507","ENSG00000238058"
"8508","ENSG00000260193"
"8509","ENSG00000275329"
"8510","ENSG00000279813"
"8511","ENSG00000283769"
"8512","ENSG00000262075"
"8513","ENSG00000196366"
"8514","ENSG00000227512"
"8515","ENSG00000237886"
"8516","ENSG00000279141"
"8517","ENSG00000228401"
"8518","ENSG00000233016"
"8519","ENSG00000273066"
"8520","ENSG00000272679"
"8521","ENSG00000228544"
"8522","ENSG00000260190"
"8523","ENSG00000198454"
"8524","ENSG00000180539"
"8525","ENSG00000236394"
"8526","ENSG00000229257"
"8527","ENSG00000231864"
"8528","ENSG00000268996"
"8529","ENSG00000275549"
"8530","ENSG00000260996"
"8531","ENSG00000288234"
"8532","ENSG00000283411"
"8533","ENSG00000203993"
"8534","ENSG00000203987"
"8535","ENSG00000237419"
"8536","ENSG00000260370"
"8537","ENSG00000233021"
"8538","ENSG00000225140"
"8539","ENSG00000231601"
"8540","ENSG00000229869"
"8541","ENSG00000205740"
"8542","ENSG00000232656"
"8543","ENSG00000229205"
"8544","ENSG00000287043"
"8545","ENSG00000282390"
"8546","ENSG00000233052"
"8547","ENSG00000205696"
"8548","ENSG00000287653"
"8549","ENSG00000234962"
"8550","ENSG00000226694"
"8551","ENSG00000227912"
"8552","ENSG00000231326"
"8553","ENSG00000234556"
"8554","ENSG00000234170"
"8555","ENSG00000237500"
"8556","ENSG00000235281"
"8557","ENSG00000286858"
"8558","ENSG00000234182"
"8559","ENSG00000287560"
"8560","ENSG00000273001"
"8561","ENSG00000278419"
"8562","ENSG00000237399"
"8563","ENSG00000226762"
"8564","ENSG00000236968"
"8565","ENSG00000227338"
"8566","ENSG00000287428"
"8567","ENSG00000286610"
"8568","ENSG00000233321"
"8569","ENSG00000236892"
"8570","ENSG00000229672"
"8571","ENSG00000228353"
"8572","ENSG00000287175"
"8573","ENSG00000230573"
"8574","ENSG00000226005"
"8575","ENSG00000227101"
"8576","ENSG00000236990"
"8577","ENSG00000233117"
"8578","ENSG00000224382"
"8579","ENSG00000230096"
"8580","ENSG00000287246"
"8581","ENSG00000286687"
"8582","ENSG00000231298"
"8583","ENSG00000225269"
"8584","ENSG00000287023"
"8585","ENSG00000224251"
"8586","ENSG00000287848"
"8587","ENSG00000231039"
"8588","ENSG00000224034"
"8589","ENSG00000280450"
"8590","ENSG00000205488"
"8591","ENSG00000256462"
"8592","ENSG00000287566"
"8593","ENSG00000287235"
"8594","ENSG00000242147"
"8595","ENSG00000231483"
"8596","ENSG00000228951"
"8597","ENSG00000226647"
"8598","ENSG00000272764"
"8599","ENSG00000232807"
"8600","ENSG00000229664"
"8601","ENSG00000213994"
"8602","ENSG00000215244"
"8603","ENSG00000212743"
"8604","ENSG00000237943"
"8605","ENSG00000225948"
"8606","ENSG00000285743"
"8607","ENSG00000223784"
"8608","ENSG00000285988"
"8609","ENSG00000281186"
"8610","ENSG00000238266"
"8611","ENSG00000285845"
"8612","ENSG00000287277"
"8613","ENSG00000223581"
"8614","ENSG00000278982"
"8615","ENSG00000232591"
"8616","ENSG00000230121"
"8617","ENSG00000197308"
"8618","ENSG00000232638"
"8619","ENSG00000232170"
"8620","ENSG00000226861"
"8621","ENSG00000226990"
"8622","ENSG00000234752"
"8623","ENSG00000223808"
"8624","ENSG00000230014"
"8625","ENSG00000287120"
"8626","ENSG00000228636"
"8627","ENSG00000224788"
"8628","ENSG00000286439"
"8629","ENSG00000234306"
"8630","ENSG00000270111"
"8631","ENSG00000279575"
"8632","ENSG00000287309"
"8633","ENSG00000225383"
"8634","ENSG00000229240"
"8635","ENSG00000231496"
"8636","ENSG00000228027"
"8637","ENSG00000229206"
"8638","ENSG00000237986"
"8639","ENSG00000230322"
"8640","ENSG00000181800"
"8641","ENSG00000280086"
"8642","ENSG00000271360"
"8643","ENSG00000271046"
"8644","ENSG00000225778"
"8645","ENSG00000228302"
"8646","ENSG00000285994"
"8647","ENSG00000285520"
"8648","ENSG00000286514"
"8649","ENSG00000233256"
"8650","ENSG00000227175"
"8651","ENSG00000239665"
"8652","ENSG00000273474"
"8653","ENSG00000225112"
"8654","ENSG00000234091"
"8655","ENSG00000229751"
"8656","ENSG00000235410"
"8657","ENSG00000285671"
"8658","ENSG00000236495"
"8659","ENSG00000272853"
"8660","ENSG00000176236"
"8661","ENSG00000232739"
"8662","ENSG00000226140"
"8663","ENSG00000287925"
"8664","ENSG00000225213"
"8665","ENSG00000286958"
"8666","ENSG00000273153"
"8667","ENSG00000229124"
"8668","ENSG00000234961"
"8669","ENSG00000204832"
"8670","ENSG00000260589"
"8671","ENSG00000229190"
"8672","ENSG00000235637"
"8673","ENSG00000226083"
"8674","ENSG00000235020"
"8675","ENSG00000240291"
"8676","ENSG00000225527"
"8677","ENSG00000234244"
"8678","ENSG00000227734"
"8679","ENSG00000233968"
"8680","ENSG00000285852"
"8681","ENSG00000238246"
"8682","ENSG00000287613"
"8683","ENSG00000231920"
"8684","ENSG00000230109"
"8685","ENSG00000204682"
"8686","ENSG00000286881"
"8687","ENSG00000279623"
"8688","ENSG00000260205"
"8689","ENSG00000286832"
"8690","ENSG00000279631"
"8691","ENSG00000261671"
"8692","ENSG00000272516"
"8693","ENSG00000271981"
"8694","ENSG00000272366"
"8695","ENSG00000233451"
"8696","ENSG00000286810"
"8697","ENSG00000279819"
"8698","ENSG00000286924"
"8699","ENSG00000224215"
"8700","ENSG00000287124"
"8701","ENSG00000286442"
"8702","ENSG00000286951"
"8703","ENSG00000279029"
"8704","ENSG00000285750"
"8705","ENSG00000285859"
"8706","ENSG00000273107"
"8707","ENSG00000231422"
"8708","ENSG00000233642"
"8709","ENSG00000280809"
"8710","ENSG00000226304"
"8711","ENSG00000234296"
"8712","ENSG00000279212"
"8713","ENSG00000235843"
"8714","ENSG00000262412"
"8715","ENSG00000260151"
"8716","ENSG00000285737"
"8717","ENSG00000230500"
"8718","ENSG00000233472"
"8719","ENSG00000286413"
"8720","ENSG00000282996"
"8721","ENSG00000237128"
"8722","ENSG00000254635"
"8723","ENSG00000232624"
"8724","ENSG00000236716"
"8725","ENSG00000235824"
"8726","ENSG00000287402"
"8727","ENSG00000259994"
"8728","ENSG00000285824"
"8729","ENSG00000287420"
"8730","ENSG00000228800"
"8731","ENSG00000230298"
"8732","ENSG00000285630"
"8733","ENSG00000230720"
"8734","ENSG00000272914"
"8735","ENSG00000287564"
"8736","ENSG00000272381"
"8737","ENSG00000237036"
"8738","ENSG00000223834"
"8739","ENSG00000286694"
"8740","ENSG00000237797"
"8741","ENSG00000227253"
"8742","ENSG00000226842"
"8743","ENSG00000233825"
"8744","ENSG00000229327"
"8745","ENSG00000286409"
"8746","ENSG00000273038"
"8747","ENSG00000229656"
"8748","ENSG00000233387"
"8749","ENSG00000238258"
"8750","ENSG00000273012"
"8751","ENSG00000287278"
"8752","ENSG00000226412"
"8753","ENSG00000203565"
"8754","ENSG00000261683"
"8755","ENSG00000223470"
"8756","ENSG00000226386"
"8757","ENSG00000283000"
"8758","ENSG00000230534"
"8759","ENSG00000269952"
"8760","ENSG00000233200"
"8761","ENSG00000271335"
"8762","ENSG00000287945"
"8763","ENSG00000273312"
"8764","ENSG00000287528"
"8765","ENSG00000280719"
"8766","ENSG00000227313"
"8767","ENSG00000227475"
"8768","ENSG00000237002"
"8769","ENSG00000238176"
"8770","ENSG00000234918"
"8771","ENSG00000226578"
"8772","ENSG00000260137"
"8773","ENSG00000236514"
"8774","ENSG00000226447"
"8775","ENSG00000272983"
"8776","ENSG00000203496"
"8777","ENSG00000185904"
"8778","ENSG00000285884"
"8779","ENSG00000233515"
"8780","ENSG00000234864"
"8781","ENSG00000259869"
"8782","ENSG00000234944"
"8783","ENSG00000229630"
"8784","ENSG00000273008"
"8785","ENSG00000224265"
"8786","ENSG00000285712"
"8787","ENSG00000230555"
"8788","ENSG00000287852"
"8789","ENSG00000223910"
"8790","ENSG00000237389"
"8791","ENSG00000226245"
"8792","ENSG00000230565"
"8793","ENSG00000228426"
"8794","ENSG00000234973"
"8795","ENSG00000226808"
"8796","ENSG00000236769"
"8797","ENSG00000233395"
"8798","ENSG00000227029"
"8799","ENSG00000237590"
"8800","ENSG00000229116"
"8801","ENSG00000287901"
"8802","ENSG00000287173"
"8803","ENSG00000234580"
"8804","ENSG00000224812"
"8805","ENSG00000234504"
"8806","ENSG00000223462"
"8807","ENSG00000273363"
"8808","ENSG00000165511"
"8809","ENSG00000277757"
"8810","ENSG00000243349"
"8811","ENSG00000227683"
"8812","ENSG00000231964"
"8813","ENSG00000279458"
"8814","ENSG00000285402"
"8815","ENSG00000285294"
"8816","ENSG00000231187"
"8817","ENSG00000229227"
"8818","ENSG00000272430"
"8819","ENSG00000285662"
"8820","ENSG00000224919"
"8821","ENSG00000254929"
"8822","ENSG00000264404"
"8823","ENSG00000276850"
"8824","ENSG00000273760"
"8825","ENSG00000285786"
"8826","ENSG00000279822"
"8827","ENSG00000248682"
"8828","ENSG00000251413"
"8829","ENSG00000236800"
"8830","ENSG00000286993"
"8831","ENSG00000228403"
"8832","ENSG00000241577"
"8833","ENSG00000233665"
"8834","ENSG00000226576"
"8835","ENSG00000234736"
"8836","ENSG00000236208"
"8837","ENSG00000235939"
"8838","ENSG00000178440"
"8839","ENSG00000285803"
"8840","ENSG00000286401"
"8841","ENSG00000279863"
"8842","ENSG00000225303"
"8843","ENSG00000226200"
"8844","ENSG00000287221"
"8845","ENSG00000229711"
"8846","ENSG00000261368"
"8847","ENSG00000223502"
"8848","ENSG00000231132"
"8849","ENSG00000235279"
"8850","ENSG00000236671"
"8851","ENSG00000231131"
"8852","ENSG00000285958"
"8853","ENSG00000227121"
"8854","ENSG00000226296"
"8855","ENSG00000234173"
"8856","ENSG00000236958"
"8857","ENSG00000236744"
"8858","ENSG00000223800"
"8859","ENSG00000228048"
"8860","ENSG00000287016"
"8861","ENSG00000228527"
"8862","ENSG00000261076"
"8863","ENSG00000237949"
"8864","ENSG00000236556"
"8865","ENSG00000287969"
"8866","ENSG00000235140"
"8867","ENSG00000235931"
"8868","ENSG00000232682"
"8869","ENSG00000282121"
"8870","ENSG00000254271"
"8871","ENSG00000227244"
"8872","ENSG00000237233"
"8873","ENSG00000288052"
"8874","ENSG00000272592"
"8875","ENSG00000233643"
"8876","ENSG00000234756"
"8877","ENSG00000288011"
"8878","ENSG00000285837"
"8879","ENSG00000238280"
"8880","ENSG00000224301"
"8881","ENSG00000272767"
"8882","ENSG00000286373"
"8883","ENSG00000228566"
"8884","ENSG00000226426"
"8885","ENSG00000224714"
"8886","ENSG00000282906"
"8887","ENSG00000235356"
"8888","ENSG00000228065"
"8889","ENSG00000273360"
"8890","ENSG00000225299"
"8891","ENSG00000272892"
"8892","ENSG00000233590"
"8893","ENSG00000260400"
"8894","ENSG00000285871"
"8895","ENSG00000229261"
"8896","ENSG00000231748"
"8897","ENSG00000287306"
"8898","ENSG00000236154"
"8899","ENSG00000235645"
"8900","ENSG00000224222"
"8901","ENSG00000280401"
"8902","ENSG00000285300"
"8903","ENSG00000271409"
"8904","ENSG00000259267"
"8905","ENSG00000237512"
"8906","ENSG00000279406"
"8907","ENSG00000223817"
"8908","ENSG00000230526"
"8909","ENSG00000272988"
"8910","ENSG00000269926"
"8911","ENSG00000282915"
"8912","ENSG00000226163"
"8913","ENSG00000280166"
"8914","ENSG00000279502"
"8915","ENSG00000272627"
"8916","ENSG00000237768"
"8917","ENSG00000272630"
"8918","ENSG00000272599"
"8919","ENSG00000236756"
"8920","ENSG00000227540"
"8921","ENSG00000233144"
"8922","ENSG00000221817"
"8923","ENSG00000268584"
"8924","ENSG00000272791"
"8925","ENSG00000271848"
"8926","ENSG00000242288"
"8927","ENSG00000271816"
"8928","ENSG00000272140"
"8929","ENSG00000279088"
"8930","ENSG00000279689"
"8931","ENSG00000280238"
"8932","ENSG00000272589"
"8933","ENSG00000224195"
"8934","ENSG00000229990"
"8935","ENSG00000225761"
"8936","ENSG00000232342"
"8937","ENSG00000272748"
"8938","ENSG00000234149"
"8939","ENSG00000227186"
"8940","ENSG00000285810"
"8941","ENSG00000226051"
"8942","ENSG00000270087"
"8943","ENSG00000237149"
"8944","ENSG00000273248"
"8945","ENSG00000272692"
"8946","ENSG00000236842"
"8947","ENSG00000279814"
"8948","ENSG00000286715"
"8949","ENSG00000268659"
"8950","ENSG00000228280"
"8951","ENSG00000278992"
"8952","ENSG00000230575"
"8953","ENSG00000269256"
"8954","ENSG00000236467"
"8955","ENSG00000225497"
"8956","ENSG00000224500"
"8957","ENSG00000225652"
"8958","ENSG00000228748"
"8959","ENSG00000204049"
"8960","ENSG00000233871"
"8961","ENSG00000283096"
"8962","ENSG00000282863"
"8963","ENSG00000230417"
"8964","ENSG00000288090"
"8965","ENSG00000229543"
"8966","ENSG00000230229"
"8967","ENSG00000282952"
"8968","ENSG00000228683"
"8969","ENSG00000224596"
"8970","ENSG00000229569"
"8971","ENSG00000235426"
"8972","ENSG00000241317"
"8973","ENSG00000226676"
"8974","ENSG00000244733"
"8975","ENSG00000225484"
"8976","ENSG00000272489"
"8977","ENSG00000280355"
"8978","ENSG00000272447"
"8979","ENSG00000283913"
"8980","ENSG00000273372"
"8981","ENSG00000280259"
"8982","ENSG00000230091"
"8983","ENSG00000279399"
"8984","ENSG00000237523"
"8985","ENSG00000279359"
"8986","ENSG00000235858"
"8987","ENSG00000226659"
"8988","ENSG00000231082"
"8989","ENSG00000287358"
"8990","ENSG00000285739"
"8991","ENSG00000229458"
"8992","ENSG00000225738"
"8993","ENSG00000233945"
"8994","ENSG00000286876"
"8995","ENSG00000233258"
"8996","ENSG00000271933"
"8997","ENSG00000285972"
"8998","ENSG00000229404"
"8999","ENSG00000237267"
"9000","ENSG00000287057"
"9001","ENSG00000223993"
"9002","ENSG00000224504"
"9003","ENSG00000230962"
"9004","ENSG00000279910"
"9005","ENSG00000280134"
"9006","ENSG00000234942"
"9007","ENSG00000270002"
"9008","ENSG00000287475"
"9009","ENSG00000286359"
"9010","ENSG00000227896"
"9011","ENSG00000272631"
"9012","ENSG00000281974"
"9013","ENSG00000272734"
"9014","ENSG00000273413"
"9015","ENSG00000271880"
"9016","ENSG00000151303"
"9017","ENSG00000272508"
"9018","ENSG00000229969"
"9019","ENSG00000237280"
"9020","ENSG00000223482"
"9021","ENSG00000287077"
"9022","ENSG00000224914"
"9023","ENSG00000228055"
"9024","ENSG00000286445"
"9025","ENSG00000223761"
"9026","ENSG00000225913"
"9027","ENSG00000196566"
"9028","ENSG00000224745"
"9029","ENSG00000180139"
"9030","ENSG00000286116"
"9031","ENSG00000261438"
"9032","ENSG00000232110"
"9033","ENSG00000234452"
"9034","ENSG00000232936"
"9035","ENSG00000225836"
"9036","ENSG00000235100"
"9037","ENSG00000240996"
"9038","ENSG00000232229"
"9039","ENSG00000280560"
"9040","ENSG00000226159"
"9041","ENSG00000287150"
"9042","ENSG00000236373"
"9043","ENSG00000224750"
"9044","ENSG00000238291"
"9045","ENSG00000283053"
"9046","ENSG00000225519"
"9047","ENSG00000273124"
"9048","ENSG00000224851"
"9049","ENSG00000286981"
"9050","ENSG00000228701"
"9051","ENSG00000272817"
"9052","ENSG00000286795"
"9053","ENSG00000226425"
"9054","ENSG00000285846"
"9055","ENSG00000279607"
"9056","ENSG00000280660"
"9057","ENSG00000280485"
"9058","ENSG00000232913"
"9059","ENSG00000231575"
"9060","ENSG00000228553"
"9061","ENSG00000268894"
"9062","ENSG00000273450"
"9063","ENSG00000244332"
"9064","ENSG00000231829"
"9065","ENSG00000234026"
"9066","ENSG00000226688"
"9067","ENSG00000240527"
"9068","ENSG00000287009"
"9069","ENSG00000229418"
"9070","ENSG00000234855"
"9071","ENSG00000286683"
"9072","ENSG00000225850"
"9073","ENSG00000231970"
"9074","ENSG00000227356"
"9075","ENSG00000230928"
"9076","ENSG00000287261"
"9077","ENSG00000224934"
"9078","ENSG00000257582"
"9079","ENSG00000228778"
"9080","ENSG00000260475"
"9081","ENSG00000229278"
"9082","ENSG00000227695"
"9083","ENSG00000236308"
"9084","ENSG00000227492"
"9085","ENSG00000231188"
"9086","ENSG00000235823"
"9087","ENSG00000272572"
"9088","ENSG00000273476"
"9089","ENSG00000236662"
"9090","ENSG00000273162"
"9091","ENSG00000236311"
"9092","ENSG00000237579"
"9093","ENSG00000227128"
"9094","ENSG00000229649"
"9095","ENSG00000225208"
"9096","ENSG00000230967"
"9097","ENSG00000286489"
"9098","ENSG00000224817"
"9099","ENSG00000226009"
"9100","ENSG00000269609"
"9101","ENSG00000273262"
"9102","ENSG00000272933"
"9103","ENSG00000282772"
"9104","ENSG00000286575"
"9105","ENSG00000272912"
"9106","ENSG00000273485"
"9107","ENSG00000234699"
"9108","ENSG00000235470"
"9109","ENSG00000226431"
"9110","ENSG00000287419"
"9111","ENSG00000273108"
"9112","ENSG00000280693"
"9113","ENSG00000260461"
"9114","ENSG00000270075"
"9115","ENSG00000228261"
"9116","ENSG00000231233"
"9117","ENSG00000225768"
"9118","ENSG00000237761"
"9119","ENSG00000226387"
"9120","ENSG00000229466"
"9121","ENSG00000287732"
"9122","ENSG00000286609"
"9123","ENSG00000229775"
"9124","ENSG00000287047"
"9125","ENSG00000229981"
"9126","ENSG00000203434"
"9127","ENSG00000223381"
"9128","ENSG00000203876"
"9129","ENSG00000228417"
"9130","ENSG00000273143"
"9131","ENSG00000232470"
"9132","ENSG00000203497"
"9133","ENSG00000278601"
"9134","ENSG00000270589"
"9135","ENSG00000227851"
"9136","ENSG00000287231"
"9137","ENSG00000232934"
"9138","ENSG00000233340"
"9139","ENSG00000285676"
"9140","ENSG00000260917"
"9141","ENSG00000279315"
"9142","ENSG00000225292"
"9143","ENSG00000233547"
"9144","ENSG00000286289"
"9145","ENSG00000234393"
"9146","ENSG00000287857"
"9147","ENSG00000285540"
"9148","ENSG00000275024"
"9149","ENSG00000279796"
"9150","ENSG00000228484"
"9151","ENSG00000236799"
"9152","ENSG00000285582"
"9153","ENSG00000285587"
"9154","ENSG00000232767"
"9155","ENSG00000287655"
"9156","ENSG00000234474"
"9157","ENSG00000225936"
"9158","ENSG00000277879"
"9159","ENSG00000258114"
"9160","ENSG00000229847"
"9161","ENSG00000235198"
"9162","ENSG00000288172"
"9163","ENSG00000234952"
"9164","ENSG00000263041"
"9165","ENSG00000231104"
"9166","ENSG00000177640"
"9167","ENSG00000238276"
"9168","ENSG00000232139"
"9169","ENSG00000277687"
"9170","ENSG00000229272"
"9171","ENSG00000228485"
"9172","ENSG00000236426"
"9173","ENSG00000177234"
"9174","ENSG00000274461"
"9175","ENSG00000227165"
"9176","ENSG00000287936"
"9177","ENSG00000271670"
"9178","ENSG00000227307"
"9179","ENSG00000278484"
"9180","ENSG00000227143"
"9181","ENSG00000223432"
"9182","ENSG00000224250"
"9183","ENSG00000276742"
"9184","ENSG00000273891"
"9185","ENSG00000285715"
"9186","ENSG00000285973"
"9187","ENSG00000285955"
"9188","ENSG00000230131"
"9189","ENSG00000225152"
"9190","ENSG00000286344"
"9191","ENSG00000234542"
"9192","ENSG00000231138"
"9193","ENSG00000234677"
"9194","ENSG00000287768"
"9195","ENSG00000271434"
"9196","ENSG00000278831"
"9197","ENSG00000233334"
"9198","ENSG00000249456"
"9199","ENSG00000226899"
"9200","ENSG00000273599"
"9201","ENSG00000282787"
"9202","ENSG00000237675"
"9203","ENSG00000228021"
"9204","ENSG00000224023"
"9205","ENSG00000280561"
"9206","ENSG00000234134"
"9207","ENSG00000236991"
"9208","ENSG00000233409"
"9209","ENSG00000287609"
"9210","ENSG00000235180"
"9211","ENSG00000287326"
"9212","ENSG00000223528"
"9213","ENSG00000232935"
"9214","ENSG00000279725"
"9215","ENSG00000232259"
"9216","ENSG00000227076"
"9217","ENSG00000287427"
"9218","ENSG00000280953"
"9219","ENSG00000234640"
"9220","ENSG00000224190"
"9221","ENSG00000232985"
"9222","ENSG00000287361"
"9223","ENSG00000225424"
"9224","ENSG00000285615"
"9225","ENSG00000287466"
"9226","ENSG00000237224"
"9227","ENSG00000227374"
"9228","ENSG00000283141"
"9229","ENSG00000275327"
"9230","ENSG00000275005"
"9231","ENSG00000287997"
"9232","ENSG00000277218"
"9233","ENSG00000236303"
"9234","ENSG00000285529"
"9235","ENSG00000230098"
"9236","ENSG00000189275"
"9237","ENSG00000286295"
"9238","ENSG00000280446"
"9239","ENSG00000283095"
"9240","ENSG00000277959"
"9241","ENSG00000273521"
"9242","ENSG00000279982"
"9243","ENSG00000235010"
"9244","ENSG00000231705"
"9245","ENSG00000234311"
"9246","ENSG00000180066"
"9247","ENSG00000226900"
"9248","ENSG00000229081"
"9249","ENSG00000232903"
"9250","ENSG00000224758"
"9251","ENSG00000240707"
"9252","ENSG00000256925"
"9253","ENSG00000166917"
"9254","ENSG00000273980"
"9255","ENSG00000235245"
"9256","ENSG00000226699"
"9257","ENSG00000274685"
"9258","ENSG00000278518"
"9259","ENSG00000286789"
"9260","ENSG00000288107"
"9261","ENSG00000287327"
"9262","ENSG00000254468"
"9263","ENSG00000230724"
"9264","ENSG00000255229"
"9265","ENSG00000254559"
"9266","ENSG00000255026"
"9267","ENSG00000254910"
"9268","ENSG00000251661"
"9269","ENSG00000255089"
"9270","ENSG00000270105"
"9271","ENSG00000270030"
"9272","ENSG00000255328"
"9273","ENSG00000270972"
"9274","ENSG00000255237"
"9275","ENSG00000288033"
"9276","ENSG00000254739"
"9277","ENSG00000254815"
"9278","ENSG00000247095"
"9279","ENSG00000255158"
"9280","ENSG00000269915"
"9281","ENSG00000255284"
"9282","ENSG00000279672"
"9283","ENSG00000255142"
"9284","ENSG00000255108"
"9285","ENSG00000250397"
"9286","ENSG00000254872"
"9287","ENSG00000286275"
"9288","ENSG00000255177"
"9289","ENSG00000255153"
"9290","ENSG00000287935"
"9291","ENSG00000285985"
"9292","ENSG00000285581"
"9293","ENSG00000233930"
"9294","ENSG00000231487"
"9295","ENSG00000205866"
"9296","ENSG00000205865"
"9297","ENSG00000227306"
"9298","ENSG00000235027"
"9299","ENSG00000229512"
"9300","ENSG00000287484"
"9301","ENSG00000230834"
"9302","ENSG00000249086"
"9303","ENSG00000229671"
"9304","ENSG00000226416"
"9305","ENSG00000232987"
"9306","ENSG00000130600"
"9307","ENSG00000240801"
"9308","ENSG00000099869"
"9309","ENSG00000238184"
"9310","ENSG00000230483"
"9311","ENSG00000269821"
"9312","ENSG00000229414"
"9313","ENSG00000237941"
"9314","ENSG00000183562"
"9315","ENSG00000247473"
"9316","ENSG00000285644"
"9317","ENSG00000234791"
"9318","ENSG00000236301"
"9319","ENSG00000224513"
"9320","ENSG00000254592"
"9321","ENSG00000254757"
"9322","ENSG00000287906"
"9323","ENSG00000255367"
"9324","ENSG00000287312"
"9325","ENSG00000228661"
"9326","ENSG00000229368"
"9327","ENSG00000255276"
"9328","ENSG00000254480"
"9329","ENSG00000171987"
"9330","ENSG00000236897"
"9331","ENSG00000224091"
"9332","ENSG00000285498"
"9333","ENSG00000260629"
"9334","ENSG00000254444"
"9335","ENSG00000267940"
"9336","ENSG00000282556"
"9337","ENSG00000254443"
"9338","ENSG00000254400"
"9339","ENSG00000254641"
"9340","ENSG00000285338"
"9341","ENSG00000255680"
"9342","ENSG00000255390"
"9343","ENSG00000255410"
"9344","ENSG00000283415"
"9345","ENSG00000255179"
"9346","ENSG00000251364"
"9347","ENSG00000254864"
"9348","ENSG00000275612"
"9349","ENSG00000276668"
"9350","ENSG00000271758"
"9351","ENSG00000254707"
"9352","ENSG00000254951"
"9353","ENSG00000255420"
"9354","ENSG00000254921"
"9355","ENSG00000248332"
"9356","ENSG00000279391"
"9357","ENSG00000246820"
"9358","ENSG00000254900"
"9359","ENSG00000254665"
"9360","ENSG00000255159"
"9361","ENSG00000254860"
"9362","ENSG00000253973"
"9363","ENSG00000286935"
"9364","ENSG00000255097"
"9365","ENSG00000254397"
"9366","ENSG00000268403"
"9367","ENSG00000245522"
"9368","ENSG00000246273"
"9369","ENSG00000255476"
"9370","ENSG00000286561"
"9371","ENSG00000254865"
"9372","ENSG00000254554"
"9373","ENSG00000177112"
"9374","ENSG00000246308"
"9375","ENSG00000247271"
"9376","ENSG00000250041"
"9377","ENSG00000254401"
"9378","ENSG00000255260"
"9379","ENSG00000255351"
"9380","ENSG00000255462"
"9381","ENSG00000280288"
"9382","ENSG00000286959"
"9383","ENSG00000254486"
"9384","ENSG00000254991"
"9385","ENSG00000255400"
"9386","ENSG00000254680"
"9387","ENSG00000254983"
"9388","ENSG00000254847"
"9389","ENSG00000286521"
"9390","ENSG00000254688"
"9391","ENSG00000255067"
"9392","ENSG00000203258"
"9393","ENSG00000251381"
"9394","ENSG00000254670"
"9395","ENSG00000255558"
"9396","ENSG00000287548"
"9397","ENSG00000254791"
"9398","ENSG00000255411"
"9399","ENSG00000254927"
"9400","ENSG00000254930"
"9401","ENSG00000254438"
"9402","ENSG00000254418"
"9403","ENSG00000254946"
"9404","ENSG00000254789"
"9405","ENSG00000254695"
"9406","ENSG00000254645"
"9407","ENSG00000286960"
"9408","ENSG00000254661"
"9409","ENSG00000254878"
"9410","ENSG00000285545"
"9411","ENSG00000260196"
"9412","ENSG00000287898"
"9413","ENSG00000254586"
"9414","ENSG00000255335"
"9415","ENSG00000255448"
"9416","ENSG00000255470"
"9417","ENSG00000285562"
"9418","ENSG00000256006"
"9419","ENSG00000256588"
"9420","ENSG00000279837"
"9421","ENSG00000254966"
"9422","ENSG00000286998"
"9423","ENSG00000255244"
"9424","ENSG00000255308"
"9425","ENSG00000255160"
"9426","ENSG00000255270"
"9427","ENSG00000255043"
"9428","ENSG00000254622"
"9429","ENSG00000270607"
"9430","ENSG00000254542"
"9431","ENSG00000254453"
"9432","ENSG00000254894"
"9433","ENSG00000279266"
"9434","ENSG00000286382"
"9435","ENSG00000254906"
"9436","ENSG00000255167"
"9437","ENSG00000287753"
"9438","ENSG00000287962"
"9439","ENSG00000254820"
"9440","ENSG00000255372"
"9441","ENSG00000254768"
"9442","ENSG00000254540"
"9443","ENSG00000255323"
"9444","ENSG00000255357"
"9445","ENSG00000246225"
"9446","ENSG00000255418"
"9447","ENSG00000255193"
"9448","ENSG00000254861"
"9449","ENSG00000254594"
"9450","ENSG00000254456"
"9451","ENSG00000254754"
"9452","ENSG00000287227"
"9453","ENSG00000254819"
"9454","ENSG00000254560"
"9455","ENSG00000254862"
"9456","ENSG00000245573"
"9457","ENSG00000254934"
"9458","ENSG00000255496"
"9459","ENSG00000255094"
"9460","ENSG00000254606"
"9461","ENSG00000248990"
"9462","ENSG00000249867"
"9463","ENSG00000254526"
"9464","ENSG00000254530"
"9465","ENSG00000255227"
"9466","ENSG00000255029"
"9467","ENSG00000255117"
"9468","ENSG00000254734"
"9469","ENSG00000261340"
"9470","ENSG00000254532"
"9471","ENSG00000255480"
"9472","ENSG00000254489"
"9473","ENSG00000287373"
"9474","ENSG00000255525"
"9475","ENSG00000228061"
"9476","ENSG00000281880"
"9477","ENSG00000254584"
"9478","ENSG00000254836"
"9479","ENSG00000254627"
"9480","ENSG00000255252"
"9481","ENSG00000255375"
"9482","ENSG00000183242"
"9483","ENSG00000280798"
"9484","ENSG00000247151"
"9485","ENSG00000255202"
"9486","ENSG00000254508"
"9487","ENSG00000255272"
"9488","ENSG00000255169"
"9489","ENSG00000254619"
"9490","ENSG00000255133"
"9491","ENSG00000184566"
"9492","ENSG00000286626"
"9493","ENSG00000255271"
"9494","ENSG00000255427"
"9495","ENSG00000255521"
"9496","ENSG00000255443"
"9497","ENSG00000251194"
"9498","ENSG00000255004"
"9499","ENSG00000255542"
"9500","ENSG00000254669"
"9501","ENSG00000254686"
"9502","ENSG00000285705"
"9503","ENSG00000285740"
"9504","ENSG00000254919"
"9505","ENSG00000255256"
"9506","ENSG00000280321"
"9507","ENSG00000254566"
"9508","ENSG00000255186"
"9509","ENSG00000255060"
"9510","ENSG00000280331"
"9511","ENSG00000254516"
"9512","ENSG00000279004"
"9513","ENSG00000255477"
"9514","ENSG00000255175"
"9515","ENSG00000254562"
"9516","ENSG00000285751"
"9517","ENSG00000279675"
"9518","ENSG00000255132"
"9519","ENSG00000255388"
"9520","ENSG00000255171"
"9521","ENSG00000255279"
"9522","ENSG00000254822"
"9523","ENSG00000255300"
"9524","ENSG00000255109"
"9525","ENSG00000254907"
"9526","ENSG00000255340"
"9527","ENSG00000254577"
"9528","ENSG00000283217"
"9529","ENSG00000235661"
"9530","ENSG00000283341"
"9531","ENSG00000246250"
"9532","ENSG00000283375"
"9533","ENSG00000244926"
"9534","ENSG00000254409"
"9535","ENSG00000244953"
"9536","ENSG00000255165"
"9537","ENSG00000255451"
"9538","ENSG00000254693"
"9539","ENSG00000255092"
"9540","ENSG00000255079"
"9541","ENSG00000255032"
"9542","ENSG00000254654"
"9543","ENSG00000287984"
"9544","ENSG00000254664"
"9545","ENSG00000254497"
"9546","ENSG00000254427"
"9547","ENSG00000255267"
"9548","ENSG00000255041"
"9549","ENSG00000286418"
"9550","ENSG00000254651"
"9551","ENSG00000254746"
"9552","ENSG00000254514"
"9553","ENSG00000255091"
"9554","ENSG00000254519"
"9555","ENSG00000255426"
"9556","ENSG00000255226"
"9557","ENSG00000205106"
"9558","ENSG00000255447"
"9559","ENSG00000255498"
"9560","ENSG00000254653"
"9561","ENSG00000255314"
"9562","ENSG00000255269"
"9563","ENSG00000254639"
"9564","ENSG00000255007"
"9565","ENSG00000285658"
"9566","ENSG00000247675"
"9567","ENSG00000286450"
"9568","ENSG00000255520"
"9569","ENSG00000270060"
"9570","ENSG00000256897"
"9571","ENSG00000256746"
"9572","ENSG00000255197"
"9573","ENSG00000270072"
"9574","ENSG00000231880"
"9575","ENSG00000254879"
"9576","ENSG00000288177"
"9577","ENSG00000287538"
"9578","ENSG00000286983"
"9579","ENSG00000254518"
"9580","ENSG00000254804"
"9581","ENSG00000255433"
"9582","ENSG00000254662"
"9583","ENSG00000255301"
"9584","ENSG00000254602"
"9585","ENSG00000255146"
"9586","ENSG00000285895"
"9587","ENSG00000255299"
"9588","ENSG00000269570"
"9589","ENSG00000280010"
"9590","ENSG00000255523"
"9591","ENSG00000255240"
"9592","ENSG00000245571"
"9593","ENSG00000214797"
"9594","ENSG00000287264"
"9595","ENSG00000255008"
"9596","ENSG00000255139"
"9597","ENSG00000255355"
"9598","ENSG00000254477"
"9599","ENSG00000214788"
"9600","ENSG00000254952"
"9601","ENSG00000255845"
"9602","ENSG00000255959"
"9603","ENSG00000256813"
"9604","ENSG00000257052"
"9605","ENSG00000256944"
"9606","ENSG00000256196"
"9607","ENSG00000256733"
"9608","ENSG00000279549"
"9609","ENSG00000256220"
"9610","ENSG00000279246"
"9611","ENSG00000279632"
"9612","ENSG00000255931"
"9613","ENSG00000279878"
"9614","ENSG00000256443"
"9615","ENSG00000250230"
"9616","ENSG00000255947"
"9617","ENSG00000124915"
"9618","ENSG00000279491"
"9619","ENSG00000255553"
"9620","ENSG00000285656"
"9621","ENSG00000254404"
"9622","ENSG00000255118"
"9623","ENSG00000255126"
"9624","ENSG00000255446"
"9625","ENSG00000250659"
"9626","ENSG00000257058"
"9627","ENSG00000254964"
"9628","ENSG00000267811"
"9629","ENSG00000269176"
"9630","ENSG00000269463"
"9631","ENSG00000256690"
"9632","ENSG00000255717"
"9633","ENSG00000257002"
"9634","ENSG00000287412"
"9635","ENSG00000203520"
"9636","ENSG00000256789"
"9637","ENSG00000256824"
"9638","ENSG00000256481"
"9639","ENSG00000256341"
"9640","ENSG00000256116"
"9641","ENSG00000256940"
"9642","ENSG00000257086"
"9643","ENSG00000257069"
"9644","ENSG00000236935"
"9645","ENSG00000231680"
"9646","ENSG00000231492"
"9647","ENSG00000181908"
"9648","ENSG00000286816"
"9649","ENSG00000232500"
"9650","ENSG00000237410"
"9651","ENSG00000269038"
"9652","ENSG00000229719"
"9653","ENSG00000254501"
"9654","ENSG00000255173"
"9655","ENSG00000278952"
"9656","ENSG00000254614"
"9657","ENSG00000287821"
"9658","ENSG00000287917"
"9659","ENSG00000255478"
"9660","ENSG00000245532"
"9661","ENSG00000279243"
"9662","ENSG00000286756"
"9663","ENSG00000251562"
"9664","ENSG00000270117"
"9665","ENSG00000279093"
"9666","ENSG00000260233"
"9667","ENSG00000285533"
"9668","ENSG00000255557"
"9669","ENSG00000255120"
"9670","ENSG00000255404"
"9671","ENSG00000286459"
"9672","ENSG00000255038"
"9673","ENSG00000255320"
"9674","ENSG00000254461"
"9675","ENSG00000254855"
"9676","ENSG00000254762"
"9677","ENSG00000245156"
"9678","ENSG00000254452"
"9679","ENSG00000254458"
"9680","ENSG00000254756"
"9681","ENSG00000255468"
"9682","ENSG00000254510"
"9683","ENSG00000255517"
"9684","ENSG00000286688"
"9685","ENSG00000250105"
"9686","ENSG00000287934"
"9687","ENSG00000287851"
"9688","ENSG00000274251"
"9689","ENSG00000275484"
"9690","ENSG00000255949"
"9691","ENSG00000184224"
"9692","ENSG00000255119"
"9693","ENSG00000254447"
"9694","ENSG00000251637"
"9695","ENSG00000255306"
"9696","ENSG00000255031"
"9697","ENSG00000255236"
"9698","ENSG00000286369"
"9699","ENSG00000260808"
"9700","ENSG00000250508"
"9701","ENSG00000255741"
"9702","ENSG00000261625"
"9703","ENSG00000261276"
"9704","ENSG00000256508"
"9705","ENSG00000260895"
"9706","ENSG00000261070"
"9707","ENSG00000260877"
"9708","ENSG00000259854"
"9709","ENSG00000255980"
"9710","ENSG00000255606"
"9711","ENSG00000261347"
"9712","ENSG00000255774"
"9713","ENSG00000285094"
"9714","ENSG00000260348"
"9715","ENSG00000260679"
"9716","ENSG00000255191"
"9717","ENSG00000254605"
"9718","ENSG00000248844"
"9719","ENSG00000254417"
"9720","ENSG00000255143"
"9721","ENSG00000254902"
"9722","ENSG00000254721"
"9723","ENSG00000254604"
"9724","ENSG00000254484"
"9725","ENSG00000255539"
"9726","ENSG00000254495"
"9727","ENSG00000246889"
"9728","ENSG00000227726"
"9729","ENSG00000279459"
"9730","ENSG00000226627"
"9731","ENSG00000236262"
"9732","ENSG00000280089"
"9733","ENSG00000171671"
"9734","ENSG00000286708"
"9735","ENSG00000254682"
"9736","ENSG00000286948"
"9737","ENSG00000248671"
"9738","ENSG00000254972"
"9739","ENSG00000285933"
"9740","ENSG00000251143"
"9741","ENSG00000204971"
"9742","ENSG00000285864"
"9743","ENSG00000255843"
"9744","ENSG00000256739"
"9745","ENSG00000255672"
"9746","ENSG00000256403"
"9747","ENSG00000227467"
"9748","ENSG00000256633"
"9749","ENSG00000255808"
"9750","ENSG00000256007"
"9751","ENSG00000286555"
"9752","ENSG00000245148"
"9753","ENSG00000285693"
"9754","ENSG00000256568"
"9755","ENSG00000215841"
"9756","ENSG00000260401"
"9757","ENSG00000257038"
"9758","ENSG00000256928"
"9759","ENSG00000256448"
"9760","ENSG00000255928"
"9761","ENSG00000256034"
"9762","ENSG00000255847"
"9763","ENSG00000287425"
"9764","ENSG00000280269"
"9765","ENSG00000246211"
"9766","ENSG00000254631"
"9767","ENSG00000255440"
"9768","ENSG00000254928"
"9769","ENSG00000254837"
"9770","ENSG00000279353"
"9771","ENSG00000278879"
"9772","ENSG00000286943"
"9773","ENSG00000284722"
"9774","ENSG00000255395"
"9775","ENSG00000255136"
"9776","ENSG00000254429"
"9777","ENSG00000279117"
"9778","ENSG00000254963"
"9779","ENSG00000254460"
"9780","ENSG00000255326"
"9781","ENSG00000255434"
"9782","ENSG00000254630"
"9783","ENSG00000247867"
"9784","ENSG00000254826"
"9785","ENSG00000254814"
"9786","ENSG00000255507"
"9787","ENSG00000255081"
"9788","ENSG00000255421"
"9789","ENSG00000254933"
"9790","ENSG00000255362"
"9791","ENSG00000255135"
"9792","ENSG00000255363"
"9793","ENSG00000255479"
"9794","ENSG00000254810"
"9795","ENSG00000236304"
"9796","ENSG00000254975"
"9797","ENSG00000254632"
"9798","ENSG00000255100"
"9799","ENSG00000261578"
"9800","ENSG00000254988"
"9801","ENSG00000268635"
"9802","ENSG00000254985"
"9803","ENSG00000255409"
"9804","ENSG00000254459"
"9805","ENSG00000254691"
"9806","ENSG00000255449"
"9807","ENSG00000254829"
"9808","ENSG00000254675"
"9809","ENSG00000246174"
"9810","ENSG00000254420"
"9811","ENSG00000254649"
"9812","ENSG00000251323"
"9813","ENSG00000255084"
"9814","ENSG00000254563"
"9815","ENSG00000255345"
"9816","ENSG00000254885"
"9817","ENSG00000255209"
"9818","ENSG00000279295"
"9819","ENSG00000254434"
"9820","ENSG00000255178"
"9821","ENSG00000285568"
"9822","ENSG00000287912"
"9823","ENSG00000245832"
"9824","ENSG00000254511"
"9825","ENSG00000255246"
"9826","ENSG00000255382"
"9827","ENSG00000254698"
"9828","ENSG00000246067"
"9829","ENSG00000255503"
"9830","ENSG00000279900"
"9831","ENSG00000254676"
"9832","ENSG00000247137"
"9833","ENSG00000269939"
"9834","ENSG00000254551"
"9835","ENSG00000255234"
"9836","ENSG00000255311"
"9837","ENSG00000254787"
"9838","ENSG00000255555"
"9839","ENSG00000279742"
"9840","ENSG00000255005"
"9841","ENSG00000254699"
"9842","ENSG00000254733"
"9843","ENSG00000278989"
"9844","ENSG00000254731"
"9845","ENSG00000255250"
"9846","ENSG00000269895"
"9847","ENSG00000255471"
"9848","ENSG00000280339"
"9849","ENSG00000246523"
"9850","ENSG00000279836"
"9851","ENSG00000279701"
"9852","ENSG00000278929"
"9853","ENSG00000255183"
"9854","ENSG00000279341"
"9855","ENSG00000279793"
"9856","ENSG00000285835"
"9857","ENSG00000280307"
"9858","ENSG00000255516"
"9859","ENSG00000255102"
"9860","ENSG00000255241"
"9861","ENSG00000279733"
"9862","ENSG00000288018"
"9863","ENSG00000255082"
"9864","ENSG00000279297"
"9865","ENSG00000279603"
"9866","ENSG00000279248"
"9867","ENSG00000279697"
"9868","ENSG00000255429"
"9869","ENSG00000279045"
"9870","ENSG00000279056"
"9871","ENSG00000280201"
"9872","ENSG00000279163"
"9873","ENSG00000254971"
"9874","ENSG00000286665"
"9875","ENSG00000279299"
"9876","ENSG00000280385"
"9877","ENSG00000280367"
"9878","ENSG00000261645"
"9879","ENSG00000280430"
"9880","ENSG00000280085"
"9881","ENSG00000279209"
"9882","ENSG00000279438"
"9883","ENSG00000255187"
"9884","ENSG00000280124"
"9885","ENSG00000278980"
"9886","ENSG00000280093"
"9887","ENSG00000255332"
"9888","ENSG00000278859"
"9889","ENSG00000254705"
"9890","ENSG00000255506"
"9891","ENSG00000282916"
"9892","ENSG00000254874"
"9893","ENSG00000278892"
"9894","ENSG00000279304"
"9895","ENSG00000280379"
"9896","ENSG00000279269"
"9897","ENSG00000255233"
"9898","ENSG00000279684"
"9899","ENSG00000279454"
"9900","ENSG00000278953"
"9901","ENSG00000254911"
"9902","ENSG00000279696"
"9903","ENSG00000250519"
"9904","ENSG00000255893"
"9905","ENSG00000255929"
"9906","ENSG00000280167"
"9907","ENSG00000233536"
"9908","ENSG00000255666"
"9909","ENSG00000256469"
"9910","ENSG00000245552"
"9911","ENSG00000250390"
"9912","ENSG00000285842"
"9913","ENSG00000255605"
"9914","ENSG00000285921"
"9915","ENSG00000255679"
"9916","ENSG00000256684"
"9917","ENSG00000254587"
"9918","ENSG00000255039"
"9919","ENSG00000255502"
"9920","ENSG00000254599"
"9921","ENSG00000254830"
"9922","ENSG00000248027"
"9923","ENSG00000282728"
"9924","ENSG00000260008"
"9925","ENSG00000277459"
"9926","ENSG00000254422"
"9927","ENSG00000255337"
"9928","ENSG00000255482"
"9929","ENSG00000256916"
"9930","ENSG00000281655"
"9931","ENSG00000260966"
"9932","ENSG00000285878"
"9933","ENSG00000254987"
"9934","ENSG00000255548"
"9935","ENSG00000256422"
"9936","ENSG00000285813"
"9937","ENSG00000254433"
"9938","ENSG00000254580"
"9939","ENSG00000286345"
"9940","ENSG00000287802"
"9941","ENSG00000261098"
"9942","ENSG00000288012"
"9943","ENSG00000255467"
"9944","ENSG00000285696"
"9945","ENSG00000203334"
"9946","ENSG00000255528"
"9947","ENSG00000255028"
"9948","ENSG00000254659"
"9949","ENSG00000287245"
"9950","ENSG00000254416"
"9951","ENSG00000287556"
"9952","ENSG00000271390"
"9953","ENSG00000271584"
"9954","ENSG00000287028"
"9955","ENSG00000196167"
"9956","ENSG00000288097"
"9957","ENSG00000255428"
"9958","ENSG00000286028"
"9959","ENSG00000254980"
"9960","ENSG00000254990"
"9961","ENSG00000254450"
"9962","ENSG00000255334"
"9963","ENSG00000254638"
"9964","ENSG00000268472"
"9965","ENSG00000250303"
"9966","ENSG00000254968"
"9967","ENSG00000255484"
"9968","ENSG00000285769"
"9969","ENSG00000287006"
"9970","ENSG00000254626"
"9971","ENSG00000288070"
"9972","ENSG00000247416"
"9973","ENSG00000227487"
"9974","ENSG00000255129"
"9975","ENSG00000270179"
"9976","ENSG00000256757"
"9977","ENSG00000256603"
"9978","ENSG00000256452"
"9979","ENSG00000286463"
"9980","ENSG00000256947"
"9981","ENSG00000256195"
"9982","ENSG00000287897"
"9983","ENSG00000256972"
"9984","ENSG00000255580"
"9985","ENSG00000256315"
"9986","ENSG00000256281"
"9987","ENSG00000255689"
"9988","ENSG00000255599"
"9989","ENSG00000260254"
"9990","ENSG00000279771"
"9991","ENSG00000256717"
"9992","ENSG00000279818"
"9993","ENSG00000288020"
"9994","ENSG00000246100"
"9995","ENSG00000257067"
"9996","ENSG00000236437"
"9997","ENSG00000278945"
"9998","ENSG00000237937"
"9999","ENSG00000226645"
"10000","ENSG00000236267"
"10001","ENSG00000285513"
"10002","ENSG00000235910"
"10003","ENSG00000224077"
"10004","ENSG00000280143"
"10005","ENSG00000278768"
"10006","ENSG00000276505"
"10007","ENSG00000250699"
"10008","ENSG00000279586"
"10009","ENSG00000270403"
"10010","ENSG00000254844"
"10011","ENSG00000254528"
"10012","ENSG00000280032"
"10013","ENSG00000254873"
"10014","ENSG00000269944"
"10015","ENSG00000255384"
"10016","ENSG00000255435"
"10017","ENSG00000255176"
"10018","ENSG00000255422"
"10019","ENSG00000287238"
"10020","ENSG00000278376"
"10021","ENSG00000245869"
"10022","ENSG00000255121"
"10023","ENSG00000254428"
"10024","ENSG00000255114"
"10025","ENSG00000271751"
"10026","ENSG00000272186"
"10027","ENSG00000245385"
"10028","ENSG00000245248"
"10029","ENSG00000254740"
"10030","ENSG00000263873"
"10031","ENSG00000254561"
"10032","ENSG00000255247"
"10033","ENSG00000254854"
"10034","ENSG00000287545"
"10035","ENSG00000288047"
"10036","ENSG00000286992"
"10037","ENSG00000254863"
"10038","ENSG00000255216"
"10039","ENSG00000286731"
"10040","ENSG00000176984"
"10041","ENSG00000259541"
"10042","ENSG00000250493"
"10043","ENSG00000246790"
"10044","ENSG00000286044"
"10045","ENSG00000286023"
"10046","ENSG00000286497"
"10047","ENSG00000255248"
"10048","ENSG00000255015"
"10049","ENSG00000255219"
"10050","ENSG00000286341"
"10051","ENSG00000285909"
"10052","ENSG00000288061"
"10053","ENSG00000254710"
"10054","ENSG00000254823"
"10055","ENSG00000254467"
"10056","ENSG00000285561"
"10057","ENSG00000255045"
"10058","ENSG00000250073"
"10059","ENSG00000279342"
"10060","ENSG00000245498"
"10061","ENSG00000254568"
"10062","ENSG00000254943"
"10063","ENSG00000285825"
"10064","ENSG00000255475"
"10065","ENSG00000254880"
"10066","ENSG00000259290"
"10067","ENSG00000254932"
"10068","ENSG00000255537"
"10069","ENSG00000260209"
"10070","ENSG00000255027"
"10071","ENSG00000254790"
"10072","ENSG00000261257"
"10073","ENSG00000287666"
"10074","ENSG00000254833"
"10075","ENSG00000254694"
"10076","ENSG00000254905"
"10077","ENSG00000255062"
"10078","ENSG00000280832"
"10079","ENSG00000257271"
"10080","ENSG00000254607"
"10081","ENSG00000254938"
"10082","ENSG00000279358"
"10083","ENSG00000254960"
"10084","ENSG00000255317"
"10085","ENSG00000218109"
"10086","ENSG00000255087"
"10087","ENSG00000272642"
"10088","ENSG00000273409"
"10089","ENSG00000273415"
"10090","ENSG00000272575"
"10091","ENSG00000254588"
"10092","ENSG00000245008"
"10093","ENSG00000254703"
"10094","ENSG00000281386"
"10095","ENSG00000281097"
"10096","ENSG00000287426"
"10097","ENSG00000233220"
"10098","ENSG00000175773"
"10099","ENSG00000175728"
"10100","ENSG00000288013"
"10101","ENSG00000254842"
"10102","ENSG00000255455"
"10103","ENSG00000236129"
"10104","ENSG00000227125"
"10105","ENSG00000237612"
"10106","ENSG00000231698"
"10107","ENSG00000237654"
"10108","ENSG00000285980"
"10109","ENSG00000224795"
"10110","ENSG00000238117"
"10111","ENSG00000224700"
"10112","ENSG00000238262"
"10113","ENSG00000279090"
"10114","ENSG00000279497"
"10115","ENSG00000255371"
"10116","ENSG00000279711"
"10117","ENSG00000279189"
"10118","ENSG00000254896"
"10119","ENSG00000287068"
"10120","ENSG00000255258"
"10121","ENSG00000255406"
"10122","ENSG00000204241"
"10123","ENSG00000254648"
"10124","ENSG00000255348"
"10125","ENSG00000255545"
"10126","ENSG00000254573"
"10127","ENSG00000286374"
"10128","ENSG00000254989"
"10129","ENSG00000285640"
"10130","ENSG00000255344"
"10131","ENSG00000251226"
"10132","ENSG00000287251"
"10133","ENSG00000255327"
"10134","ENSG00000279046"
"10135","ENSG00000285735"
"10136","ENSG00000255512"
"10137","ENSG00000249054"
"10138","ENSG00000256948"
"10139","ENSG00000249695"
"10140","ENSG00000256694"
"10141","ENSG00000256540"
"10142","ENSG00000255671"
"10143","ENSG00000256577"
"10144","ENSG00000255746"
"10145","ENSG00000261799"
"10146","ENSG00000256020"
"10147","ENSG00000255825"
"10148","ENSG00000177406"
"10149","ENSG00000256672"
"10150","ENSG00000285704"
"10151","ENSG00000250132"
"10152","ENSG00000249028"
"10153","ENSG00000267285"
"10154","ENSG00000249628"
"10155","ENSG00000285627"
"10156","ENSG00000287698"
"10157","ENSG00000256706"
"10158","ENSG00000235049"
"10159","ENSG00000203593"
"10160","ENSG00000256837"
"10161","ENSG00000256257"
"10162","ENSG00000278255"
"10163","ENSG00000256025"
"10164","ENSG00000256721"
"10165","ENSG00000285555"
"10166","ENSG00000285734"
"10167","ENSG00000256769"
"10168","ENSG00000256271"
"10169","ENSG00000246627"
"10170","ENSG00000256150"
"10171","ENSG00000274659"
"10172","ENSG00000258325"
"10173","ENSG00000258092"
"10174","ENSG00000278356"
"10175","ENSG00000250899"
"10176","ENSG00000256197"
"10177","ENSG00000275850"
"10178","ENSG00000287712"
"10179","ENSG00000236908"
"10180","ENSG00000257048"
"10181","ENSG00000256691"
"10182","ENSG00000287243"
"10183","ENSG00000280202"
"10184","ENSG00000283138"
"10185","ENSG00000256862"
"10186","ENSG00000256969"
"10187","ENSG00000255920"
"10188","ENSG00000256381"
"10189","ENSG00000255474"
"10190","ENSG00000256988"
"10191","ENSG00000255608"
"10192","ENSG00000286866"
"10193","ENSG00000287835"
"10194","ENSG00000256654"
"10195","ENSG00000284513"
"10196","ENSG00000285523"
"10197","ENSG00000256115"
"10198","ENSG00000256417"
"10199","ENSG00000256146"
"10200","ENSG00000256218"
"10201","ENSG00000255983"
"10202","ENSG00000255775"
"10203","ENSG00000256433"
"10204","ENSG00000215039"
"10205","ENSG00000276718"
"10206","ENSG00000276232"
"10207","ENSG00000255966"
"10208","ENSG00000269968"
"10209","ENSG00000245667"
"10210","ENSG00000247853"
"10211","ENSG00000219410"
"10212","ENSG00000270068"
"10213","ENSG00000269892"
"10214","ENSG00000275703"
"10215","ENSG00000272173"
"10216","ENSG00000257084"
"10217","ENSG00000271969"
"10218","ENSG00000205885"
"10219","ENSG00000256967"
"10220","ENSG00000285770"
"10221","ENSG00000255572"
"10222","ENSG00000287713"
"10223","ENSG00000288043"
"10224","ENSG00000282080"
"10225","ENSG00000279865"
"10226","ENSG00000284697"
"10227","ENSG00000226711"
"10228","ENSG00000276417"
"10229","ENSG00000275367"
"10230","ENSG00000215241"
"10231","ENSG00000286895"
"10232","ENSG00000286504"
"10233","ENSG00000226091"
"10234","ENSG00000256101"
"10235","ENSG00000255801"
"10236","ENSG00000280345"
"10237","ENSG00000255829"
"10238","ENSG00000256661"
"10239","ENSG00000249790"
"10240","ENSG00000256904"
"10241","ENSG00000282022"
"10242","ENSG00000257105"
"10243","ENSG00000214851"
"10244","ENSG00000245105"
"10245","ENSG00000237248"
"10246","ENSG00000256427"
"10247","ENSG00000286911"
"10248","ENSG00000260423"
"10249","ENSG00000287577"
"10250","ENSG00000284634"
"10251","ENSG00000272917"
"10252","ENSG00000256442"
"10253","ENSG00000257027"
"10254","ENSG00000256582"
"10255","ENSG00000255882"
"10256","ENSG00000225231"
"10257","ENSG00000231560"
"10258","ENSG00000256803"
"10259","ENSG00000255958"
"10260","ENSG00000256288"
"10261","ENSG00000256155"
"10262","ENSG00000245648"
"10263","ENSG00000256039"
"10264","ENSG00000256888"
"10265","ENSG00000256712"
"10266","ENSG00000275119"
"10267","ENSG00000255790"
"10268","ENSG00000256237"
"10269","ENSG00000247157"
"10270","ENSG00000205791"
"10271","ENSG00000255670"
"10272","ENSG00000275963"
"10273","ENSG00000257004"
"10274","ENSG00000275560"
"10275","ENSG00000256658"
"10276","ENSG00000247498"
"10277","ENSG00000256011"
"10278","ENSG00000255621"
"10279","ENSG00000286869"
"10280","ENSG00000180861"
"10281","ENSG00000256306"
"10282","ENSG00000277935"
"10283","ENSG00000287928"
"10284","ENSG00000256084"
"10285","ENSG00000255649"
"10286","ENSG00000256751"
"10287","ENSG00000214772"
"10288","ENSG00000261324"
"10289","ENSG00000286107"
"10290","ENSG00000256339"
"10291","ENSG00000255727"
"10292","ENSG00000256650"
"10293","ENSG00000255660"
"10294","ENSG00000255565"
"10295","ENSG00000286303"
"10296","ENSG00000256564"
"10297","ENSG00000283240"
"10298","ENSG00000255871"
"10299","ENSG00000287455"
"10300","ENSG00000285724"
"10301","ENSG00000256389"
"10302","ENSG00000256994"
"10303","ENSG00000255648"
"10304","ENSG00000253284"
"10305","ENSG00000287074"
"10306","ENSG00000255910"
"10307","ENSG00000256287"
"10308","ENSG00000287075"
"10309","ENSG00000256499"
"10310","ENSG00000256879"
"10311","ENSG00000256615"
"10312","ENSG00000255644"
"10313","ENSG00000257022"
"10314","ENSG00000275567"
"10315","ENSG00000274624"
"10316","ENSG00000256714"
"10317","ENSG00000250166"
"10318","ENSG00000256973"
"10319","ENSG00000257023"
"10320","ENSG00000256995"
"10321","ENSG00000256923"
"10322","ENSG00000256321"
"10323","ENSG00000115934"
"10324","ENSG00000256473"
"10325","ENSG00000256120"
"10326","ENSG00000197503"
"10327","ENSG00000255745"
"10328","ENSG00000256482"
"10329","ENSG00000278969"
"10330","ENSG00000255921"
"10331","ENSG00000226397"
"10332","ENSG00000258449"
"10333","ENSG00000276842"
"10334","ENSG00000274987"
"10335","ENSG00000275197"
"10336","ENSG00000278743"
"10337","ENSG00000279173"
"10338","ENSG00000257009"
"10339","ENSG00000256686"
"10340","ENSG00000256440"
"10341","ENSG00000256256"
"10342","ENSG00000246695"
"10343","ENSG00000256894"
"10344","ENSG00000286752"
"10345","ENSG00000256234"
"10346","ENSG00000255750"
"10347","ENSG00000278095"
"10348","ENSG00000255858"
"10349","ENSG00000255968"
"10350","ENSG00000256185"
"10351","ENSG00000234428"
"10352","ENSG00000247903"
"10353","ENSG00000275764"
"10354","ENSG00000256226"
"10355","ENSG00000245311"
"10356","ENSG00000248100"
"10357","ENSG00000256377"
"10358","ENSG00000276261"
"10359","ENSG00000256504"
"10360","ENSG00000256747"
"10361","ENSG00000256512"
"10362","ENSG00000257042"
"10363","ENSG00000247934"
"10364","ENSG00000278733"
"10365","ENSG00000273989"
"10366","ENSG00000256513"
"10367","ENSG00000257258"
"10368","ENSG00000275278"
"10369","ENSG00000275476"
"10370","ENSG00000257176"
"10371","ENSG00000274315"
"10372","ENSG00000273680"
"10373","ENSG00000257599"
"10374","ENSG00000257456"
"10375","ENSG00000286566"
"10376","ENSG00000257262"
"10377","ENSG00000257756"
"10378","ENSG00000257932"
"10379","ENSG00000285870"
"10380","ENSG00000246331"
"10381","ENSG00000235884"
"10382","ENSG00000285517"
"10383","ENSG00000245614"
"10384","ENSG00000275097"
"10385","ENSG00000177340"
"10386","ENSG00000256232"
"10387","ENSG00000275769"
"10388","ENSG00000255867"
"10389","ENSG00000287388"
"10390","ENSG00000276900"
"10391","ENSG00000255760"
"10392","ENSG00000276136"
"10393","ENSG00000257530"
"10394","ENSG00000277342"
"10395","ENSG00000274964"
"10396","ENSG00000276115"
"10397","ENSG00000276148"
"10398","ENSG00000274105"
"10399","ENSG00000275854"
"10400","ENSG00000286950"
"10401","ENSG00000274976"
"10402","ENSG00000257435"
"10403","ENSG00000259937"
"10404","ENSG00000273853"
"10405","ENSG00000245482"
"10406","ENSG00000256538"
"10407","ENSG00000255628"
"10408","ENSG00000255652"
"10409","ENSG00000287442"
"10410","ENSG00000258119"
"10411","ENSG00000257718"
"10412","ENSG00000258144"
"10413","ENSG00000286576"
"10414","ENSG00000285732"
"10415","ENSG00000260943"
"10416","ENSG00000223914"
"10417","ENSG00000225342"
"10418","ENSG00000258167"
"10419","ENSG00000274682"
"10420","ENSG00000257228"
"10421","ENSG00000257784"
"10422","ENSG00000257239"
"10423","ENSG00000286591"
"10424","ENSG00000274943"
"10425","ENSG00000257225"
"10426","ENSG00000258068"
"10427","ENSG00000257510"
"10428","ENSG00000257164"
"10429","ENSG00000257114"
"10430","ENSG00000257849"
"10431","ENSG00000257373"
"10432","ENSG00000258331"
"10433","ENSG00000257947"
"10434","ENSG00000275286"
"10435","ENSG00000286671"
"10436","ENSG00000257319"
"10437","ENSG00000287386"
"10438","ENSG00000278351"
"10439","ENSG00000257657"
"10440","ENSG00000273015"
"10441","ENSG00000278475"
"10442","ENSG00000274591"
"10443","ENSG00000258096"
"10444","ENSG00000257261"
"10445","ENSG00000257496"
"10446","ENSG00000275481"
"10447","ENSG00000278896"
"10448","ENSG00000272369"
"10449","ENSG00000274723"
"10450","ENSG00000247774"
"10451","ENSG00000257925"
"10452","ENSG00000258181"
"10453","ENSG00000276454"
"10454","ENSG00000257924"
"10455","ENSG00000257906"
"10456","ENSG00000276390"
"10457","ENSG00000257433"
"10458","ENSG00000280054"
"10459","ENSG00000274902"
"10460","ENSG00000277173"
"10461","ENSG00000268069"
"10462","ENSG00000276691"
"10463","ENSG00000274737"
"10464","ENSG00000257488"
"10465","ENSG00000205537"
"10466","ENSG00000278385"
"10467","ENSG00000279840"
"10468","ENSG00000258203"
"10469","ENSG00000257985"
"10470","ENSG00000257955"
"10471","ENSG00000276814"
"10472","ENSG00000274124"
"10473","ENSG00000279875"
"10474","ENSG00000269514"
"10475","ENSG00000258234"
"10476","ENSG00000275228"
"10477","ENSG00000257735"
"10478","ENSG00000273765"
"10479","ENSG00000258121"
"10480","ENSG00000257653"
"10481","ENSG00000257660"
"10482","ENSG00000258283"
"10483","ENSG00000257913"
"10484","ENSG00000257346"
"10485","ENSG00000258017"
"10486","ENSG00000258101"
"10487","ENSG00000258232"
"10488","ENSG00000258334"
"10489","ENSG00000287537"
"10490","ENSG00000257964"
"10491","ENSG00000258057"
"10492","ENSG00000257253"
"10493","ENSG00000257771"
"10494","ENSG00000258135"
"10495","ENSG00000257588"
"10496","ENSG00000257378"
"10497","ENSG00000272368"
"10498","ENSG00000257298"
"10499","ENSG00000257256"
"10500","ENSG00000274156"
"10501","ENSG00000274797"
"10502","ENSG00000278126"
"10503","ENSG00000271065"
"10504","ENSG00000260122"
"10505","ENSG00000260473"
"10506","ENSG00000261586"
"10507","ENSG00000259887"
"10508","ENSG00000259884"
"10509","ENSG00000257663"
"10510","ENSG00000257989"
"10511","ENSG00000258279"
"10512","ENSG00000257137"
"10513","ENSG00000257671"
"10514","ENSG00000257830"
"10515","ENSG00000287051"
"10516","ENSG00000257829"
"10517","ENSG00000258253"
"10518","ENSG00000257500"
"10519","ENSG00000257495"
"10520","ENSG00000257700"
"10521","ENSG00000257475"
"10522","ENSG00000257337"
"10523","ENSG00000257808"
"10524","ENSG00000257605"
"10525","ENSG00000257379"
"10526","ENSG00000282977"
"10527","ENSG00000270175"
"10528","ENSG00000257550"
"10529","ENSG00000285692"
"10530","ENSG00000286069"
"10531","ENSG00000260492"
"10532","ENSG00000260030"
"10533","ENSG00000249641"
"10534","ENSG00000228630"
"10535","ENSG00000251151"
"10536","ENSG00000250133"
"10537","ENSG00000250451"
"10538","ENSG00000273046"
"10539","ENSG00000260597"
"10540","ENSG00000248265"
"10541","ENSG00000249388"
"10542","ENSG00000250432"
"10543","ENSG00000250742"
"10544","ENSG00000260470"
"10545","ENSG00000257534"
"10546","ENSG00000248576"
"10547","ENSG00000257596"
"10548","ENSG00000258344"
"10549","ENSG00000258137"
"10550","ENSG00000258086"
"10551","ENSG00000257477"
"10552","ENSG00000257824"
"10553","ENSG00000257634"
"10554","ENSG00000257870"
"10555","ENSG00000258763"
"10556","ENSG00000258921"
"10557","ENSG00000258056"
"10558","ENSG00000257509"
"10559","ENSG00000273973"
"10560","ENSG00000258554"
"10561","ENSG00000273890"
"10562","ENSG00000257449"
"10563","ENSG00000257553"
"10564","ENSG00000258345"
"10565","ENSG00000258317"
"10566","ENSG00000257809"
"10567","ENSG00000258199"
"10568","ENSG00000258260"
"10569","ENSG00000257303"
"10570","ENSG00000257740"
"10571","ENSG00000276272"
"10572","ENSG00000287715"
"10573","ENSG00000259125"
"10574","ENSG00000276727"
"10575","ENSG00000258001"
"10576","ENSG00000287200"
"10577","ENSG00000224713"
"10578","ENSG00000257342"
"10579","ENSG00000255737"
"10580","ENSG00000270039"
"10581","ENSG00000269903"
"10582","ENSG00000257953"
"10583","ENSG00000245651"
"10584","ENSG00000273805"
"10585","ENSG00000257698"
"10586","ENSG00000257541"
"10587","ENSG00000279134"
"10588","ENSG00000279411"
"10589","ENSG00000258231"
"10590","ENSG00000257259"
"10591","ENSG00000257443"
"10592","ENSG00000286351"
"10593","ENSG00000286279"
"10594","ENSG00000258214"
"10595","ENSG00000257230"
"10596","ENSG00000257294"
"10597","ENSG00000287014"
"10598","ENSG00000286402"
"10599","ENSG00000257880"
"10600","ENSG00000257568"
"10601","ENSG00000221949"
"10602","ENSG00000257354"
"10603","ENSG00000275180"
"10604","ENSG00000257235"
"10605","ENSG00000279444"
"10606","ENSG00000258117"
"10607","ENSG00000249753"
"10608","ENSG00000255850"
"10609","ENSG00000256571"
"10610","ENSG00000255886"
"10611","ENSG00000287618"
"10612","ENSG00000255817"
"10613","ENSG00000255629"
"10614","ENSG00000277895"
"10615","ENSG00000256199"
"10616","ENSG00000256670"
"10617","ENSG00000225195"
"10618","ENSG00000256314"
"10619","ENSG00000280320"
"10620","ENSG00000280181"
"10621","ENSG00000215159"
"10622","ENSG00000286682"
"10623","ENSG00000255693"
"10624","ENSG00000248995"
"10625","ENSG00000198671"
"10626","ENSG00000276853"
"10627","ENSG00000250280"
"10628","ENSG00000250748"
"10629","ENSG00000255866"
"10630","ENSG00000256268"
"10631","ENSG00000256915"
"10632","ENSG00000277945"
"10633","ENSG00000197301"
"10634","ENSG00000256083"
"10635","ENSG00000256259"
"10636","ENSG00000239335"
"10637","ENSG00000256072"
"10638","ENSG00000257083"
"10639","ENSG00000279310"
"10640","ENSG00000286563"
"10641","ENSG00000256172"
"10642","ENSG00000203585"
"10643","ENSG00000256077"
"10644","ENSG00000235872"
"10645","ENSG00000255970"
"10646","ENSG00000279505"
"10647","ENSG00000255772"
"10648","ENSG00000255733"
"10649","ENSG00000251301"
"10650","ENSG00000256273"
"10651","ENSG00000273824"
"10652","ENSG00000247363"
"10653","ENSG00000256325"
"10654","ENSG00000257181"
"10655","ENSG00000258140"
"10656","ENSG00000274979"
"10657","ENSG00000257764"
"10658","ENSG00000257507"
"10659","ENSG00000279551"
"10660","ENSG00000247131"
"10661","ENSG00000257815"
"10662","ENSG00000257241"
"10663","ENSG00000257139"
"10664","ENSG00000257613"
"10665","ENSG00000287132"
"10666","ENSG00000279530"
"10667","ENSG00000258168"
"10668","ENSG00000277247"
"10669","ENSG00000257265"
"10670","ENSG00000257454"
"10671","ENSG00000258053"
"10672","ENSG00000277223"
"10673","ENSG00000257761"
"10674","ENSG00000257515"
"10675","ENSG00000257410"
"10676","ENSG00000258115"
"10677","ENSG00000236333"
"10678","ENSG00000258235"
"10679","ENSG00000258294"
"10680","ENSG00000258123"
"10681","ENSG00000257682"
"10682","ENSG00000257750"
"10683","ENSG00000251138"
"10684","ENSG00000257587"
"10685","ENSG00000258332"
"10686","ENSG00000257183"
"10687","ENSG00000257386"
"10688","ENSG00000257434"
"10689","ENSG00000254451"
"10690","ENSG00000273987"
"10691","ENSG00000257497"
"10692","ENSG00000258077"
"10693","ENSG00000286259"
"10694","ENSG00000258088"
"10695","ENSG00000257329"
"10696","ENSG00000257453"
"10697","ENSG00000257839"
"10698","ENSG00000257219"
"10699","ENSG00000257526"
"10700","ENSG00000287030"
"10701","ENSG00000257910"
"10702","ENSG00000286476"
"10703","ENSG00000257677"
"10704","ENSG00000257835"
"10705","ENSG00000258066"
"10706","ENSG00000258225"
"10707","ENSG00000258220"
"10708","ENSG00000258084"
"10709","ENSG00000257879"
"10710","ENSG00000257165"
"10711","ENSG00000257948"
"10712","ENSG00000257191"
"10713","ENSG00000257894"
"10714","ENSG00000257474"
"10715","ENSG00000258048"
"10716","ENSG00000277130"
"10717","ENSG00000258044"
"10718","ENSG00000257557"
"10719","ENSG00000257429"
"10720","ENSG00000257741"
"10721","ENSG00000258026"
"10722","ENSG00000257467"
"10723","ENSG00000258162"
"10724","ENSG00000257747"
"10725","ENSG00000258170"
"10726","ENSG00000257837"
"10727","ENSG00000257431"
"10728","ENSG00000286043"
"10729","ENSG00000258338"
"10730","ENSG00000257124"
"10731","ENSG00000285191"
"10732","ENSG00000257729"
"10733","ENSG00000258815"
"10734","ENSG00000258178"
"10735","ENSG00000258185"
"10736","ENSG00000280049"
"10737","ENSG00000257912"
"10738","ENSG00000257940"
"10739","ENSG00000281333"
"10740","ENSG00000278011"
"10741","ENSG00000246363"
"10742","ENSG00000274021"
"10743","ENSG00000286608"
"10744","ENSG00000271327"
"10745","ENSG00000271259"
"10746","ENSG00000270344"
"10747","ENSG00000279939"
"10748","ENSG00000258302"
"10749","ENSG00000271614"
"10750","ENSG00000258216"
"10751","ENSG00000257725"
"10752","ENSG00000257194"
"10753","ENSG00000258183"
"10754","ENSG00000286021"
"10755","ENSG00000257995"
"10756","ENSG00000288102"
"10757","ENSG00000257787"
"10758","ENSG00000196243"
"10759","ENSG00000258100"
"10760","ENSG00000286049"
"10761","ENSG00000277738"
"10762","ENSG00000258125"
"10763","ENSG00000257893"
"10764","ENSG00000257863"
"10765","ENSG00000257242"
"10766","ENSG00000286907"
"10767","ENSG00000287714"
"10768","ENSG00000245904"
"10769","ENSG00000277851"
"10770","ENSG00000257127"
"10771","ENSG00000266923"
"10772","ENSG00000205056"
"10773","ENSG00000257345"
"10774","ENSG00000257322"
"10775","ENSG00000257746"
"10776","ENSG00000258171"
"10777","ENSG00000257252"
"10778","ENSG00000246985"
"10779","ENSG00000258274"
"10780","ENSG00000258303"
"10781","ENSG00000257283"
"10782","ENSG00000271382"
"10783","ENSG00000258035"
"10784","ENSG00000287237"
"10785","ENSG00000258172"
"10786","ENSG00000258365"
"10787","ENSG00000278916"
"10788","ENSG00000257400"
"10789","ENSG00000258313"
"10790","ENSG00000258343"
"10791","ENSG00000258292"
"10792","ENSG00000257878"
"10793","ENSG00000257715"
"10794","ENSG00000283422"
"10795","ENSG00000258177"
"10796","ENSG00000287454"
"10797","ENSG00000258272"
"10798","ENSG00000258131"
"10799","ENSG00000257470"
"10800","ENSG00000279190"
"10801","ENSG00000286434"
"10802","ENSG00000257920"
"10803","ENSG00000255794"
"10804","ENSG00000279798"
"10805","ENSG00000258312"
"10806","ENSG00000286056"
"10807","ENSG00000245017"
"10808","ENSG00000257167"
"10809","ENSG00000257458"
"10810","ENSG00000258039"
"10811","ENSG00000287675"
"10812","ENSG00000279148"
"10813","ENSG00000280088"
"10814","ENSG00000257696"
"10815","ENSG00000257325"
"10816","ENSG00000258007"
"10817","ENSG00000257543"
"10818","ENSG00000257514"
"10819","ENSG00000274560"
"10820","ENSG00000257202"
"10821","ENSG00000258308"
"10822","ENSG00000257222"
"10823","ENSG00000281344"
"10824","ENSG00000283052"
"10825","ENSG00000258169"
"10826","ENSG00000282964"
"10827","ENSG00000288092"
"10828","ENSG00000257703"
"10829","ENSG00000257860"
"10830","ENSG00000286197"
"10831","ENSG00000257762"
"10832","ENSG00000257737"
"10833","ENSG00000257766"
"10834","ENSG00000257681"
"10835","ENSG00000257754"
"10836","ENSG00000257327"
"10837","ENSG00000257193"
"10838","ENSG00000286258"
"10839","ENSG00000257732"
"10840","ENSG00000279176"
"10841","ENSG00000286410"
"10842","ENSG00000286903"
"10843","ENSG00000257642"
"10844","ENSG00000286520"
"10845","ENSG00000257859"
"10846","ENSG00000257890"
"10847","ENSG00000257438"
"10848","ENSG00000258355"
"10849","ENSG00000277715"
"10850","ENSG00000257545"
"10851","ENSG00000257711"
"10852","ENSG00000257918"
"10853","ENSG00000287957"
"10854","ENSG00000260329"
"10855","ENSG00000257548"
"10856","ENSG00000286678"
"10857","ENSG00000257579"
"10858","ENSG00000258136"
"10859","ENSG00000257398"
"10860","ENSG00000247213"
"10861","ENSG00000287202"
"10862","ENSG00000257221"
"10863","ENSG00000280110"
"10864","ENSG00000274598"
"10865","ENSG00000279630"
"10866","ENSG00000256262"
"10867","ENSG00000256139"
"10868","ENSG00000256560"
"10869","ENSG00000255655"
"10870","ENSG00000255650"
"10871","ENSG00000249094"
"10872","ENSG00000277299"
"10873","ENSG00000280426"
"10874","ENSG00000277595"
"10875","ENSG00000279360"
"10876","ENSG00000258210"
"10877","ENSG00000278993"
"10878","ENSG00000279925"
"10879","ENSG00000257268"
"10880","ENSG00000185847"
"10881","ENSG00000258240"
"10882","ENSG00000257595"
"10883","ENSG00000258099"
"10884","ENSG00000234608"
"10885","ENSG00000274227"
"10886","ENSG00000258323"
"10887","ENSG00000257494"
"10888","ENSG00000257452"
"10889","ENSG00000257286"
"10890","ENSG00000277566"
"10891","ENSG00000257935"
"10892","ENSG00000249550"
"10893","ENSG00000287229"
"10894","ENSG00000257359"
"10895","ENSG00000257603"
"10896","ENSG00000257997"
"10897","ENSG00000257476"
"10898","ENSG00000255399"
"10899","ENSG00000258254"
"10900","ENSG00000257817"
"10901","ENSG00000287982"
"10902","ENSG00000257517"
"10903","ENSG00000283459"
"10904","ENSG00000257958"
"10905","ENSG00000257519"
"10906","ENSG00000271579"
"10907","ENSG00000276308"
"10908","ENSG00000276972"
"10909","ENSG00000257726"
"10910","ENSG00000258108"
"10911","ENSG00000257407"
"10912","ENSG00000257781"
"10913","ENSG00000257683"
"10914","ENSG00000286991"
"10915","ENSG00000258034"
"10916","ENSG00000258337"
"10917","ENSG00000286354"
"10918","ENSG00000258346"
"10919","ENSG00000258018"
"10920","ENSG00000196668"
"10921","ENSG00000275898"
"10922","ENSG00000258249"
"10923","ENSG00000257883"
"10924","ENSG00000257654"
"10925","ENSG00000275467"
"10926","ENSG00000274554"
"10927","ENSG00000257279"
"10928","ENSG00000277840"
"10929","ENSG00000258285"
"10930","ENSG00000255686"
"10931","ENSG00000256071"
"10932","ENSG00000277873"
"10933","ENSG00000276292"
"10934","ENSG00000274859"
"10935","ENSG00000270482"
"10936","ENSG00000275759"
"10937","ENSG00000275409"
"10938","ENSG00000255714"
"10939","ENSG00000256750"
"10940","ENSG00000255618"
"10941","ENSG00000255814"
"10942","ENSG00000256149"
"10943","ENSG00000286233"
"10944","ENSG00000257095"
"10945","ENSG00000256884"
"10946","ENSG00000256609"
"10947","ENSG00000256311"
"10948","ENSG00000281196"
"10949","ENSG00000248636"
"10950","ENSG00000255692"
"10951","ENSG00000277283"
"10952","ENSG00000255857"
"10953","ENSG00000286067"
"10954","ENSG00000275936"
"10955","ENSG00000256695"
"10956","ENSG00000248008"
"10957","ENSG00000278344"
"10958","ENSG00000256008"
"10959","ENSG00000256364"
"10960","ENSG00000277423"
"10961","ENSG00000276188"
"10962","ENSG00000256569"
"10963","ENSG00000255946"
"10964","ENSG00000286493"
"10965","ENSG00000241388"
"10966","ENSG00000279001"
"10967","ENSG00000286248"
"10968","ENSG00000274029"
"10969","ENSG00000258435"
"10970","ENSG00000256742"
"10971","ENSG00000286586"
"10972","ENSG00000212694"
"10973","ENSG00000272849"
"10974","ENSG00000274292"
"10975","ENSG00000256811"
"10976","ENSG00000278084"
"10977","ENSG00000287493"
"10978","ENSG00000255856"
"10979","ENSG00000256546"
"10980","ENSG00000257097"
"10981","ENSG00000275265"
"10982","ENSG00000274191"
"10983","ENSG00000256249"
"10984","ENSG00000256152"
"10985","ENSG00000280138"
"10986","ENSG00000256028"
"10987","ENSG00000251497"
"10988","ENSG00000280381"
"10989","ENSG00000280120"
"10990","ENSG00000269980"
"10991","ENSG00000256092"
"10992","ENSG00000274427"
"10993","ENSG00000278112"
"10994","ENSG00000247373"
"10995","ENSG00000279953"
"10996","ENSG00000278861"
"10997","ENSG00000255839"
"10998","ENSG00000286092"
"10999","ENSG00000280300"
"11000","ENSG00000250091"
"11001","ENSG00000270130"
"11002","ENSG00000270048"
"11003","ENSG00000269997"
"11004","ENSG00000269938"
"11005","ENSG00000270061"
"11006","ENSG00000270095"
"11007","ENSG00000274874"
"11008","ENSG00000275389"
"11009","ENSG00000256596"
"11010","ENSG00000214650"
"11011","ENSG00000279527"
"11012","ENSG00000279071"
"11013","ENSG00000280354"
"11014","ENSG00000279121"
"11015","ENSG00000279334"
"11016","ENSG00000280097"
"11017","ENSG00000278973"
"11018","ENSG00000280444"
"11019","ENSG00000279087"
"11020","ENSG00000279931"
"11021","ENSG00000287242"
"11022","ENSG00000280634"
"11023","ENSG00000279233"
"11024","ENSG00000256814"
"11025","ENSG00000287240"
"11026","ENSG00000280117"
"11027","ENSG00000279462"
"11028","ENSG00000280125"
"11029","ENSG00000286209"
"11030","ENSG00000280415"
"11031","ENSG00000249267"
"11032","ENSG00000275212"
"11033","ENSG00000284848"
"11034","ENSG00000280364"
"11035","ENSG00000280398"
"11036","ENSG00000280272"
"11037","ENSG00000286386"
"11038","ENSG00000255595"
"11039","ENSG00000256494"
"11040","ENSG00000214043"
"11041","ENSG00000256732"
"11042","ENSG00000255944"
"11043","ENSG00000278866"
"11044","ENSG00000279171"
"11045","ENSG00000255998"
"11046","ENSG00000189238"
"11047","ENSG00000256128"
"11048","ENSG00000249873"
"11049","ENSG00000256286"
"11050","ENSG00000249345"
"11051","ENSG00000286016"
"11052","ENSG00000256001"
"11053","ENSG00000286791"
"11054","ENSG00000278266"
"11055","ENSG00000287339"
"11056","ENSG00000256292"
"11057","ENSG00000256362"
"11058","ENSG00000280024"
"11059","ENSG00000287365"
"11060","ENSG00000279952"
"11061","ENSG00000287112"
"11062","ENSG00000286922"
"11063","ENSG00000287622"
"11064","ENSG00000255945"
"11065","ENSG00000256022"
"11066","ENSG00000286662"
"11067","ENSG00000279475"
"11068","ENSG00000256597"
"11069","ENSG00000256193"
"11070","ENSG00000256971"
"11071","ENSG00000256643"
"11072","ENSG00000287311"
"11073","ENSG00000256551"
"11074","ENSG00000256659"
"11075","ENSG00000276487"
"11076","ENSG00000279180"
"11077","ENSG00000257025"
"11078","ENSG00000279500"
"11079","ENSG00000274695"
"11080","ENSG00000249196"
"11081","ENSG00000256699"
"11082","ENSG00000280051"
"11083","ENSG00000256085"
"11084","ENSG00000286246"
"11085","ENSG00000256137"
"11086","ENSG00000286394"
"11087","ENSG00000280196"
"11088","ENSG00000251536"
"11089","ENSG00000261650"
"11090","ENSG00000214039"
"11091","ENSG00000256298"
"11092","ENSG00000256906"
"11093","ENSG00000279193"
"11094","ENSG00000276122"
"11095","ENSG00000250208"
"11096","ENSG00000280405"
"11097","ENSG00000259862"
"11098","ENSG00000279343"
"11099","ENSG00000279478"
"11100","ENSG00000256064"
"11101","ENSG00000279905"
"11102","ENSG00000279146"
"11103","ENSG00000256343"
"11104","ENSG00000279650"
"11105","ENSG00000256250"
"11106","ENSG00000256299"
"11107","ENSG00000279940"
"11108","ENSG00000279976"
"11109","ENSG00000280200"
"11110","ENSG00000256204"
"11111","ENSG00000279581"
"11112","ENSG00000280002"
"11113","ENSG00000256151"
"11114","ENSG00000279128"
"11115","ENSG00000279993"
"11116","ENSG00000256810"
"11117","ENSG00000204603"
"11118","ENSG00000280217"
"11119","ENSG00000279746"
"11120","ENSG00000248703"
"11121","ENSG00000286462"
"11122","ENSG00000230294"
"11123","ENSG00000287792"
"11124","ENSG00000256484"
"11125","ENSG00000280319"
"11126","ENSG00000275232"
"11127","ENSG00000287136"
"11128","ENSG00000256209"
"11129","ENSG00000279388"
"11130","ENSG00000279455"
"11131","ENSG00000256258"
"11132","ENSG00000256424"
"11133","ENSG00000287639"
"11134","ENSG00000279153"
"11135","ENSG00000249926"
"11136","ENSG00000255933"
"11137","ENSG00000256955"
"11138","ENSG00000279283"
"11139","ENSG00000255992"
"11140","ENSG00000273568"
"11141","ENSG00000257000"
"11142","ENSG00000274670"
"11143","ENSG00000279640"
"11144","ENSG00000276693"
"11145","ENSG00000256576"
"11146","ENSG00000256312"
"11147","ENSG00000279480"
"11148","ENSG00000256943"
"11149","ENSG00000256542"
"11150","ENSG00000278872"
"11151","ENSG00000277011"
"11152","ENSG00000255916"
"11153","ENSG00000279113"
"11154","ENSG00000286008"
"11155","ENSG00000279704"
"11156","ENSG00000279023"
"11157","ENSG00000280150"
"11158","ENSG00000274373"
"11159","ENSG00000256783"
"11160","ENSG00000256875"
"11161","ENSG00000280287"
"11162","ENSG00000279700"
"11163","ENSG00000277186"
"11164","ENSG00000280311"
"11165","ENSG00000256632"
"11166","ENSG00000278949"
"11167","ENSG00000236617"
"11168","ENSG00000250790"
"11169","ENSG00000246394"
"11170","ENSG00000279466"
"11171","ENSG00000279817"
"11172","ENSG00000271963"
"11173","ENSG00000279516"
"11174","ENSG00000231238"
"11175","ENSG00000229788"
"11176","ENSG00000231914"
"11177","ENSG00000226250"
"11178","ENSG00000231358"
"11179","ENSG00000232685"
"11180","ENSG00000226619"
"11181","ENSG00000287861"
"11182","ENSG00000232243"
"11183","ENSG00000236834"
"11184","ENSG00000229791"
"11185","ENSG00000225316"
"11186","ENSG00000226352"
"11187","ENSG00000223576"
"11188","ENSG00000275964"
"11189","ENSG00000279951"
"11190","ENSG00000236076"
"11191","ENSG00000260131"
"11192","ENSG00000279065"
"11193","ENSG00000277020"
"11194","ENSG00000278291"
"11195","ENSG00000279135"
"11196","ENSG00000275485"
"11197","ENSG00000233851"
"11198","ENSG00000233405"
"11199","ENSG00000224429"
"11200","ENSG00000236953"
"11201","ENSG00000226722"
"11202","ENSG00000276476"
"11203","ENSG00000287357"
"11204","ENSG00000262619"
"11205","ENSG00000262198"
"11206","ENSG00000283075"
"11207","ENSG00000229483"
"11208","ENSG00000229558"
"11209","ENSG00000232977"
"11210","ENSG00000227893"
"11211","ENSG00000205861"
"11212","ENSG00000287530"
"11213","ENSG00000228741"
"11214","ENSG00000227213"
"11215","ENSG00000240868"
"11216","ENSG00000261498"
"11217","ENSG00000288103"
"11218","ENSG00000287376"
"11219","ENSG00000243008"
"11220","ENSG00000285806"
"11221","ENSG00000287887"
"11222","ENSG00000279695"
"11223","ENSG00000238169"
"11224","ENSG00000234056"
"11225","ENSG00000279550"
"11226","ENSG00000225105"
"11227","ENSG00000260509"
"11228","ENSG00000231983"
"11229","ENSG00000277368"
"11230","ENSG00000285929"
"11231","ENSG00000237001"
"11232","ENSG00000285935"
"11233","ENSG00000283579"
"11234","ENSG00000232162"
"11235","ENSG00000230641"
"11236","ENSG00000275294"
"11237","ENSG00000234772"
"11238","ENSG00000229609"
"11239","ENSG00000273552"
"11240","ENSG00000247381"
"11241","ENSG00000260704"
"11242","ENSG00000261485"
"11243","ENSG00000279393"
"11244","ENSG00000236758"
"11245","ENSG00000179141"
"11246","ENSG00000224329"
"11247","ENSG00000224405"
"11248","ENSG00000122043"
"11249","ENSG00000266505"
"11250","ENSG00000224511"
"11251","ENSG00000232117"
"11252","ENSG00000232643"
"11253","ENSG00000279499"
"11254","ENSG00000236463"
"11255","ENSG00000238121"
"11256","ENSG00000279149"
"11257","ENSG00000285773"
"11258","ENSG00000225039"
"11259","ENSG00000285840"
"11260","ENSG00000237879"
"11261","ENSG00000236094"
"11262","ENSG00000224743"
"11263","ENSG00000238185"
"11264","ENSG00000230403"
"11265","ENSG00000286286"
"11266","ENSG00000278305"
"11267","ENSG00000287904"
"11268","ENSG00000279314"
"11269","ENSG00000237637"
"11270","ENSG00000270008"
"11271","ENSG00000281026"
"11272","ENSG00000277151"
"11273","ENSG00000226968"
"11274","ENSG00000230300"
"11275","ENSG00000236581"
"11276","ENSG00000287274"
"11277","ENSG00000227911"
"11278","ENSG00000285621"
"11279","ENSG00000277386"
"11280","ENSG00000230490"
"11281","ENSG00000234535"
"11282","ENSG00000232986"
"11283","ENSG00000286779"
"11284","ENSG00000276672"
"11285","ENSG00000280431"
"11286","ENSG00000271850"
"11287","ENSG00000225179"
"11288","ENSG00000271901"
"11289","ENSG00000261728"
"11290","ENSG00000287650"
"11291","ENSG00000236036"
"11292","ENSG00000120664"
"11293","ENSG00000236711"
"11294","ENSG00000279511"
"11295","ENSG00000230390"
"11296","ENSG00000275226"
"11297","ENSG00000287477"
"11298","ENSG00000274317"
"11299","ENSG00000223685"
"11300","ENSG00000279025"
"11301","ENSG00000236354"
"11302","ENSG00000229437"
"11303","ENSG00000225350"
"11304","ENSG00000273507"
"11305","ENSG00000215483"
"11306","ENSG00000230710"
"11307","ENSG00000287837"
"11308","ENSG00000278390"
"11309","ENSG00000277662"
"11310","ENSG00000278338"
"11311","ENSG00000231530"
"11312","ENSG00000283554"
"11313","ENSG00000271216"
"11314","ENSG00000229546"
"11315","ENSG00000229928"
"11316","ENSG00000238189"
"11317","ENSG00000233821"
"11318","ENSG00000287842"
"11319","ENSG00000287029"
"11320","ENSG00000270522"
"11321","ENSG00000274001"
"11322","ENSG00000280060"
"11323","ENSG00000233725"
"11324","ENSG00000226519"
"11325","ENSG00000227258"
"11326","ENSG00000235285"
"11327","ENSG00000276854"
"11328","ENSG00000230731"
"11329","ENSG00000277831"
"11330","ENSG00000237361"
"11331","ENSG00000280357"
"11332","ENSG00000278156"
"11333","ENSG00000237585"
"11334","ENSG00000276527"
"11335","ENSG00000235097"
"11336","ENSG00000223732"
"11337","ENSG00000273149"
"11338","ENSG00000170919"
"11339","ENSG00000228886"
"11340","ENSG00000251015"
"11341","ENSG00000235366"
"11342","ENSG00000235903"
"11343","ENSG00000287863"
"11344","ENSG00000261097"
"11345","ENSG00000231817"
"11346","ENSG00000277228"
"11347","ENSG00000278462"
"11348","ENSG00000224517"
"11349","ENSG00000228573"
"11350","ENSG00000260388"
"11351","ENSG00000287456"
"11352","ENSG00000227848"
"11353","ENSG00000276968"
"11354","ENSG00000229111"
"11355","ENSG00000231473"
"11356","ENSG00000277684"
"11357","ENSG00000287599"
"11358","ENSG00000274929"
"11359","ENSG00000233456"
"11360","ENSG00000233610"
"11361","ENSG00000275202"
"11362","ENSG00000276436"
"11363","ENSG00000231607"
"11364","ENSG00000176124"
"11365","ENSG00000274270"
"11366","ENSG00000286191"
"11367","ENSG00000233672"
"11368","ENSG00000274652"
"11369","ENSG00000236778"
"11370","ENSG00000231856"
"11371","ENSG00000279677"
"11372","ENSG00000273523"
"11373","ENSG00000217576"
"11374","ENSG00000271564"
"11375","ENSG00000278238"
"11376","ENSG00000235660"
"11377","ENSG00000280296"
"11378","ENSG00000273784"
"11379","ENSG00000273723"
"11380","ENSG00000237092"
"11381","ENSG00000279325"
"11382","ENSG00000287722"
"11383","ENSG00000287247"
"11384","ENSG00000273919"
"11385","ENSG00000261517"
"11386","ENSG00000234787"
"11387","ENSG00000287460"
"11388","ENSG00000286537"
"11389","ENSG00000277047"
"11390","ENSG00000278630"
"11391","ENSG00000274090"
"11392","ENSG00000286709"
"11393","ENSG00000278722"
"11394","ENSG00000277448"
"11395","ENSG00000232954"
"11396","ENSG00000288015"
"11397","ENSG00000227528"
"11398","ENSG00000223815"
"11399","ENSG00000227336"
"11400","ENSG00000225249"
"11401","ENSG00000279657"
"11402","ENSG00000227510"
"11403","ENSG00000279797"
"11404","ENSG00000229578"
"11405","ENSG00000230142"
"11406","ENSG00000227611"
"11407","ENSG00000229307"
"11408","ENSG00000286469"
"11409","ENSG00000228669"
"11410","ENSG00000273550"
"11411","ENSG00000227564"
"11412","ENSG00000287996"
"11413","ENSG00000231061"
"11414","ENSG00000285764"
"11415","ENSG00000287128"
"11416","ENSG00000227674"
"11417","ENSG00000234767"
"11418","ENSG00000286395"
"11419","ENSG00000234527"
"11420","ENSG00000228842"
"11421","ENSG00000225263"
"11422","ENSG00000233840"
"11423","ENSG00000285588"
"11424","ENSG00000230040"
"11425","ENSG00000287876"
"11426","ENSG00000286820"
"11427","ENSG00000281778"
"11428","ENSG00000280580"
"11429","ENSG00000235221"
"11430","ENSG00000230223"
"11431","ENSG00000288330"
"11432","ENSG00000226846"
"11433","ENSG00000279754"
"11434","ENSG00000224853"
"11435","ENSG00000228295"
"11436","ENSG00000280348"
"11437","ENSG00000279463"
"11438","ENSG00000235532"
"11439","ENSG00000286330"
"11440","ENSG00000177596"
"11441","ENSG00000226240"
"11442","ENSG00000281167"
"11443","ENSG00000236678"
"11444","ENSG00000223880"
"11445","ENSG00000225203"
"11446","ENSG00000261553"
"11447","ENSG00000261105"
"11448","ENSG00000228444"
"11449","ENSG00000178734"
"11450","ENSG00000223458"
"11451","ENSG00000261206"
"11452","ENSG00000224933"
"11453","ENSG00000285572"
"11454","ENSG00000287018"
"11455","ENSG00000284809"
"11456","ENSG00000278727"
"11457","ENSG00000236051"
"11458","ENSG00000274898"
"11459","ENSG00000229521"
"11460","ENSG00000285714"
"11461","ENSG00000287270"
"11462","ENSG00000224347"
"11463","ENSG00000225579"
"11464","ENSG00000234377"
"11465","ENSG00000233379"
"11466","ENSG00000236133"
"11467","ENSG00000229249"
"11468","ENSG00000235625"
"11469","ENSG00000271776"
"11470","ENSG00000225427"
"11471","ENSG00000227354"
"11472","ENSG00000232132"
"11473","ENSG00000227676"
"11474","ENSG00000285902"
"11475","ENSG00000229011"
"11476","ENSG00000229175"
"11477","ENSG00000284196"
"11478","ENSG00000281721"
"11479","ENSG00000285684"
"11480","ENSG00000286746"
"11481","ENSG00000229246"
"11482","ENSG00000260094"
"11483","ENSG00000229309"
"11484","ENSG00000286385"
"11485","ENSG00000286446"
"11486","ENSG00000285680"
"11487","ENSG00000286284"
"11488","ENSG00000285742"
"11489","ENSG00000288016"
"11490","ENSG00000233349"
"11491","ENSG00000288038"
"11492","ENSG00000287438"
"11493","ENSG00000226370"
"11494","ENSG00000286906"
"11495","ENSG00000226317"
"11496","ENSG00000285834"
"11497","ENSG00000232252"
"11498","ENSG00000287880"
"11499","ENSG00000233528"
"11500","ENSG00000285699"
"11501","ENSG00000232636"
"11502","ENSG00000228824"
"11503","ENSG00000272515"
"11504","ENSG00000223404"
"11505","ENSG00000272046"
"11506","ENSG00000231019"
"11507","ENSG00000285811"
"11508","ENSG00000229443"
"11509","ENSG00000286422"
"11510","ENSG00000261666"
"11511","ENSG00000234660"
"11512","ENSG00000232225"
"11513","ENSG00000271395"
"11514","ENSG00000226037"
"11515","ENSG00000236176"
"11516","ENSG00000261446"
"11517","ENSG00000234384"
"11518","ENSG00000231674"
"11519","ENSG00000234625"
"11520","ENSG00000229557"
"11521","ENSG00000215417"
"11522","ENSG00000282864"
"11523","ENSG00000282997"
"11524","ENSG00000282865"
"11525","ENSG00000232885"
"11526","ENSG00000283097"
"11527","ENSG00000236240"
"11528","ENSG00000287159"
"11529","ENSG00000282993"
"11530","ENSG00000235984"
"11531","ENSG00000232849"
"11532","ENSG00000288001"
"11533","ENSG00000278177"
"11534","ENSG00000286843"
"11535","ENSG00000224394"
"11536","ENSG00000236520"
"11537","ENSG00000238230"
"11538","ENSG00000227640"
"11539","ENSG00000260962"
"11540","ENSG00000287635"
"11541","ENSG00000223392"
"11542","ENSG00000247400"
"11543","ENSG00000276809"
"11544","ENSG00000272329"
"11545","ENSG00000233124"
"11546","ENSG00000286334"
"11547","ENSG00000286416"
"11548","ENSG00000276573"
"11549","ENSG00000276704"
"11550","ENSG00000226134"
"11551","ENSG00000286544"
"11552","ENSG00000270725"
"11553","ENSG00000269189"
"11554","ENSG00000269599"
"11555","ENSG00000231194"
"11556","ENSG00000224418"
"11557","ENSG00000229918"
"11558","ENSG00000260992"
"11559","ENSG00000228889"
"11560","ENSG00000285448"
"11561","ENSG00000280734"
"11562","ENSG00000280710"
"11563","ENSG00000203441"
"11564","ENSG00000234168"
"11565","ENSG00000287746"
"11566","ENSG00000227659"
"11567","ENSG00000234303"
"11568","ENSG00000286757"
"11569","ENSG00000288060"
"11570","ENSG00000260738"
"11571","ENSG00000274605"
"11572","ENSG00000287330"
"11573","ENSG00000234650"
"11574","ENSG00000224356"
"11575","ENSG00000280169"
"11576","ENSG00000233009"
"11577","ENSG00000229599"
"11578","ENSG00000276012"
"11579","ENSG00000243319"
"11580","ENSG00000279702"
"11581","ENSG00000234445"
"11582","ENSG00000272143"
"11583","ENSG00000261057"
"11584","ENSG00000276957"
"11585","ENSG00000231633"
"11586","ENSG00000286312"
"11587","ENSG00000272542"
"11588","ENSG00000278445"
"11589","ENSG00000285789"
"11590","ENSG00000234551"
"11591","ENSG00000287734"
"11592","ENSG00000286929"
"11593","ENSG00000232307"
"11594","ENSG00000280455"
"11595","ENSG00000226620"
"11596","ENSG00000287923"
"11597","ENSG00000286780"
"11598","ENSG00000233532"
"11599","ENSG00000284966"
"11600","ENSG00000274204"
"11601","ENSG00000272274"
"11602","ENSG00000230156"
"11603","ENSG00000287546"
"11604","ENSG00000278698"
"11605","ENSG00000277863"
"11606","ENSG00000279157"
"11607","ENSG00000285643"
"11608","ENSG00000276740"
"11609","ENSG00000227248"
"11610","ENSG00000286343"
"11611","ENSG00000274718"
"11612","ENSG00000277246"
"11613","ENSG00000283384"
"11614","ENSG00000229938"
"11615","ENSG00000236242"
"11616","ENSG00000275216"
"11617","ENSG00000223617"
"11618","ENSG00000236053"
"11619","ENSG00000229792"
"11620","ENSG00000285534"
"11621","ENSG00000234854"
"11622","ENSG00000275741"
"11623","ENSG00000275248"
"11624","ENSG00000274331"
"11625","ENSG00000275830"
"11626","ENSG00000276269"
"11627","ENSG00000231428"
"11628","ENSG00000279965"
"11629","ENSG00000287575"
"11630","ENSG00000279237"
"11631","ENSG00000224821"
"11632","ENSG00000232814"
"11633","ENSG00000275880"
"11634","ENSG00000259831"
"11635","ENSG00000255874"
"11636","ENSG00000229152"
"11637","ENSG00000277767"
"11638","ENSG00000225870"
"11639","ENSG00000286824"
"11640","ENSG00000235875"
"11641","ENSG00000233644"
"11642","ENSG00000227352"
"11643","ENSG00000285856"
"11644","ENSG00000204398"
"11645","ENSG00000215881"
"11646","ENSG00000226903"
"11647","ENSG00000224243"
"11648","ENSG00000260385"
"11649","ENSG00000229520"
"11650","ENSG00000260102"
"11651","ENSG00000260343"
"11652","ENSG00000223626"
"11653","ENSG00000277159"
"11654","ENSG00000197595"
"11655","ENSG00000274922"
"11656","ENSG00000232684"
"11657","ENSG00000277545"
"11658","ENSG00000267868"
"11659","ENSG00000235280"
"11660","ENSG00000269356"
"11661","ENSG00000269376"
"11662","ENSG00000231882"
"11663","ENSG00000283828"
"11664","ENSG00000269125"
"11665","ENSG00000276434"
"11666","ENSG00000225083"
"11667","ENSG00000233613"
"11668","ENSG00000276916"
"11669","ENSG00000276248"
"11670","ENSG00000279770"
"11671","ENSG00000233695"
"11672","ENSG00000272695"
"11673","ENSG00000237699"
"11674","ENSG00000226921"
"11675","ENSG00000274766"
"11676","ENSG00000229373"
"11677","ENSG00000260910"
"11678","ENSG00000232487"
"11679","ENSG00000283347"
"11680","ENSG00000285672"
"11681","ENSG00000229723"
"11682","ENSG00000257959"
"11683","ENSG00000257504"
"11684","ENSG00000258364"
"11685","ENSG00000257891"
"11686","ENSG00000258265"
"11687","ENSG00000275563"
"11688","ENSG00000258314"
"11689","ENSG00000277128"
"11690","ENSG00000257310"
"11691","ENSG00000274827"
"11692","ENSG00000276888"
"11693","ENSG00000273639"
"11694","ENSG00000273558"
"11695","ENSG00000259069"
"11696","ENSG00000257395"
"11697","ENSG00000258768"
"11698","ENSG00000258459"
"11699","ENSG00000287735"
"11700","ENSG00000259001"
"11701","ENSG00000254846"
"11702","ENSG00000258515"
"11703","ENSG00000258908"
"11704","ENSG00000258573"
"11705","ENSG00000258451"
"11706","ENSG00000258810"
"11707","ENSG00000259130"
"11708","ENSG00000258642"
"11709","ENSG00000258918"
"11710","ENSG00000258772"
"11711","ENSG00000136315"
"11712","ENSG00000258471"
"11713","ENSG00000258604"
"11714","ENSG00000255472"
"11715","ENSG00000178107"
"11716","ENSG00000258441"
"11717","ENSG00000260830"
"11718","ENSG00000257096"
"11719","ENSG00000248358"
"11720","ENSG00000251002"
"11721","ENSG00000259042"
"11722","ENSG00000259054"
"11723","ENSG00000259003"
"11724","ENSG00000275552"
"11725","ENSG00000258458"
"11726","ENSG00000237054"
"11727","ENSG00000257285"
"11728","ENSG00000258457"
"11729","ENSG00000280129"
"11730","ENSG00000279656"
"11731","ENSG00000259018"
"11732","ENSG00000258444"
"11733","ENSG00000157306"
"11734","ENSG00000273618"
"11735","ENSG00000258727"
"11736","ENSG00000274002"
"11737","ENSG00000258464"
"11738","ENSG00000285727"
"11739","ENSG00000259334"
"11740","ENSG00000215256"
"11741","ENSG00000285467"
"11742","ENSG00000286931"
"11743","ENSG00000259321"
"11744","ENSG00000287765"
"11745","ENSG00000276698"
"11746","ENSG00000278784"
"11747","ENSG00000260669"
"11748","ENSG00000288044"
"11749","ENSG00000286825"
"11750","ENSG00000258973"
"11751","ENSG00000258744"
"11752","ENSG00000258657"
"11753","ENSG00000288100"
"11754","ENSG00000287481"
"11755","ENSG00000258098"
"11756","ENSG00000257986"
"11757","ENSG00000279521"
"11758","ENSG00000285633"
"11759","ENSG00000262119"
"11760","ENSG00000257842"
"11761","ENSG00000258081"
"11762","ENSG00000257845"
"11763","ENSG00000257185"
"11764","ENSG00000286479"
"11765","ENSG00000257612"
"11766","ENSG00000258548"
"11767","ENSG00000257869"
"11768","ENSG00000258175"
"11769","ENSG00000257126"
"11770","ENSG00000186960"
"11771","ENSG00000257056"
"11772","ENSG00000257748"
"11773","ENSG00000258038"
"11774","ENSG00000257523"
"11775","ENSG00000258028"
"11776","ENSG00000257522"
"11777","ENSG00000258107"
"11778","ENSG00000286040"
"11779","ENSG00000257120"
"11780","ENSG00000287142"
"11781","ENSG00000257904"
"11782","ENSG00000248975"
"11783","ENSG00000279032"
"11784","ENSG00000257636"
"11785","ENSG00000258558"
"11786","ENSG00000258525"
"11787","ENSG00000257831"
"11788","ENSG00000250365"
"11789","ENSG00000258196"
"11790","ENSG00000257155"
"11791","ENSG00000257472"
"11792","ENSG00000258474"
"11793","ENSG00000258386"
"11794","ENSG00000258655"
"11795","ENSG00000285608"
"11796","ENSG00000286527"
"11797","ENSG00000258580"
"11798","ENSG00000280281"
"11799","ENSG00000287153"
"11800","ENSG00000287777"
"11801","ENSG00000258897"
"11802","ENSG00000279423"
"11803","ENSG00000259002"
"11804","ENSG00000259135"
"11805","ENSG00000258738"
"11806","ENSG00000279434"
"11807","ENSG00000258860"
"11808","ENSG00000259017"
"11809","ENSG00000258938"
"11810","ENSG00000257272"
"11811","ENSG00000258342"
"11812","ENSG00000257614"
"11813","ENSG00000257826"
"11814","ENSG00000257585"
"11815","ENSG00000259104"
"11816","ENSG00000258844"
"11817","ENSG00000283098"
"11818","ENSG00000257520"
"11819","ENSG00000253563"
"11820","ENSG00000258661"
"11821","ENSG00000258690"
"11822","ENSG00000258601"
"11823","ENSG00000258827"
"11824","ENSG00000258708"
"11825","ENSG00000259087"
"11826","ENSG00000258414"
"11827","ENSG00000259091"
"11828","ENSG00000258696"
"11829","ENSG00000259048"
"11830","ENSG00000258649"
"11831","ENSG00000259072"
"11832","ENSG00000259070"
"11833","ENSG00000258651"
"11834","ENSG00000285830"
"11835","ENSG00000259083"
"11836","ENSG00000258940"
"11837","ENSG00000258526"
"11838","ENSG00000286123"
"11839","ENSG00000286099"
"11840","ENSG00000251363"
"11841","ENSG00000279972"
"11842","ENSG00000258636"
"11843","ENSG00000259149"
"11844","ENSG00000258394"
"11845","ENSG00000258850"
"11846","ENSG00000286464"
"11847","ENSG00000258969"
"11848","ENSG00000259126"
"11849","ENSG00000258487"
"11850","ENSG00000258747"
"11851","ENSG00000258998"
"11852","ENSG00000258633"
"11853","ENSG00000258949"
"11854","ENSG00000278147"
"11855","ENSG00000249163"
"11856","ENSG00000260046"
"11857","ENSG00000257900"
"11858","ENSG00000258845"
"11859","ENSG00000258616"
"11860","ENSG00000258700"
"11861","ENSG00000259129"
"11862","ENSG00000286595"
"11863","ENSG00000287492"
"11864","ENSG00000258751"
"11865","ENSG00000258868"
"11866","ENSG00000258377"
"11867","ENSG00000258450"
"11868","ENSG00000258400"
"11869","ENSG00000282885"
"11870","ENSG00000278002"
"11871","ENSG00000214900"
"11872","ENSG00000259071"
"11873","ENSG00000258857"
"11874","ENSG00000259113"
"11875","ENSG00000269906"
"11876","ENSG00000270062"
"11877","ENSG00000258843"
"11878","ENSG00000285747"
"11879","ENSG00000258687"
"11880","ENSG00000258745"
"11881","ENSG00000258711"
"11882","ENSG00000287990"
"11883","ENSG00000259055"
"11884","ENSG00000258955"
"11885","ENSG00000258479"
"11886","ENSG00000258942"
"11887","ENSG00000258808"
"11888","ENSG00000258537"
"11889","ENSG00000277050"
"11890","ENSG00000273888"
"11891","ENSG00000259111"
"11892","ENSG00000258535"
"11893","ENSG00000258928"
"11894","ENSG00000259007"
"11895","ENSG00000258854"
"11896","ENSG00000258694"
"11897","ENSG00000258757"
"11898","ENSG00000259049"
"11899","ENSG00000285664"
"11900","ENSG00000258698"
"11901","ENSG00000288045"
"11902","ENSG00000258985"
"11903","ENSG00000258731"
"11904","ENSG00000237356"
"11905","ENSG00000286730"
"11906","ENSG00000225680"
"11907","ENSG00000235269"
"11908","ENSG00000287156"
"11909","ENSG00000258753"
"11910","ENSG00000285774"
"11911","ENSG00000258050"
"11912","ENSG00000258413"
"11913","ENSG00000258455"
"11914","ENSG00000186615"
"11915","ENSG00000258784"
"11916","ENSG00000258791"
"11917","ENSG00000259868"
"11918","ENSG00000277763"
"11919","ENSG00000259483"
"11920","ENSG00000275569"
"11921","ENSG00000259719"
"11922","ENSG00000258803"
"11923","ENSG00000258428"
"11924","ENSG00000259133"
"11925","ENSG00000258703"
"11926","ENSG00000248550"
"11927","ENSG00000258776"
"11928","ENSG00000286257"
"11929","ENSG00000258592"
"11930","ENSG00000286355"
"11931","ENSG00000259008"
"11932","ENSG00000259039"
"11933","ENSG00000259969"
"11934","ENSG00000258682"
"11935","ENSG00000257621"
"11936","ENSG00000279636"
"11937","ENSG00000258658"
"11938","ENSG00000258378"
"11939","ENSG00000258583"
"11940","ENSG00000258782"
"11941","ENSG00000261120"
"11942","ENSG00000258553"
"11943","ENSG00000254718"
"11944","ENSG00000258556"
"11945","ENSG00000258670"
"11946","ENSG00000258952"
"11947","ENSG00000258892"
"11948","ENSG00000247287"
"11949","ENSG00000258926"
"11950","ENSG00000250548"
"11951","ENSG00000232774"
"11952","ENSG00000258777"
"11953","ENSG00000258667"
"11954","ENSG00000258964"
"11955","ENSG00000279633"
"11956","ENSG00000258842"
"11957","ENSG00000258903"
"11958","ENSG00000259142"
"11959","ENSG00000259093"
"11960","ENSG00000258943"
"11961","ENSG00000261242"
"11962","ENSG00000258800"
"11963","ENSG00000274015"
"11964","ENSG00000214770"
"11965","ENSG00000284664"
"11966","ENSG00000258824"
"11967","ENSG00000272909"
"11968","ENSG00000259116"
"11969","ENSG00000259076"
"11970","ENSG00000272158"
"11971","ENSG00000259118"
"11972","ENSG00000255002"
"11973","ENSG00000258760"
"11974","ENSG00000276116"
"11975","ENSG00000258847"
"11976","ENSG00000277651"
"11977","ENSG00000258502"
"11978","ENSG00000258561"
"11979","ENSG00000287833"
"11980","ENSG00000258490"
"11981","ENSG00000286319"
"11982","ENSG00000286861"
"11983","ENSG00000258837"
"11984","ENSG00000287385"
"11985","ENSG00000259038"
"11986","ENSG00000258623"
"11987","ENSG00000287167"
"11988","ENSG00000287913"
"11989","ENSG00000259062"
"11990","ENSG00000276063"
"11991","ENSG00000258957"
"11992","ENSG00000258520"
"11993","ENSG00000280073"
"11994","ENSG00000286424"
"11995","ENSG00000287310"
"11996","ENSG00000273797"
"11997","ENSG00000258422"
"11998","ENSG00000259033"
"11999","ENSG00000257759"
"12000","ENSG00000259115"
"12001","ENSG00000245466"
"12002","ENSG00000258689"
"12003","ENSG00000259153"
"12004","ENSG00000275630"
"12005","ENSG00000274818"
"12006","ENSG00000287643"
"12007","ENSG00000269927"
"12008","ENSG00000286423"
"12009","ENSG00000259907"
"12010","ENSG00000258517"
"12011","ENSG00000269945"
"12012","ENSG00000259146"
"12013","ENSG00000285612"
"12014","ENSG00000285518"
"12015","ENSG00000266869"
"12016","ENSG00000286333"
"12017","ENSG00000258871"
"12018","ENSG00000285936"
"12019","ENSG00000258813"
"12020","ENSG00000258376"
"12021","ENSG00000258944"
"12022","ENSG00000285006"
"12023","ENSG00000284930"
"12024","ENSG00000251393"
"12025","ENSG00000258443"
"12026","ENSG00000258695"
"12027","ENSG00000258603"
"12028","ENSG00000279026"
"12029","ENSG00000258660"
"12030","ENSG00000259065"
"12031","ENSG00000258586"
"12032","ENSG00000273711"
"12033","ENSG00000258891"
"12034","ENSG00000270140"
"12035","ENSG00000258559"
"12036","ENSG00000270000"
"12037","ENSG00000259005"
"12038","ENSG00000258425"
"12039","ENSG00000258976"
"12040","ENSG00000258646"
"12041","ENSG00000279594"
"12042","ENSG00000259138"
"12043","ENSG00000273565"
"12044","ENSG00000258740"
"12045","ENSG00000258820"
"12046","ENSG00000259687"
"12047","ENSG00000259319"
"12048","ENSG00000224721"
"12049","ENSG00000259103"
"12050","ENSG00000258876"
"12051","ENSG00000283629"
"12052","ENSG00000258454"
"12053","ENSG00000280078"
"12054","ENSG00000258402"
"12055","ENSG00000259124"
"12056","ENSG00000258569"
"12057","ENSG00000259081"
"12058","ENSG00000258610"
"12059","ENSG00000258301"
"12060","ENSG00000286437"
"12061","ENSG00000259058"
"12062","ENSG00000285966"
"12063","ENSG00000258602"
"12064","ENSG00000273729"
"12065","ENSG00000246548"
"12066","ENSG00000258473"
"12067","ENSG00000258819"
"12068","ENSG00000287004"
"12069","ENSG00000269883"
"12070","ENSG00000258723"
"12071","ENSG00000258719"
"12072","ENSG00000258874"
"12073","ENSG00000258478"
"12074","ENSG00000258829"
"12075","ENSG00000258419"
"12076","ENSG00000258662"
"12077","ENSG00000259106"
"12078","ENSG00000287118"
"12079","ENSG00000258637"
"12080","ENSG00000258416"
"12081","ENSG00000258766"
"12082","ENSG00000284959"
"12083","ENSG00000286686"
"12084","ENSG00000273783"
"12085","ENSG00000258675"
"12086","ENSG00000258977"
"12087","ENSG00000258718"
"12088","ENSG00000259035"
"12089","ENSG00000258743"
"12090","ENSG00000258683"
"12091","ENSG00000258600"
"12092","ENSG00000258426"
"12093","ENSG00000258532"
"12094","ENSG00000285826"
"12095","ENSG00000259044"
"12096","ENSG00000258902"
"12097","ENSG00000258814"
"12098","ENSG00000259107"
"12099","ENSG00000205562"
"12100","ENSG00000258945"
"12101","ENSG00000258733"
"12102","ENSG00000258912"
"12103","ENSG00000286582"
"12104","ENSG00000258994"
"12105","ENSG00000258804"
"12106","ENSG00000259061"
"12107","ENSG00000258496"
"12108","ENSG00000258958"
"12109","ENSG00000258859"
"12110","ENSG00000259028"
"12111","ENSG00000258770"
"12112","ENSG00000258807"
"12113","ENSG00000259077"
"12114","ENSG00000258407"
"12115","ENSG00000258826"
"12116","ENSG00000258867"
"12117","ENSG00000258975"
"12118","ENSG00000259998"
"12119","ENSG00000258538"
"12120","ENSG00000258983"
"12121","ENSG00000258789"
"12122","ENSG00000278576"
"12123","ENSG00000274492"
"12124","ENSG00000283627"
"12125","ENSG00000277801"
"12126","ENSG00000258752"
"12127","ENSG00000258699"
"12128","ENSG00000258380"
"12129","ENSG00000259053"
"12130","ENSG00000258920"
"12131","ENSG00000259073"
"12132","ENSG00000258792"
"12133","ENSG00000287437"
"12134","ENSG00000275198"
"12135","ENSG00000258424"
"12136","ENSG00000258678"
"12137","ENSG00000233208"
"12138","ENSG00000259789"
"12139","ENSG00000258935"
"12140","ENSG00000259163"
"12141","ENSG00000258437"
"12142","ENSG00000258716"
"12143","ENSG00000287663"
"12144","ENSG00000258884"
"12145","ENSG00000258875"
"12146","ENSG00000260810"
"12147","ENSG00000286607"
"12148","ENSG00000258798"
"12149","ENSG00000279286"
"12150","ENSG00000260711"
"12151","ENSG00000258481"
"12152","ENSG00000286630"
"12153","ENSG00000258742"
"12154","ENSG00000258499"
"12155","ENSG00000258730"
"12156","ENSG00000278396"
"12157","ENSG00000279593"
"12158","ENSG00000258584"
"12159","ENSG00000258987"
"12160","ENSG00000256357"
"12161","ENSG00000287668"
"12162","ENSG00000288028"
"12163","ENSG00000285205"
"12164","ENSG00000274379"
"12165","ENSG00000258933"
"12166","ENSG00000258866"
"12167","ENSG00000235706"
"12168","ENSG00000259143"
"12169","ENSG00000258630"
"12170","ENSG00000258572"
"12171","ENSG00000247092"
"12172","ENSG00000258390"
"12173","ENSG00000258927"
"12174","ENSG00000270038"
"12175","ENSG00000187621"
"12176","ENSG00000259084"
"12177","ENSG00000257275"
"12178","ENSG00000258516"
"12179","ENSG00000258412"
"12180","ENSG00000259036"
"12181","ENSG00000258793"
"12182","ENSG00000258729"
"12183","ENSG00000260806"
"12184","ENSG00000258702"
"12185","ENSG00000287350"
"12186","ENSG00000258979"
"12187","ENSG00000287772"
"12188","ENSG00000225163"
"12189","ENSG00000280070"
"12190","ENSG00000288034"
"12191","ENSG00000259026"
"12192","ENSG00000258393"
"12193","ENSG00000259110"
"12194","ENSG00000285584"
"12195","ENSG00000246084"
"12196","ENSG00000197176"
"12197","ENSG00000287501"
"12198","ENSG00000258869"
"12199","ENSG00000258379"
"12200","ENSG00000246223"
"12201","ENSG00000259097"
"12202","ENSG00000258511"
"12203","ENSG00000258795"
"12204","ENSG00000237342"
"12205","ENSG00000278990"
"12206","ENSG00000259119"
"12207","ENSG00000287991"
"12208","ENSG00000229402"
"12209","ENSG00000235785"
"12210","ENSG00000258383"
"12211","ENSG00000258749"
"12212","ENSG00000247970"
"12213","ENSG00000258672"
"12214","ENSG00000258693"
"12215","ENSG00000258560"
"12216","ENSG00000258982"
"12217","ENSG00000258904"
"12218","ENSG00000259052"
"12219","ENSG00000258504"
"12220","ENSG00000258666"
"12221","ENSG00000258521"
"12222","ENSG00000258620"
"12223","ENSG00000259031"
"12224","ENSG00000258576"
"12225","ENSG00000196273"
"12226","ENSG00000258717"
"12227","ENSG00000214548"
"12228","ENSG00000258663"
"12229","ENSG00000258399"
"12230","ENSG00000225746"
"12231","ENSG00000258861"
"12232","ENSG00000223403"
"12233","ENSG00000230805"
"12234","ENSG00000288302"
"12235","ENSG00000259004"
"12236","ENSG00000286551"
"12237","ENSG00000288252"
"12238","ENSG00000288245"
"12239","ENSG00000258497"
"12240","ENSG00000258460"
"12241","ENSG00000259023"
"12242","ENSG00000259082"
"12243","ENSG00000259166"
"12244","ENSG00000258498"
"12245","ENSG00000258919"
"12246","ENSG00000258404"
"12247","ENSG00000258512"
"12248","ENSG00000259088"
"12249","ENSG00000256705"
"12250","ENSG00000271780"
"12251","ENSG00000272444"
"12252","ENSG00000259230"
"12253","ENSG00000259508"
"12254","ENSG00000259515"
"12255","ENSG00000259444"
"12256","ENSG00000259717"
"12257","ENSG00000251533"
"12258","ENSG00000278071"
"12259","ENSG00000259775"
"12260","ENSG00000260285"
"12261","ENSG00000258851"
"12262","ENSG00000246451"
"12263","ENSG00000270108"
"12264","ENSG00000269910"
"12265","ENSG00000269940"
"12266","ENSG00000269958"
"12267","ENSG00000258735"
"12268","ENSG00000258534"
"12269","ENSG00000287346"
"12270","ENSG00000258748"
"12271","ENSG00000258913"
"12272","ENSG00000288459"
"12273","ENSG00000258598"
"12274","ENSG00000259037"
"12275","ENSG00000258736"
"12276","ENSG00000260792"
"12277","ENSG00000256050"
"12278","ENSG00000258858"
"12279","ENSG00000258430"
"12280","ENSG00000279140"
"12281","ENSG00000258701"
"12282","ENSG00000258811"
"12283","ENSG00000258593"
"12284","ENSG00000259067"
"12285","ENSG00000257556"
"12286","ENSG00000286636"
"12287","ENSG00000280244"
"12288","ENSG00000287459"
"12289","ENSG00000257622"
"12290","ENSG00000279495"
"12291","ENSG00000251602"
"12292","ENSG00000257270"
"12293","ENSG00000253364"
"12294","ENSG00000244620"
"12295","ENSG00000226777"
"12296","ENSG00000271201"
"12297","ENSG00000276210"
"12298","ENSG00000270816"
"12299","ENSG00000258410"
"12300","ENSG00000278935"
"12301","ENSG00000287122"
"12302","ENSG00000258654"
"12303","ENSG00000278626"
"12304","ENSG00000279628"
"12305","ENSG00000260409"
"12306","ENSG00000259383"
"12307","ENSG00000259443"
"12308","ENSG00000258710"
"12309","ENSG00000260986"
"12310","ENSG00000279595"
"12311","ENSG00000247765"
"12312","ENSG00000280881"
"12313","ENSG00000280703"
"12314","ENSG00000268531"
"12315","ENSG00000287345"
"12316","ENSG00000284988"
"12317","ENSG00000281113"
"12318","ENSG00000284500"
"12319","ENSG00000260739"
"12320","ENSG00000274253"
"12321","ENSG00000286598"
"12322","ENSG00000260978"
"12323","ENSG00000286973"
"12324","ENSG00000260232"
"12325","ENSG00000259905"
"12326","ENSG00000260551"
"12327","ENSG00000260780"
"12328","ENSG00000260959"
"12329","ENSG00000287888"
"12330","ENSG00000286110"
"12331","ENSG00000280118"
"12332","ENSG00000224078"
"12333","ENSG00000279192"
"12334","ENSG00000257647"
"12335","ENSG00000261069"
"12336","ENSG00000287482"
"12337","ENSG00000279735"
"12338","ENSG00000279050"
"12339","ENSG00000280234"
"12340","ENSG00000261529"
"12341","ENSG00000235731"
"12342","ENSG00000274307"
"12343","ENSG00000259011"
"12344","ENSG00000206187"
"12345","ENSG00000258931"
"12346","ENSG00000259150"
"12347","ENSG00000286884"
"12348","ENSG00000235160"
"12349","ENSG00000287280"
"12350","ENSG00000278840"
"12351","ENSG00000235518"
"12352","ENSG00000228740"
"12353","ENSG00000261426"
"12354","ENSG00000258970"
"12355","ENSG00000259152"
"12356","ENSG00000259168"
"12357","ENSG00000258594"
"12358","ENSG00000287922"
"12359","ENSG00000258853"
"12360","ENSG00000232394"
"12361","ENSG00000261480"
"12362","ENSG00000287894"
"12363","ENSG00000259277"
"12364","ENSG00000259690"
"12365","ENSG00000259814"
"12366","ENSG00000287334"
"12367","ENSG00000256802"
"12368","ENSG00000259644"
"12369","ENSG00000259523"
"12370","ENSG00000259647"
"12371","ENSG00000259906"
"12372","ENSG00000225930"
"12373","ENSG00000279417"
"12374","ENSG00000270055"
"12375","ENSG00000260693"
"12376","ENSG00000270016"
"12377","ENSG00000269930"
"12378","ENSG00000247728"
"12379","ENSG00000187951"
"12380","ENSG00000259720"
"12381","ENSG00000259448"
"12382","ENSG00000259772"
"12383","ENSG00000279912"
"12384","ENSG00000260642"
"12385","ENSG00000215304"
"12386","ENSG00000261064"
"12387","ENSG00000276724"
"12388","ENSG00000262728"
"12389","ENSG00000244952"
"12390","ENSG00000285948"
"12391","ENSG00000241818"
"12392","ENSG00000259721"
"12393","ENSG00000279958"
"12394","ENSG00000259446"
"12395","ENSG00000276702"
"12396","ENSG00000259408"
"12397","ENSG00000259287"
"12398","ENSG00000278472"
"12399","ENSG00000287840"
"12400","ENSG00000259468"
"12401","ENSG00000279092"
"12402","ENSG00000261304"
"12403","ENSG00000287973"
"12404","ENSG00000250007"
"12405","ENSG00000279364"
"12406","ENSG00000259181"
"12407","ENSG00000280396"
"12408","ENSG00000259587"
"12409","ENSG00000259336"
"12410","ENSG00000248079"
"12411","ENSG00000259245"
"12412","ENSG00000259639"
"12413","ENSG00000259395"
"12414","ENSG00000259737"
"12415","ENSG00000261191"
"12416","ENSG00000259280"
"12417","ENSG00000259460"
"12418","ENSG00000274444"
"12419","ENSG00000259434"
"12420","ENSG00000259225"
"12421","ENSG00000236914"
"12422","ENSG00000259380"
"12423","ENSG00000286786"
"12424","ENSG00000259326"
"12425","ENSG00000259598"
"12426","ENSG00000175779"
"12427","ENSG00000259731"
"12428","ENSG00000274281"
"12429","ENSG00000259345"
"12430","ENSG00000259278"
"12431","ENSG00000259423"
"12432","ENSG00000175746"
"12433","ENSG00000259447"
"12434","ENSG00000259269"
"12435","ENSG00000259390"
"12436","ENSG00000276107"
"12437","ENSG00000278621"
"12438","ENSG00000259580"
"12439","ENSG00000261136"
"12440","ENSG00000259432"
"12441","ENSG00000246863"
"12442","ENSG00000248508"
"12443","ENSG00000259584"
"12444","ENSG00000275636"
"12445","ENSG00000259409"
"12446","ENSG00000273786"
"12447","ENSG00000260648"
"12448","ENSG00000279537"
"12449","ENSG00000176753"
"12450","ENSG00000279409"
"12451","ENSG00000273855"
"12452","ENSG00000259307"
"12453","ENSG00000259198"
"12454","ENSG00000259368"
"12455","ENSG00000259364"
"12456","ENSG00000259211"
"12457","ENSG00000259536"
"12458","ENSG00000259254"
"12459","ENSG00000245849"
"12460","ENSG00000261183"
"12461","ENSG00000274798"
"12462","ENSG00000251161"
"12463","ENSG00000259617"
"12464","ENSG00000259463"
"12465","ENSG00000259521"
"12466","ENSG00000280036"
"12467","ENSG00000247556"
"12468","ENSG00000259396"
"12469","ENSG00000260926"
"12470","ENSG00000260814"
"12471","ENSG00000250379"
"12472","ENSG00000174171"
"12473","ENSG00000278493"
"12474","ENSG00000259883"
"12475","ENSG00000246740"
"12476","ENSG00000257797"
"12477","ENSG00000261002"
"12478","ENSG00000261684"
"12479","ENSG00000261822"
"12480","ENSG00000278769"
"12481","ENSG00000274403"
"12482","ENSG00000246283"
"12483","ENSG00000286877"
"12484","ENSG00000285080"
"12485","ENSG00000285117"
"12486","ENSG00000261687"
"12487","ENSG00000260406"
"12488","ENSG00000275601"
"12489","ENSG00000259499"
"12490","ENSG00000259595"
"12491","ENSG00000259563"
"12492","ENSG00000179523"
"12493","ENSG00000259659"
"12494","ENSG00000276121"
"12495","ENSG00000259187"
"12496","ENSG00000259418"
"12497","ENSG00000259352"
"12498","ENSG00000259539"
"12499","ENSG00000259519"
"12500","ENSG00000259932"
"12501","ENSG00000260035"
"12502","ENSG00000279014"
"12503","ENSG00000259520"
"12504","ENSG00000285597"
"12505","ENSG00000275672"
"12506","ENSG00000259342"
"12507","ENSG00000259354"
"12508","ENSG00000259681"
"12509","ENSG00000275709"
"12510","ENSG00000273972"
"12511","ENSG00000259200"
"12512","ENSG00000287020"
"12513","ENSG00000285934"
"12514","ENSG00000287704"
"12515","ENSG00000259255"
"12516","ENSG00000284540"
"12517","ENSG00000259554"
"12518","ENSG00000259221"
"12519","ENSG00000259360"
"12520","ENSG00000259740"
"12521","ENSG00000259588"
"12522","ENSG00000259572"
"12523","ENSG00000259754"
"12524","ENSG00000259730"
"12525","ENSG00000287439"
"12526","ENSG00000259235"
"12527","ENSG00000259385"
"12528","ENSG00000259488"
"12529","ENSG00000286947"
"12530","ENSG00000274654"
"12531","ENSG00000259705"
"12532","ENSG00000273925"
"12533","ENSG00000259469"
"12534","ENSG00000259670"
"12535","ENSG00000259700"
"12536","ENSG00000259602"
"12537","ENSG00000259656"
"12538","ENSG00000275580"
"12539","ENSG00000276593"
"12540","ENSG00000259188"
"12541","ENSG00000285410"
"12542","ENSG00000244879"
"12543","ENSG00000259715"
"12544","ENSG00000259618"
"12545","ENSG00000259298"
"12546","ENSG00000259684"
"12547","ENSG00000279665"
"12548","ENSG00000259773"
"12549","ENSG00000273674"
"12550","ENSG00000259240"
"12551","ENSG00000259204"
"12552","ENSG00000259701"
"12553","ENSG00000259306"
"12554","ENSG00000259194"
"12555","ENSG00000259678"
"12556","ENSG00000259668"
"12557","ENSG00000259241"
"12558","ENSG00000259296"
"12559","ENSG00000259377"
"12560","ENSG00000274954"
"12561","ENSG00000259201"
"12562","ENSG00000259185"
"12563","ENSG00000259438"
"12564","ENSG00000274528"
"12565","ENSG00000259398"
"12566","ENSG00000259712"
"12567","ENSG00000259178"
"12568","ENSG00000259327"
"12569","ENSG00000259709"
"12570","ENSG00000259577"
"12571","ENSG00000260618"
"12572","ENSG00000259935"
"12573","ENSG00000287500"
"12574","ENSG00000259203"
"12575","ENSG00000259237"
"12576","ENSG00000287596"
"12577","ENSG00000280362"
"12578","ENSG00000259669"
"12579","ENSG00000260937"
"12580","ENSG00000279145"
"12581","ENSG00000276533"
"12582","ENSG00000274765"
"12583","ENSG00000277548"
"12584","ENSG00000261771"
"12585","ENSG00000285805"
"12586","ENSG00000259180"
"12587","ENSG00000275417"
"12588","ENSG00000259941"
"12589","ENSG00000261823"
"12590","ENSG00000277245"
"12591","ENSG00000260392"
"12592","ENSG00000274667"
"12593","ENSG00000279683"
"12594","ENSG00000285331"
"12595","ENSG00000276524"
"12596","ENSG00000275343"
"12597","ENSG00000247982"
"12598","ENSG00000260172"
"12599","ENSG00000261489"
"12600","ENSG00000261265"
"12601","ENSG00000276772"
"12602","ENSG00000261219"
"12603","ENSG00000274719"
"12604","ENSG00000259285"
"12605","ENSG00000259293"
"12606","ENSG00000277229"
"12607","ENSG00000277790"
"12608","ENSG00000259476"
"12609","ENSG00000259250"
"12610","ENSG00000286897"
"12611","ENSG00000245975"
"12612","ENSG00000259402"
"12613","ENSG00000259353"
"12614","ENSG00000225798"
"12615","ENSG00000277144"
"12616","ENSG00000259732"
"12617","ENSG00000259771"
"12618","ENSG00000259735"
"12619","ENSG00000227161"
"12620","ENSG00000259238"
"12621","ENSG00000286495"
"12622","ENSG00000259223"
"12623","ENSG00000287915"
"12624","ENSG00000245534"
"12625","ENSG00000259274"
"12626","ENSG00000273958"
"12627","ENSG00000286457"
"12628","ENSG00000287508"
"12629","ENSG00000259482"
"12630","ENSG00000259591"
"12631","ENSG00000273792"
"12632","ENSG00000259481"
"12633","ENSG00000259575"
"12634","ENSG00000276473"
"12635","ENSG00000259616"
"12636","ENSG00000259530"
"12637","ENSG00000259675"
"12638","ENSG00000259284"
"12639","ENSG00000259564"
"12640","ENSG00000285863"
"12641","ENSG00000259251"
"12642","ENSG00000259697"
"12643","ENSG00000259878"
"12644","ENSG00000261296"
"12645","ENSG00000260957"
"12646","ENSG00000274340"
"12647","ENSG00000259458"
"12648","ENSG00000259756"
"12649","ENSG00000259370"
"12650","ENSG00000259727"
"12651","ENSG00000259498"
"12652","ENSG00000259627"
"12653","ENSG00000259672"
"12654","ENSG00000259459"
"12655","ENSG00000259268"
"12656","ENSG00000276651"
"12657","ENSG00000259248"
"12658","ENSG00000259589"
"12659","ENSG00000259351"
"12660","ENSG00000259682"
"12661","ENSG00000265967"
"12662","ENSG00000264937"
"12663","ENSG00000259635"
"12664","ENSG00000287494"
"12665","ENSG00000275332"
"12666","ENSG00000274383"
"12667","ENSG00000277351"
"12668","ENSG00000278737"
"12669","ENSG00000279268"
"12670","ENSG00000275638"
"12671","ENSG00000261544"
"12672","ENSG00000261318"
"12673","ENSG00000260773"
"12674","ENSG00000261351"
"12675","ENSG00000259471"
"12676","ENSG00000274995"
"12677","ENSG00000277152"
"12678","ENSG00000259437"
"12679","ENSG00000259289"
"12680","ENSG00000259347"
"12681","ENSG00000259202"
"12682","ENSG00000259673"
"12683","ENSG00000270964"
"12684","ENSG00000259410"
"12685","ENSG00000245719"
"12686","ENSG00000260657"
"12687","ENSG00000286770"
"12688","ENSG00000285919"
"12689","ENSG00000137808"
"12690","ENSG00000288068"
"12691","ENSG00000259265"
"12692","ENSG00000212766"
"12693","ENSG00000259222"
"12694","ENSG00000261634"
"12695","ENSG00000259504"
"12696","ENSG00000259645"
"12697","ENSG00000259426"
"12698","ENSG00000259215"
"12699","ENSG00000245750"
"12700","ENSG00000259457"
"12701","ENSG00000259309"
"12702","ENSG00000259252"
"12703","ENSG00000259503"
"12704","ENSG00000259473"
"12705","ENSG00000287741"
"12706","ENSG00000280639"
"12707","ENSG00000281264"
"12708","ENSG00000280515"
"12709","ENSG00000259532"
"12710","ENSG00000274297"
"12711","ENSG00000259624"
"12712","ENSG00000259744"
"12713","ENSG00000259964"
"12714","ENSG00000260586"
"12715","ENSG00000278408"
"12716","ENSG00000260037"
"12717","ENSG00000261632"
"12718","ENSG00000260173"
"12719","ENSG00000261460"
"12720","ENSG00000260339"
"12721","ENSG00000261423"
"12722","ENSG00000261187"
"12723","ENSG00000260534"
"12724","ENSG00000259783"
"12725","ENSG00000260672"
"12726","ENSG00000260898"
"12727","ENSG00000285729"
"12728","ENSG00000259528"
"12729","ENSG00000259650"
"12730","ENSG00000281183"
"12731","ENSG00000276807"
"12732","ENSG00000260469"
"12733","ENSG00000260624"
"12734","ENSG00000261801"
"12735","ENSG00000287543"
"12736","ENSG00000248540"
"12737","ENSG00000261543"
"12738","ENSG00000280309"
"12739","ENSG00000261384"
"12740","ENSG00000277749"
"12741","ENSG00000261821"
"12742","ENSG00000274937"
"12743","ENSG00000277718"
"12744","ENSG00000286696"
"12745","ENSG00000247240"
"12746","ENSG00000261775"
"12747","ENSG00000275527"
"12748","ENSG00000260919"
"12749","ENSG00000261606"
"12750","ENSG00000261779"
"12751","ENSG00000287926"
"12752","ENSG00000275645"
"12753","ENSG00000260274"
"12754","ENSG00000276744"
"12755","ENSG00000260269"
"12756","ENSG00000260235"
"12757","ENSG00000260206"
"12758","ENSG00000275454"
"12759","ENSG00000274515"
"12760","ENSG00000260892"
"12761","ENSG00000203392"
"12762","ENSG00000246877"
"12763","ENSG00000260288"
"12764","ENSG00000261043"
"12765","ENSG00000259422"
"12766","ENSG00000287503"
"12767","ENSG00000259514"
"12768","ENSG00000270036"
"12769","ENSG00000259652"
"12770","ENSG00000278991"
"12771","ENSG00000269951"
"12772","ENSG00000279033"
"12773","ENSG00000259362"
"12774","ENSG00000259420"
"12775","ENSG00000259666"
"12776","ENSG00000259281"
"12777","ENSG00000280359"
"12778","ENSG00000259213"
"12779","ENSG00000261244"
"12780","ENSG00000261403"
"12781","ENSG00000259792"
"12782","ENSG00000260988"
"12783","ENSG00000259708"
"12784","ENSG00000272418"
"12785","ENSG00000259322"
"12786","ENSG00000277482"
"12787","ENSG00000279694"
"12788","ENSG00000259474"
"12789","ENSG00000279373"
"12790","ENSG00000261762"
"12791","ENSG00000279421"
"12792","ENSG00000259555"
"12793","ENSG00000279235"
"12794","ENSG00000177699"
"12795","ENSG00000259234"
"12796","ENSG00000287408"
"12797","ENSG00000259548"
"12798","ENSG00000261229"
"12799","ENSG00000279394"
"12800","ENSG00000286813"
"12801","ENSG00000278600"
"12802","ENSG00000259642"
"12803","ENSG00000279719"
"12804","ENSG00000279705"
"12805","ENSG00000259967"
"12806","ENSG00000259361"
"12807","ENSG00000259495"
"12808","ENSG00000258010"
"12809","ENSG00000287813"
"12810","ENSG00000259175"
"12811","ENSG00000270919"
"12812","ENSG00000271983"
"12813","ENSG00000287108"
"12814","ENSG00000259546"
"12815","ENSG00000259649"
"12816","ENSG00000260619"
"12817","ENSG00000277782"
"12818","ENSG00000279834"
"12819","ENSG00000271725"
"12820","ENSG00000286488"
"12821","ENSG00000259343"
"12822","ENSG00000273920"
"12823","ENSG00000275995"
"12824","ENSG00000259543"
"12825","ENSG00000259594"
"12826","ENSG00000259692"
"12827","ENSG00000259518"
"12828","ENSG00000287872"
"12829","ENSG00000285974"
"12830","ENSG00000278202"
"12831","ENSG00000284803"
"12832","ENSG00000278013"
"12833","ENSG00000259462"
"12834","ENSG00000279758"
"12835","ENSG00000259442"
"12836","ENSG00000286817"
"12837","ENSG00000250988"
"12838","ENSG00000252690"
"12839","ENSG00000259805"
"12840","ENSG00000260608"
"12841","ENSG00000273747"
"12842","ENSG00000259767"
"12843","ENSG00000260351"
"12844","ENSG00000286872"
"12845","ENSG00000260579"
"12846","ENSG00000259986"
"12847","ENSG00000274128"
"12848","ENSG00000280038"
"12849","ENSG00000259694"
"12850","ENSG00000259774"
"12851","ENSG00000259551"
"12852","ENSG00000259244"
"12853","ENSG00000275120"
"12854","ENSG00000256278"
"12855","ENSG00000276278"
"12856","ENSG00000259654"
"12857","ENSG00000285667"
"12858","ENSG00000259415"
"12859","ENSG00000286505"
"12860","ENSG00000259375"
"12861","ENSG00000259367"
"12862","ENSG00000259276"
"12863","ENSG00000259453"
"12864","ENSG00000259544"
"12865","ENSG00000259407"
"12866","ENSG00000259762"
"12867","ENSG00000259416"
"12868","ENSG00000260477"
"12869","ENSG00000260125"
"12870","ENSG00000259734"
"12871","ENSG00000259636"
"12872","ENSG00000259620"
"12873","ENSG00000259761"
"12874","ENSG00000259560"
"12875","ENSG00000259527"
"12876","ENSG00000287391"
"12877","ENSG00000260305"
"12878","ENSG00000279945"
"12879","ENSG00000249487"
"12880","ENSG00000259676"
"12881","ENSG00000260123"
"12882","ENSG00000261407"
"12883","ENSG00000261441"
"12884","ENSG00000279708"
"12885","ENSG00000287717"
"12886","ENSG00000255571"
"12887","ENSG00000259218"
"12888","ENSG00000261478"
"12889","ENSG00000259713"
"12890","ENSG00000259615"
"12891","ENSG00000259561"
"12892","ENSG00000280377"
"12893","ENSG00000273691"
"12894","ENSG00000259291"
"12895","ENSG00000259685"
"12896","ENSG00000275345"
"12897","ENSG00000279980"
"12898","ENSG00000259177"
"12899","ENSG00000259212"
"12900","ENSG00000259314"
"12901","ENSG00000259736"
"12902","ENSG00000285560"
"12903","ENSG00000278370"
"12904","ENSG00000245479"
"12905","ENSG00000287061"
"12906","ENSG00000259704"
"12907","ENSG00000259661"
"12908","ENSG00000258384"
"12909","ENSG00000258725"
"12910","ENSG00000214432"
"12911","ENSG00000278514"
"12912","ENSG00000285661"
"12913","ENSG00000285883"
"12914","ENSG00000258551"
"12915","ENSG00000258954"
"12916","ENSG00000258765"
"12917","ENSG00000260661"
"12918","ENSG00000258761"
"12919","ENSG00000259170"
"12920","ENSG00000183643"
"12921","ENSG00000258647"
"12922","ENSG00000258676"
"12923","ENSG00000260337"
"12924","ENSG00000271763"
"12925","ENSG00000275965"
"12926","ENSG00000272298"
"12927","ENSG00000260361"
"12928","ENSG00000258922"
"12929","ENSG00000274215"
"12930","ENSG00000272888"
"12931","ENSG00000285663"
"12932","ENSG00000257060"
"12933","ENSG00000258888"
"12934","ENSG00000258909"
"12935","ENSG00000258631"
"12936","ENSG00000258754"
"12937","ENSG00000258476"
"12938","ENSG00000259123"
"12939","ENSG00000258831"
"12940","ENSG00000258785"
"12941","ENSG00000259724"
"12942","ENSG00000287950"
"12943","ENSG00000285866"
"12944","ENSG00000259331"
"12945","ENSG00000286917"
"12946","ENSG00000270017"
"12947","ENSG00000258433"
"12948","ENSG00000258773"
"12949","ENSG00000248441"
"12950","ENSG00000273923"
"12951","ENSG00000280304"
"12952","ENSG00000285700"
"12953","ENSG00000259134"
"12954","ENSG00000258489"
"12955","ENSG00000275016"
"12956","ENSG00000275443"
"12957","ENSG00000259702"
"12958","ENSG00000273771"
"12959","ENSG00000247809"
"12960","ENSG00000280048"
"12961","ENSG00000277135"
"12962","ENSG00000259359"
"12963","ENSG00000278146"
"12964","ENSG00000259763"
"12965","ENSG00000280291"
"12966","ENSG00000275322"
"12967","ENSG00000259275"
"12968","ENSG00000259542"
"12969","ENSG00000259312"
"12970","ENSG00000259534"
"12971","ENSG00000259282"
"12972","ENSG00000185594"
"12973","ENSG00000259485"
"12974","ENSG00000259403"
"12975","ENSG00000259664"
"12976","ENSG00000279091"
"12977","ENSG00000259582"
"12978","ENSG00000287267"
"12979","ENSG00000287321"
"12980","ENSG00000251209"
"12981","ENSG00000259870"
"12982","ENSG00000287000"
"12983","ENSG00000259478"
"12984","ENSG00000258483"
"12985","ENSG00000259199"
"12986","ENSG00000259611"
"12987","ENSG00000259320"
"12988","ENSG00000259041"
"12989","ENSG00000274312"
"12990","ENSG00000277987"
"12991","ENSG00000259424"
"12992","ENSG00000278022"
"12993","ENSG00000287191"
"12994","ENSG00000259621"
"12995","ENSG00000259475"
"12996","ENSG00000278090"
"12997","ENSG00000261054"
"12998","ENSG00000261616"
"12999","ENSG00000259921"
"13000","ENSG00000259590"
"13001","ENSG00000259760"
"13002","ENSG00000274294"
"13003","ENSG00000259341"
"13004","ENSG00000286893"
"13005","ENSG00000279846"
"13006","ENSG00000259363"
"13007","ENSG00000254744"
"13008","ENSG00000259219"
"13009","ENSG00000259356"
"13010","ENSG00000189419"
"13011","ENSG00000259430"
"13012","ENSG00000270127"
"13013","ENSG00000259540"
"13014","ENSG00000259579"
"13015","ENSG00000279588"
"13016","ENSG00000232386"
"13017","ENSG00000272808"
"13018","ENSG00000259604"
"13019","ENSG00000272639"
"13020","ENSG00000278456"
"13021","ENSG00000259583"
"13022","ENSG00000259376"
"13023","ENSG00000259755"
"13024","ENSG00000287892"
"13025","ENSG00000259365"
"13026","ENSG00000259182"
"13027","ENSG00000259172"
"13028","ENSG00000279970"
"13029","ENSG00000259764"
"13030","ENSG00000274139"
"13031","ENSG00000277210"
"13032","ENSG00000282793"
"13033","ENSG00000286733"
"13034","ENSG00000248893"
"13035","ENSG00000259553"
"13036","ENSG00000260803"
"13037","ENSG00000231439"
"13038","ENSG00000278995"
"13039","ENSG00000269482"
"13040","ENSG00000228779"
"13041","ENSG00000268836"
"13042","ENSG00000286901"
"13043","ENSG00000276984"
"13044","ENSG00000277142"
"13045","ENSG00000261691"
"13046","ENSG00000282907"
"13047","ENSG00000228201"
"13048","ENSG00000262528"
"13049","ENSG00000260394"
"13050","ENSG00000279441"
"13051","ENSG00000261659"
"13052","ENSG00000279255"
"13053","ENSG00000259840"
"13054","ENSG00000279136"
"13055","ENSG00000287855"
"13056","ENSG00000275438"
"13057","ENSG00000260022"
"13058","ENSG00000260316"
"13059","ENSG00000260439"
"13060","ENSG00000276931"
"13061","ENSG00000260807"
"13062","ENSG00000260496"
"13063","ENSG00000261713"
"13064","ENSG00000261720"
"13065","ENSG00000260532"
"13066","ENSG00000273551"
"13067","ENSG00000260403"
"13068","ENSG00000259910"
"13069","ENSG00000261294"
"13070","ENSG00000277010"
"13071","ENSG00000260182"
"13072","ENSG00000260710"
"13073","ENSG00000274751"
"13074","ENSG00000261505"
"13075","ENSG00000260425"
"13076","ENSG00000260132"
"13077","ENSG00000279930"
"13078","ENSG00000261641"
"13079","ENSG00000260051"
"13080","ENSG00000261430"
"13081","ENSG00000260646"
"13082","ENSG00000280062"
"13083","ENSG00000280231"
"13084","ENSG00000280327"
"13085","ENSG00000260954"
"13086","ENSG00000260989"
"13087","ENSG00000226890"
"13088","ENSG00000278987"
"13089","ENSG00000275092"
"13090","ENSG00000261399"
"13091","ENSG00000261207"
"13092","ENSG00000260541"
"13093","ENSG00000281219"
"13094","ENSG00000259947"
"13095","ENSG00000255198"
"13096","ENSG00000277602"
"13097","ENSG00000261790"
"13098","ENSG00000260107"
"13099","ENSG00000259933"
"13100","ENSG00000261123"
"13101","ENSG00000261240"
"13102","ENSG00000260447"
"13103","ENSG00000260260"
"13104","ENSG00000261532"
"13105","ENSG00000259780"
"13106","ENSG00000261663"
"13107","ENSG00000260778"
"13108","ENSG00000285970"
"13109","ENSG00000260095"
"13110","ENSG00000260874"
"13111","ENSG00000259895"
"13112","ENSG00000260293"
"13113","ENSG00000279520"
"13114","ENSG00000261613"
"13115","ENSG00000261288"
"13116","ENSG00000269937"
"13117","ENSG00000261140"
"13118","ENSG00000260436"
"13119","ENSG00000279568"
"13120","ENSG00000280402"
"13121","ENSG00000279162"
"13122","ENSG00000261093"
"13123","ENSG00000279057"
"13124","ENSG00000260176"
"13125","ENSG00000260565"
"13126","ENSG00000279901"
"13127","ENSG00000205913"
"13128","ENSG00000276791"
"13129","ENSG00000263325"
"13130","ENSG00000263280"
"13131","ENSG00000262482"
"13132","ENSG00000274367"
"13133","ENSG00000262362"
"13134","ENSG00000272079"
"13135","ENSG00000205890"
"13136","ENSG00000261971"
"13137","ENSG00000262370"
"13138","ENSG00000263011"
"13139","ENSG00000263072"
"13140","ENSG00000261889"
"13141","ENSG00000262521"
"13142","ENSG00000262668"
"13143","ENSG00000281005"
"13144","ENSG00000279330"
"13145","ENSG00000279031"
"13146","ENSG00000262899"
"13147","ENSG00000263212"
"13148","ENSG00000278942"
"13149","ENSG00000262312"
"13150","ENSG00000261938"
"13151","ENSG00000263235"
"13152","ENSG00000276754"
"13153","ENSG00000262185"
"13154","ENSG00000263159"
"13155","ENSG00000263105"
"13156","ENSG00000262468"
"13157","ENSG00000262686"
"13158","ENSG00000262712"
"13159","ENSG00000280063"
"13160","ENSG00000277170"
"13161","ENSG00000277440"
"13162","ENSG00000278434"
"13163","ENSG00000261789"
"13164","ENSG00000261442"
"13165","ENSG00000266994"
"13166","ENSG00000285952"
"13167","ENSG00000267077"
"13168","ENSG00000275056"
"13169","ENSG00000267072"
"13170","ENSG00000267070"
"13171","ENSG00000285567"
"13172","ENSG00000261811"
"13173","ENSG00000260338"
"13174","ENSG00000280000"
"13175","ENSG00000257180"
"13176","ENSG00000286635"
"13177","ENSG00000260835"
"13178","ENSG00000278975"
"13179","ENSG00000287340"
"13180","ENSG00000261198"
"13181","ENSG00000260289"
"13182","ENSG00000260003"
"13183","ENSG00000261319"
"13184","ENSG00000260058"
"13185","ENSG00000259819"
"13186","ENSG00000261066"
"13187","ENSG00000287522"
"13188","ENSG00000279357"
"13189","ENSG00000260350"
"13190","ENSG00000260276"
"13191","ENSG00000259939"
"13192","ENSG00000261481"
"13193","ENSG00000260979"
"13194","ENSG00000261392"
"13195","ENSG00000263244"
"13196","ENSG00000260349"
"13197","ENSG00000261617"
"13198","ENSG00000260071"
"13199","ENSG00000261397"
"13200","ENSG00000261075"
"13201","ENSG00000283003"
"13202","ENSG00000260362"
"13203","ENSG00000283221"
"13204","ENSG00000287830"
"13205","ENSG00000261810"
"13206","ENSG00000285543"
"13207","ENSG00000260756"
"13208","ENSG00000279662"
"13209","ENSG00000260468"
"13210","ENSG00000256013"
"13211","ENSG00000260310"
"13212","ENSG00000263279"
"13213","ENSG00000262151"
"13214","ENSG00000280153"
"13215","ENSG00000274038"
"13216","ENSG00000262020"
"13217","ENSG00000287121"
"13218","ENSG00000263033"
"13219","ENSG00000287429"
"13220","ENSG00000263080"
"13221","ENSG00000262703"
"13222","ENSG00000262999"
"13223","ENSG00000262420"
"13224","ENSG00000277369"
"13225","ENSG00000262117"
"13226","ENSG00000263307"
"13227","ENSG00000261560"
"13228","ENSG00000261216"
"13229","ENSG00000260488"
"13230","ENSG00000175604"
"13231","ENSG00000261293"
"13232","ENSG00000261394"
"13233","ENSG00000260723"
"13234","ENSG00000278979"
"13235","ENSG00000260601"
"13236","ENSG00000259876"
"13237","ENSG00000259899"
"13238","ENSG00000274834"
"13239","ENSG00000260378"
"13240","ENSG00000261158"
"13241","ENSG00000262116"
"13242","ENSG00000262801"
"13243","ENSG00000262011"
"13244","ENSG00000262267"
"13245","ENSG00000262732"
"13246","ENSG00000263234"
"13247","ENSG00000262097"
"13248","ENSG00000261856"
"13249","ENSG00000276564"
"13250","ENSG00000262529"
"13251","ENSG00000262454"
"13252","ENSG00000260009"
"13253","ENSG00000263257"
"13254","ENSG00000261523"
"13255","ENSG00000261695"
"13256","ENSG00000257264"
"13257","ENSG00000258354"
"13258","ENSG00000275910"
"13259","ENSG00000270580"
"13260","ENSG00000257391"
"13261","ENSG00000257769"
"13262","ENSG00000262380"
"13263","ENSG00000280206"
"13264","ENSG00000263335"
"13265","ENSG00000263065"
"13266","ENSG00000280429"
"13267","ENSG00000262171"
"13268","ENSG00000262332"
"13269","ENSG00000262848"
"13270","ENSG00000257366"
"13271","ENSG00000260126"
"13272","ENSG00000287905"
"13273","ENSG00000279729"
"13274","ENSG00000279490"
"13275","ENSG00000261448"
"13276","ENSG00000279410"
"13277","ENSG00000279415"
"13278","ENSG00000279620"
"13279","ENSG00000286849"
"13280","ENSG00000275927"
"13281","ENSG00000285850"
"13282","ENSG00000260945"
"13283","ENSG00000261555"
"13284","ENSG00000259929"
"13285","ENSG00000280283"
"13286","ENSG00000260242"
"13287","ENSG00000278994"
"13288","ENSG00000285628"
"13289","ENSG00000257563"
"13290","ENSG00000257527"
"13291","ENSG00000260550"
"13292","ENSG00000260017"
"13293","ENSG00000260352"
"13294","ENSG00000261465"
"13295","ENSG00000261357"
"13296","ENSG00000260430"
"13297","ENSG00000278389"
"13298","ENSG00000261427"
"13299","ENSG00000261759"
"13300","ENSG00000286790"
"13301","ENSG00000259871"
"13302","ENSG00000285869"
"13303","ENSG00000259925"
"13304","ENSG00000280265"
"13305","ENSG00000260681"
"13306","ENSG00000260592"
"13307","ENSG00000260934"
"13308","ENSG00000279747"
"13309","ENSG00000276571"
"13310","ENSG00000261312"
"13311","ENSG00000261195"
"13312","ENSG00000263253"
"13313","ENSG00000263237"
"13314","ENSG00000262995"
"13315","ENSG00000280306"
"13316","ENSG00000260201"
"13317","ENSG00000260510"
"13318","ENSG00000263331"
"13319","ENSG00000262983"
"13320","ENSG00000287809"
"13321","ENSG00000273956"
"13322","ENSG00000261596"
"13323","ENSG00000260306"
"13324","ENSG00000274460"
"13325","ENSG00000275445"
"13326","ENSG00000260277"
"13327","ENSG00000287739"
"13328","ENSG00000261113"
"13329","ENSG00000286808"
"13330","ENSG00000260635"
"13331","ENSG00000260790"
"13332","ENSG00000260973"
"13333","ENSG00000260905"
"13334","ENSG00000283213"
"13335","ENSG00000261090"
"13336","ENSG00000260566"
"13337","ENSG00000280400"
"13338","ENSG00000285613"
"13339","ENSG00000260741"
"13340","ENSG00000280039"
"13341","ENSG00000259782"
"13342","ENSG00000260136"
"13343","ENSG00000260751"
"13344","ENSG00000261723"
"13345","ENSG00000260482"
"13346","ENSG00000261266"
"13347","ENSG00000278912"
"13348","ENSG00000261583"
"13349","ENSG00000279756"
"13350","ENSG00000279276"
"13351","ENSG00000279202"
"13352","ENSG00000279554"
"13353","ENSG00000260264"
"13354","ENSG00000260072"
"13355","ENSG00000224310"
"13356","ENSG00000261669"
"13357","ENSG00000262155"
"13358","ENSG00000260448"
"13359","ENSG00000275494"
"13360","ENSG00000260034"
"13361","ENSG00000259955"
"13362","ENSG00000274925"
"13363","ENSG00000261636"
"13364","ENSG00000285882"
"13365","ENSG00000231876"
"13366","ENSG00000286712"
"13367","ENSG00000236481"
"13368","ENSG00000260580"
"13369","ENSG00000261482"
"13370","ENSG00000261045"
"13371","ENSG00000259940"
"13372","ENSG00000245888"
"13373","ENSG00000274092"
"13374","ENSG00000259954"
"13375","ENSG00000261736"
"13376","ENSG00000261329"
"13377","ENSG00000273553"
"13378","ENSG00000283662"
"13379","ENSG00000246465"
"13380","ENSG00000270118"
"13381","ENSG00000275441"
"13382","ENSG00000251417"
"13383","ENSG00000260796"
"13384","ENSG00000275807"
"13385","ENSG00000260570"
"13386","ENSG00000261766"
"13387","ENSG00000260442"
"13388","ENSG00000260853"
"13389","ENSG00000260367"
"13390","ENSG00000261067"
"13391","ENSG00000261552"
"13392","ENSG00000103472"
"13393","ENSG00000284685"
"13394","ENSG00000260517"
"13395","ENSG00000279106"
"13396","ENSG00000259807"
"13397","ENSG00000273582"
"13398","ENSG00000260953"
"13399","ENSG00000277999"
"13400","ENSG00000198106"
"13401","ENSG00000260280"
"13402","ENSG00000279583"
"13403","ENSG00000260719"
"13404","ENSG00000275857"
"13405","ENSG00000259952"
"13406","ENSG00000238045"
"13407","ENSG00000280607"
"13408","ENSG00000278713"
"13409","ENSG00000279789"
"13410","ENSG00000247735"
"13411","ENSG00000274904"
"13412","ENSG00000250616"
"13413","ENSG00000261367"
"13414","ENSG00000275371"
"13415","ENSG00000261416"
"13416","ENSG00000213599"
"13417","ENSG00000260219"
"13418","ENSG00000274653"
"13419","ENSG00000280137"
"13420","ENSG00000261346"
"13421","ENSG00000260487"
"13422","ENSG00000261332"
"13423","ENSG00000278922"
"13424","ENSG00000235560"
"13425","ENSG00000239791"
"13426","ENSG00000260167"
"13427","ENSG00000261840"
"13428","ENSG00000260899"
"13429","ENSG00000280211"
"13430","ENSG00000274678"
"13431","ENSG00000260083"
"13432","ENSG00000262721"
"13433","ENSG00000260852"
"13434","ENSG00000261487"
"13435","ENSG00000275263"
"13436","ENSG00000279196"
"13437","ENSG00000260911"
"13438","ENSG00000232748"
"13439","ENSG00000261124"
"13440","ENSG00000280160"
"13441","ENSG00000262766"
"13442","ENSG00000278133"
"13443","ENSG00000261385"
"13444","ENSG00000260304"
"13445","ENSG00000260060"
"13446","ENSG00000261359"
"13447","ENSG00000260757"
"13448","ENSG00000277543"
"13449","ENSG00000261474"
"13450","ENSG00000260267"
"13451","ENSG00000280132"
"13452","ENSG00000260740"
"13453","ENSG00000260625"
"13454","ENSG00000261475"
"13455","ENSG00000261648"
"13456","ENSG00000278885"
"13457","ENSG00000260568"
"13458","ENSG00000276867"
"13459","ENSG00000261731"
"13460","ENSG00000259810"
"13461","ENSG00000286473"
"13462","ENSG00000279997"
"13463","ENSG00000260847"
"13464","ENSG00000260575"
"13465","ENSG00000260402"
"13466","ENSG00000261541"
"13467","ENSG00000261569"
"13468","ENSG00000260311"
"13469","ENSG00000260974"
"13470","ENSG00000260845"
"13471","ENSG00000278950"
"13472","ENSG00000279780"
"13473","ENSG00000279795"
"13474","ENSG00000260158"
"13475","ENSG00000214614"
"13476","ENSG00000260921"
"13477","ENSG00000260141"
"13478","ENSG00000261682"
"13479","ENSG00000260419"
"13480","ENSG00000260827"
"13481","ENSG00000261507"
"13482","ENSG00000261009"
"13483","ENSG00000260626"
"13484","ENSG00000261200"
"13485","ENSG00000261466"
"13486","ENSG00000260312"
"13487","ENSG00000205452"
"13488","ENSG00000256642"
"13489","ENSG00000288300"
"13490","ENSG00000279165"
"13491","ENSG00000260854"
"13492","ENSG00000179755"
"13493","ENSG00000261566"
"13494","ENSG00000261800"
"13495","ENSG00000280180"
"13496","ENSG00000260073"
"13497","ENSG00000261398"
"13498","ENSG00000260958"
"13499","ENSG00000259841"
"13500","ENSG00000287163"
"13501","ENSG00000261350"
"13502","ENSG00000261445"
"13503","ENSG00000287448"
"13504","ENSG00000260857"
"13505","ENSG00000259791"
"13506","ENSG00000261122"
"13507","ENSG00000260611"
"13508","ENSG00000279666"
"13509","ENSG00000261512"
"13510","ENSG00000261131"
"13511","ENSG00000280376"
"13512","ENSG00000261173"
"13513","ENSG00000259821"
"13514","ENSG00000260281"
"13515","ENSG00000260744"
"13516","ENSG00000279509"
"13517","ENSG00000261369"
"13518","ENSG00000262038"
"13519","ENSG00000261231"
"13520","ENSG00000261325"
"13521","ENSG00000260450"
"13522","ENSG00000288026"
"13523","ENSG00000261538"
"13524","ENSG00000280067"
"13525","ENSG00000261802"
"13526","ENSG00000261267"
"13527","ENSG00000259912"
"13528","ENSG00000260086"
"13529","ENSG00000260052"
"13530","ENSG00000272545"
"13531","ENSG00000287469"
"13532","ENSG00000261421"
"13533","ENSG00000261815"
"13534","ENSG00000279249"
"13535","ENSG00000280189"
"13536","ENSG00000262950"
"13537","ENSG00000263110"
"13538","ENSG00000261623"
"13539","ENSG00000280131"
"13540","ENSG00000275155"
"13541","ENSG00000279842"
"13542","ENSG00000261751"
"13543","ENSG00000259843"
"13544","ENSG00000279356"
"13545","ENSG00000260381"
"13546","ENSG00000287444"
"13547","ENSG00000261393"
"13548","ENSG00000261092"
"13549","ENSG00000260573"
"13550","ENSG00000260029"
"13551","ENSG00000278909"
"13552","ENSG00000205414"
"13553","ENSG00000260249"
"13554","ENSG00000270120"
"13555","ENSG00000261644"
"13556","ENSG00000260616"
"13557","ENSG00000261703"
"13558","ENSG00000261241"
"13559","ENSG00000260042"
"13560","ENSG00000261637"
"13561","ENSG00000260605"
"13562","ENSG00000260620"
"13563","ENSG00000287718"
"13564","ENSG00000261238"
"13565","ENSG00000285367"
"13566","ENSG00000280344"
"13567","ENSG00000287256"
"13568","ENSG00000260850"
"13569","ENSG00000260057"
"13570","ENSG00000261190"
"13571","ENSG00000261470"
"13572","ENSG00000279779"
"13573","ENSG00000260268"
"13574","ENSG00000261749"
"13575","ENSG00000260975"
"13576","ENSG00000260478"
"13577","ENSG00000260887"
"13578","ENSG00000279427"
"13579","ENSG00000249231"
"13580","ENSG00000285800"
"13581","ENSG00000260963"
"13582","ENSG00000260393"
"13583","ENSG00000261261"
"13584","ENSG00000261291"
"13585","ENSG00000280227"
"13586","ENSG00000279589"
"13587","ENSG00000261804"
"13588","ENSG00000262714"
"13589","ENSG00000279741"
"13590","ENSG00000280027"
"13591","ENSG00000259926"
"13592","ENSG00000279344"
"13593","ENSG00000279722"
"13594","ENSG00000287909"
"13595","ENSG00000275191"
"13596","ENSG00000261630"
"13597","ENSG00000280392"
"13598","ENSG00000260194"
"13599","ENSG00000261049"
"13600","ENSG00000259759"
"13601","ENSG00000259517"
"13602","ENSG00000283689"
"13603","ENSG00000277559"
"13604","ENSG00000261803"
"13605","ENSG00000287885"
"13606","ENSG00000286845"
"13607","ENSG00000283304"
"13608","ENSG00000283258"
"13609","ENSG00000245694"
"13610","ENSG00000286357"
"13611","ENSG00000259711"
"13612","ENSG00000259725"
"13613","ENSG00000285775"
"13614","ENSG00000259283"
"13615","ENSG00000283423"
"13616","ENSG00000263207"
"13617","ENSG00000274508"
"13618","ENSG00000260135"
"13619","ENSG00000279030"
"13620","ENSG00000261997"
"13621","ENSG00000278928"
"13622","ENSG00000246379"
"13623","ENSG00000279523"
"13624","ENSG00000260041"
"13625","ENSG00000261439"
"13626","ENSG00000287866"
"13627","ENSG00000260198"
"13628","ENSG00000279764"
"13629","ENSG00000272372"
"13630","ENSG00000260621"
"13631","ENSG00000274031"
"13632","ENSG00000260823"
"13633","ENSG00000259923"
"13634","ENSG00000259827"
"13635","ENSG00000261302"
"13636","ENSG00000261270"
"13637","ENSG00000261114"
"13638","ENSG00000260145"
"13639","ENSG00000260148"
"13640","ENSG00000279019"
"13641","ENSG00000279803"
"13642","ENSG00000285979"
"13643","ENSG00000276663"
"13644","ENSG00000260038"
"13645","ENSG00000260345"
"13646","ENSG00000261633"
"13647","ENSG00000260467"
"13648","ENSG00000276166"
"13649","ENSG00000187185"
"13650","ENSG00000260545"
"13651","ENSG00000260927"
"13652","ENSG00000260867"
"13653","ENSG00000261078"
"13654","ENSG00000276131"
"13655","ENSG00000260186"
"13656","ENSG00000276259"
"13657","ENSG00000279889"
"13658","ENSG00000245768"
"13659","ENSG00000261638"
"13660","ENSG00000261807"
"13661","ENSG00000261436"
"13662","ENSG00000261310"
"13663","ENSG00000286653"
"13664","ENSG00000260600"
"13665","ENSG00000260115"
"13666","ENSG00000280261"
"13667","ENSG00000231589"
"13668","ENSG00000261502"
"13669","ENSG00000269986"
"13670","ENSG00000260658"
"13671","ENSG00000261743"
"13672","ENSG00000279225"
"13673","ENSG00000261014"
"13674","ENSG00000261653"
"13675","ENSG00000260715"
"13676","ENSG00000261028"
"13677","ENSG00000259846"
"13678","ENSG00000278893"
"13679","ENSG00000259847"
"13680","ENSG00000260834"
"13681","ENSG00000260364"
"13682","ENSG00000261742"
"13683","ENSG00000261818"
"13684","ENSG00000260004"
"13685","ENSG00000260695"
"13686","ENSG00000286928"
"13687","ENSG00000246898"
"13688","ENSG00000261656"
"13689","ENSG00000260755"
"13690","ENSG00000261519"
"13691","ENSG00000277978"
"13692","ENSG00000260650"
"13693","ENSG00000260465"
"13694","ENSG00000287965"
"13695","ENSG00000260558"
"13696","ENSG00000246777"
"13697","ENSG00000258122"
"13698","ENSG00000265408"
"13699","ENSG00000280416"
"13700","ENSG00000280334"
"13701","ENSG00000280163"
"13702","ENSG00000262691"
"13703","ENSG00000261320"
"13704","ENSG00000270049"
"13705","ENSG00000276075"
"13706","ENSG00000261396"
"13707","ENSG00000259945"
"13708","ENSG00000260894"
"13709","ENSG00000261386"
"13710","ENSG00000280214"
"13711","ENSG00000259804"
"13712","ENSG00000237718"
"13713","ENSG00000270165"
"13714","ENSG00000263126"
"13715","ENSG00000261864"
"13716","ENSG00000262514"
"13717","ENSG00000279621"
"13718","ENSG00000260891"
"13719","ENSG00000263276"
"13720","ENSG00000262160"
"13721","ENSG00000261469"
"13722","ENSG00000260441"
"13723","ENSG00000279649"
"13724","ENSG00000259797"
"13725","ENSG00000279693"
"13726","ENSG00000287760"
"13727","ENSG00000274698"
"13728","ENSG00000260084"
"13729","ENSG00000275383"
"13730","ENSG00000260577"
"13731","ENSG00000260798"
"13732","ENSG00000260999"
"13733","ENSG00000266801"
"13734","ENSG00000265113"
"13735","ENSG00000260108"
"13736","ENSG00000274093"
"13737","ENSG00000260772"
"13738","ENSG00000261602"
"13739","ENSG00000262136"
"13740","ENSG00000196696"
"13741","ENSG00000247228"
"13742","ENSG00000261777"
"13743","ENSG00000285710"
"13744","ENSG00000260111"
"13745","ENSG00000279569"
"13746","ENSG00000279412"
"13747","ENSG00000260156"
"13748","ENSG00000214353"
"13749","ENSG00000279815"
"13750","ENSG00000279122"
"13751","ENSG00000279123"
"13752","ENSG00000262890"
"13753","ENSG00000259833"
"13754","ENSG00000259798"
"13755","ENSG00000261260"
"13756","ENSG00000261348"
"13757","ENSG00000247324"
"13758","ENSG00000260520"
"13759","ENSG00000260015"
"13760","ENSG00000260886"
"13761","ENSG00000260593"
"13762","ENSG00000260185"
"13763","ENSG00000261513"
"13764","ENSG00000260612"
"13765","ENSG00000279592"
"13766","ENSG00000261765"
"13767","ENSG00000260252"
"13768","ENSG00000261673"
"13769","ENSG00000261008"
"13770","ENSG00000260664"
"13771","ENSG00000259768"
"13772","ENSG00000279206"
"13773","ENSG00000259209"
"13774","ENSG00000279757"
"13775","ENSG00000280092"
"13776","ENSG00000272330"
"13777","ENSG00000279591"
"13778","ENSG00000271009"
"13779","ENSG00000260880"
"13780","ENSG00000284675"
"13781","ENSG00000261227"
"13782","ENSG00000279120"
"13783","ENSG00000258779"
"13784","ENSG00000260848"
"13785","ENSG00000283457"
"13786","ENSG00000259817"
"13787","ENSG00000261404"
"13788","ENSG00000279420"
"13789","ENSG00000279100"
"13790","ENSG00000261248"
"13791","ENSG00000275236"
"13792","ENSG00000259972"
"13793","ENSG00000260884"
"13794","ENSG00000261079"
"13795","ENSG00000261170"
"13796","ENSG00000247033"
"13797","ENSG00000261058"
"13798","ENSG00000280152"
"13799","ENSG00000259999"
"13800","ENSG00000261783"
"13801","ENSG00000274220"
"13802","ENSG00000261476"
"13803","ENSG00000203472"
"13804","ENSG00000273971"
"13805","ENSG00000259992"
"13806","ENSG00000276408"
"13807","ENSG00000276523"
"13808","ENSG00000261313"
"13809","ENSG00000260223"
"13810","ENSG00000260983"
"13811","ENSG00000286841"
"13812","ENSG00000273659"
"13813","ENSG00000250514"
"13814","ENSG00000259995"
"13815","ENSG00000279856"
"13816","ENSG00000261063"
"13817","ENSG00000260922"
"13818","ENSG00000260701"
"13819","ENSG00000261154"
"13820","ENSG00000278862"
"13821","ENSG00000261707"
"13822","ENSG00000285538"
"13823","ENSG00000278926"
"13824","ENSG00000261540"
"13825","ENSG00000276007"
"13826","ENSG00000279991"
"13827","ENSG00000260969"
"13828","ENSG00000287106"
"13829","ENSG00000260733"
"13830","ENSG00000279887"
"13831","ENSG00000261837"
"13832","ENSG00000279129"
"13833","ENSG00000286894"
"13834","ENSG00000280115"
"13835","ENSG00000280190"
"13836","ENSG00000260816"
"13837","ENSG00000279732"
"13838","ENSG00000261537"
"13839","ENSG00000280274"
"13840","ENSG00000260694"
"13841","ENSG00000260479"
"13842","ENSG00000260511"
"13843","ENSG00000277954"
"13844","ENSG00000285918"
"13845","ENSG00000261722"
"13846","ENSG00000261472"
"13847","ENSG00000277214"
"13848","ENSG00000278058"
"13849","ENSG00000275040"
"13850","ENSG00000279378"
"13851","ENSG00000260876"
"13852","ENSG00000261390"
"13853","ENSG00000261082"
"13854","ENSG00000260237"
"13855","ENSG00000260706"
"13856","ENSG00000259867"
"13857","ENSG00000261376"
"13858","ENSG00000260183"
"13859","ENSG00000260737"
"13860","ENSG00000260064"
"13861","ENSG00000260594"
"13862","ENSG00000260896"
"13863","ENSG00000278985"
"13864","ENSG00000260213"
"13865","ENSG00000261061"
"13866","ENSG00000261141"
"13867","ENSG00000261838"
"13868","ENSG00000245059"
"13869","ENSG00000286759"
"13870","ENSG00000280182"
"13871","ENSG00000260495"
"13872","ENSG00000272923"
"13873","ENSG00000279021"
"13874","ENSG00000279476"
"13875","ENSG00000279681"
"13876","ENSG00000279294"
"13877","ENSG00000279841"
"13878","ENSG00000261218"
"13879","ENSG00000276519"
"13880","ENSG00000261235"
"13881","ENSG00000261029"
"13882","ENSG00000261285"
"13883","ENSG00000280044"
"13884","ENSG00000260862"
"13885","ENSG00000286528"
"13886","ENSG00000260832"
"13887","ENSG00000261410"
"13888","ENSG00000261103"
"13889","ENSG00000260788"
"13890","ENSG00000259914"
"13891","ENSG00000260228"
"13892","ENSG00000260932"
"13893","ENSG00000285792"
"13894","ENSG00000274677"
"13895","ENSG00000260018"
"13896","ENSG00000250685"
"13897","ENSG00000260858"
"13898","ENSG00000260530"
"13899","ENSG00000260504"
"13900","ENSG00000261286"
"13901","ENSG00000261243"
"13902","ENSG00000261471"
"13903","ENSG00000285848"
"13904","ENSG00000260859"
"13905","ENSG00000279622"
"13906","ENSG00000260340"
"13907","ENSG00000278214"
"13908","ENSG00000275088"
"13909","ENSG00000287787"
"13910","ENSG00000179219"
"13911","ENSG00000287946"
"13912","ENSG00000278716"
"13913","ENSG00000270124"
"13914","ENSG00000260417"
"13915","ENSG00000275393"
"13916","ENSG00000287125"
"13917","ENSG00000269898"
"13918","ENSG00000270184"
"13919","ENSG00000270159"
"13920","ENSG00000286510"
"13921","ENSG00000279907"
"13922","ENSG00000285163"
"13923","ENSG00000268804"
"13924","ENSG00000285040"
"13925","ENSG00000269667"
"13926","ENSG00000285012"
"13927","ENSG00000279604"
"13928","ENSG00000261177"
"13929","ENSG00000268078"
"13930","ENSG00000268505"
"13931","ENSG00000269186"
"13932","ENSG00000268754"
"13933","ENSG00000268532"
"13934","ENSG00000168367"
"13935","ENSG00000269826"
"13936","ENSG00000268388"
"13937","ENSG00000270020"
"13938","ENSG00000280278"
"13939","ENSG00000260944"
"13940","ENSG00000279142"
"13941","ENSG00000260387"
"13942","ENSG00000261161"
"13943","ENSG00000274478"
"13944","ENSG00000261175"
"13945","ENSG00000260026"
"13946","ENSG00000287010"
"13947","ENSG00000287161"
"13948","ENSG00000232190"
"13949","ENSG00000261363"
"13950","ENSG00000285527"
"13951","ENSG00000261095"
"13952","ENSG00000261651"
"13953","ENSG00000261697"
"13954","ENSG00000280419"
"13955","ENSG00000270006"
"13956","ENSG00000270082"
"13957","ENSG00000269901"
"13958","ENSG00000261592"
"13959","ENSG00000276337"
"13960","ENSG00000260750"
"13961","ENSG00000269935"
"13962","ENSG00000277504"
"13963","ENSG00000226180"
"13964","ENSG00000260671"
"13965","ENSG00000260498"
"13966","ENSG00000260177"
"13967","ENSG00000260466"
"13968","ENSG00000261193"
"13969","ENSG00000260166"
"13970","ENSG00000205037"
"13971","ENSG00000260162"
"13972","ENSG00000261327"
"13973","ENSG00000260420"
"13974","ENSG00000261816"
"13975","ENSG00000261273"
"13976","ENSG00000261744"
"13977","ENSG00000260630"
"13978","ENSG00000259813"
"13979","ENSG00000278341"
"13980","ENSG00000260121"
"13981","ENSG00000224888"
"13982","ENSG00000260617"
"13983","ENSG00000182376"
"13984","ENSG00000259881"
"13985","ENSG00000261226"
"13986","ENSG00000205018"
"13987","ENSG00000259989"
"13988","ENSG00000256982"
"13989","ENSG00000261546"
"13990","ENSG00000180422"
"13991","ENSG00000205015"
"13992","ENSG00000259877"
"13993","ENSG00000260659"
"13994","ENSG00000268218"
"13995","ENSG00000260279"
"13996","ENSG00000261253"
"13997","ENSG00000261692"
"13998","ENSG00000287351"
"13999","ENSG00000261118"
"14000","ENSG00000275734"
"14001","ENSG00000260259"
"14002","ENSG00000261373"
"14003","ENSG00000267048"
"14004","ENSG00000259006"
"14005","ENSG00000221819"
"14006","ENSG00000260528"
"14007","ENSG00000260507"
"14008","ENSG00000261172"
"14009","ENSG00000260923"
"14010","ENSG00000280279"
"14011","ENSG00000280136"
"14012","ENSG00000273172"
"14013","ENSG00000262920"
"14014","ENSG00000262061"
"14015","ENSG00000262294"
"14016","ENSG00000262558"
"14017","ENSG00000241525"
"14018","ENSG00000263015"
"14019","ENSG00000263300"
"14020","ENSG00000262905"
"14021","ENSG00000262228"
"14022","ENSG00000262434"
"14023","ENSG00000277491"
"14024","ENSG00000262133"
"14025","ENSG00000262003"
"14026","ENSG00000235361"
"14027","ENSG00000262213"
"14028","ENSG00000280408"
"14029","ENSG00000262777"
"14030","ENSG00000236618"
"14031","ENSG00000277597"
"14032","ENSG00000186594"
"14033","ENSG00000262791"
"14034","ENSG00000262445"
"14035","ENSG00000228133"
"14036","ENSG00000262869"
"14037","ENSG00000287553"
"14038","ENSG00000262533"
"14039","ENSG00000263050"
"14040","ENSG00000280333"
"14041","ENSG00000262810"
"14042","ENSG00000279040"
"14043","ENSG00000279562"
"14044","ENSG00000279340"
"14045","ENSG00000236838"
"14046","ENSG00000236457"
"14047","ENSG00000225084"
"14048","ENSG00000278941"
"14049","ENSG00000280242"
"14050","ENSG00000274758"
"14051","ENSG00000263345"
"14052","ENSG00000262456"
"14053","ENSG00000279872"
"14054","ENSG00000280280"
"14055","ENSG00000279432"
"14056","ENSG00000272770"
"14057","ENSG00000272911"
"14058","ENSG00000262050"
"14059","ENSG00000277200"
"14060","ENSG00000272920"
"14061","ENSG00000262884"
"14062","ENSG00000261848"
"14063","ENSG00000280268"
"14064","ENSG00000263338"
"14065","ENSG00000261916"
"14066","ENSG00000262903"
"14067","ENSG00000262692"
"14068","ENSG00000262358"
"14069","ENSG00000263312"
"14070","ENSG00000263165"
"14071","ENSG00000274363"
"14072","ENSG00000262823"
"14073","ENSG00000229782"
"14074","ENSG00000262921"
"14075","ENSG00000261863"
"14076","ENSG00000235085"
"14077","ENSG00000244184"
"14078","ENSG00000261898"
"14079","ENSG00000280254"
"14080","ENSG00000262429"
"14081","ENSG00000234203"
"14082","ENSG00000262678"
"14083","ENSG00000262227"
"14084","ENSG00000227495"
"14085","ENSG00000262693"
"14086","ENSG00000234327"
"14087","ENSG00000261879"
"14088","ENSG00000263164"
"14089","ENSG00000263220"
"14090","ENSG00000263272"
"14091","ENSG00000262099"
"14092","ENSG00000286356"
"14093","ENSG00000284837"
"14094","ENSG00000262231"
"14095","ENSG00000285593"
"14096","ENSG00000261996"
"14097","ENSG00000279296"
"14098","ENSG00000215067"
"14099","ENSG00000263316"
"14100","ENSG00000267047"
"14101","ENSG00000262089"
"14102","ENSG00000267532"
"14103","ENSG00000279812"
"14104","ENSG00000279641"
"14105","ENSG00000263342"
"14106","ENSG00000263171"
"14107","ENSG00000262880"
"14108","ENSG00000262624"
"14109","ENSG00000263301"
"14110","ENSG00000272884"
"14111","ENSG00000276384"
"14112","ENSG00000264772"
"14113","ENSG00000233223"
"14114","ENSG00000280046"
"14115","ENSG00000279174"
"14116","ENSG00000263427"
"14117","ENSG00000214999"
"14118","ENSG00000266824"
"14119","ENSG00000279152"
"14120","ENSG00000178977"
"14121","ENSG00000269947"
"14122","ENSG00000226871"
"14123","ENSG00000266279"
"14124","ENSG00000265749"
"14125","ENSG00000266389"
"14126","ENSG00000265975"
"14127","ENSG00000262966"
"14128","ENSG00000273816"
"14129","ENSG00000263708"
"14130","ENSG00000225751"
"14131","ENSG00000262815"
"14132","ENSG00000263051"
"14133","ENSG00000271851"
"14134","ENSG00000265349"
"14135","ENSG00000262296"
"14136","ENSG00000282882"
"14137","ENSG00000278944"
"14138","ENSG00000283025"
"14139","ENSG00000273388"
"14140","ENSG00000264067"
"14141","ENSG00000272736"
"14142","ENSG00000272975"
"14143","ENSG00000214970"
"14144","ENSG00000261433"
"14145","ENSG00000263388"
"14146","ENSG00000263400"
"14147","ENSG00000285220"
"14148","ENSG00000264016"
"14149","ENSG00000266114"
"14150","ENSG00000284876"
"14151","ENSG00000279542"
"14152","ENSG00000263508"
"14153","ENSG00000285541"
"14154","ENSG00000264727"
"14155","ENSG00000263684"
"14156","ENSG00000266368"
"14157","ENSG00000265400"
"14158","ENSG00000286617"
"14159","ENSG00000179136"
"14160","ENSG00000287462"
"14161","ENSG00000227274"
"14162","ENSG00000265489"
"14163","ENSG00000280168"
"14164","ENSG00000277621"
"14165","ENSG00000263707"
"14166","ENSG00000273098"
"14167","ENSG00000234634"
"14168","ENSG00000236088"
"14169","ENSG00000265494"
"14170","ENSG00000233852"
"14171","ENSG00000266744"
"14172","ENSG00000262786"
"14173","ENSG00000266709"
"14174","ENSG00000266378"
"14175","ENSG00000230647"
"14176","ENSG00000226130"
"14177","ENSG00000205325"
"14178","ENSG00000238212"
"14179","ENSG00000232058"
"14180","ENSG00000259944"
"14181","ENSG00000287307"
"14182","ENSG00000265163"
"14183","ENSG00000279660"
"14184","ENSG00000265445"
"14185","ENSG00000286792"
"14186","ENSG00000230971"
"14187","ENSG00000237377"
"14188","ENSG00000279567"
"14189","ENSG00000266667"
"14190","ENSG00000266538"
"14191","ENSG00000266261"
"14192","ENSG00000233002"
"14193","ENSG00000233193"
"14194","ENSG00000265519"
"14195","ENSG00000276855"
"14196","ENSG00000237057"
"14197","ENSG00000275413"
"14198","ENSG00000227782"
"14199","ENSG00000265401"
"14200","ENSG00000264739"
"14201","ENSG00000239203"
"14202","ENSG00000175061"
"14203","ENSG00000266651"
"14204","ENSG00000286743"
"14205","ENSG00000266803"
"14206","ENSG00000264765"
"14207","ENSG00000272815"
"14208","ENSG00000264673"
"14209","ENSG00000288235"
"14210","ENSG00000264729"
"14211","ENSG00000283033"
"14212","ENSG00000230709"
"14213","ENSG00000230969"
"14214","ENSG00000260328"
"14215","ENSG00000287114"
"14216","ENSG00000287910"
"14217","ENSG00000225442"
"14218","ENSG00000263624"
"14219","ENSG00000278864"
"14220","ENSG00000266498"
"14221","ENSG00000286430"
"14222","ENSG00000265511"
"14223","ENSG00000264666"
"14224","ENSG00000279200"
"14225","ENSG00000223979"
"14226","ENSG00000237328"
"14227","ENSG00000226746"
"14228","ENSG00000264167"
"14229","ENSG00000197815"
"14230","ENSG00000280198"
"14231","ENSG00000279428"
"14232","ENSG00000266677"
"14233","ENSG00000260647"
"14234","ENSG00000264177"
"14235","ENSG00000220161"
"14236","ENSG00000273018"
"14237","ENSG00000287058"
"14238","ENSG00000265478"
"14239","ENSG00000264273"
"14240","ENSG00000196893"
"14241","ENSG00000279825"
"14242","ENSG00000230197"
"14243","ENSG00000263394"
"14244","ENSG00000228157"
"14245","ENSG00000262202"
"14246","ENSG00000262319"
"14247","ENSG00000266664"
"14248","ENSG00000197665"
"14249","ENSG00000262292"
"14250","ENSG00000266311"
"14251","ENSG00000236022"
"14252","ENSG00000281856"
"14253","ENSG00000235397"
"14254","ENSG00000286799"
"14255","ENSG00000287196"
"14256","ENSG00000265126"
"14257","ENSG00000235979"
"14258","ENSG00000227078"
"14259","ENSG00000231477"
"14260","ENSG00000262769"
"14261","ENSG00000264932"
"14262","ENSG00000262681"
"14263","ENSG00000264785"
"14264","ENSG00000279251"
"14265","ENSG00000276406"
"14266","ENSG00000270091"
"14267","ENSG00000266126"
"14268","ENSG00000261033"
"14269","ENSG00000263494"
"14270","ENSG00000266839"
"14271","ENSG00000287490"
"14272","ENSG00000266925"
"14273","ENSG00000260907"
"14274","ENSG00000267075"
"14275","ENSG00000264422"
"14276","ENSG00000227685"
"14277","ENSG00000264215"
"14278","ENSG00000266369"
"14279","ENSG00000233098"
"14280","ENSG00000264660"
"14281","ENSG00000263986"
"14282","ENSG00000236819"
"14283","ENSG00000235530"
"14284","ENSG00000212719"
"14285","ENSG00000287671"
"14286","ENSG00000265043"
"14287","ENSG00000264023"
"14288","ENSG00000265265"
"14289","ENSG00000266466"
"14290","ENSG00000263609"
"14291","ENSG00000264956"
"14292","ENSG00000178130"
"14293","ENSG00000276399"
"14294","ENSG00000261020"
"14295","ENSG00000243655"
"14296","ENSG00000264262"
"14297","ENSG00000264734"
"14298","ENSG00000285822"
"14299","ENSG00000265246"
"14300","ENSG00000266313"
"14301","ENSG00000265801"
"14302","ENSG00000266872"
"14303","ENSG00000266527"
"14304","ENSG00000260019"
"14305","ENSG00000286589"
"14306","ENSG00000287721"
"14307","ENSG00000267644"
"14308","ENSG00000267259"
"14309","ENSG00000266830"
"14310","ENSG00000264486"
"14311","ENSG00000260777"
"14312","ENSG00000258924"
"14313","ENSG00000265618"
"14314","ENSG00000277450"
"14315","ENSG00000279532"
"14316","ENSG00000265254"
"14317","ENSG00000265168"
"14318","ENSG00000227543"
"14319","ENSG00000264608"
"14320","ENSG00000265287"
"14321","ENSG00000264044"
"14322","ENSG00000265205"
"14323","ENSG00000264577"
"14324","ENSG00000267729"
"14325","ENSG00000265073"
"14326","ENSG00000265474"
"14327","ENSG00000265840"
"14328","ENSG00000264066"
"14329","ENSG00000264304"
"14330","ENSG00000266642"
"14331","ENSG00000265845"
"14332","ENSG00000265908"
"14333","ENSG00000263613"
"14334","ENSG00000238007"
"14335","ENSG00000263709"
"14336","ENSG00000266111"
"14337","ENSG00000264808"
"14338","ENSG00000264031"
"14339","ENSG00000264290"
"14340","ENSG00000264647"
"14341","ENSG00000264007"
"14342","ENSG00000263370"
"14343","ENSG00000265625"
"14344","ENSG00000263657"
"14345","ENSG00000263477"
"14346","ENSG00000265289"
"14347","ENSG00000265394"
"14348","ENSG00000266919"
"14349","ENSG00000265739"
"14350","ENSG00000266987"
"14351","ENSG00000264125"
"14352","ENSG00000266120"
"14353","ENSG00000263860"
"14354","ENSG00000279431"
"14355","ENSG00000266775"
"14356","ENSG00000259928"
"14357","ENSG00000231421"
"14358","ENSG00000214719"
"14359","ENSG00000279337"
"14360","ENSG00000265443"
"14361","ENSG00000263603"
"14362","ENSG00000280069"
"14363","ENSG00000265791"
"14364","ENSG00000266490"
"14365","ENSG00000276250"
"14366","ENSG00000265334"
"14367","ENSG00000263531"
"14368","ENSG00000275185"
"14369","ENSG00000230113"
"14370","ENSG00000265743"
"14371","ENSG00000286194"
"14372","ENSG00000264456"
"14373","ENSG00000266340"
"14374","ENSG00000264107"
"14375","ENSG00000266371"
"14376","ENSG00000278977"
"14377","ENSG00000278546"
"14378","ENSG00000228768"
"14379","ENSG00000266877"
"14380","ENSG00000263567"
"14381","ENSG00000265046"
"14382","ENSG00000263990"
"14383","ENSG00000278867"
"14384","ENSG00000277511"
"14385","ENSG00000214708"
"14386","ENSG00000280033"
"14387","ENSG00000280020"
"14388","ENSG00000287506"
"14389","ENSG00000263674"
"14390","ENSG00000265794"
"14391","ENSG00000265139"
"14392","ENSG00000274341"
"14393","ENSG00000278668"
"14394","ENSG00000266385"
"14395","ENSG00000279762"
"14396","ENSG00000264083"
"14397","ENSG00000266718"
"14398","ENSG00000280245"
"14399","ENSG00000265222"
"14400","ENSG00000263717"
"14401","ENSG00000279781"
"14402","ENSG00000266599"
"14403","ENSG00000265337"
"14404","ENSG00000264458"
"14405","ENSG00000226377"
"14406","ENSG00000236377"
"14407","ENSG00000264598"
"14408","ENSG00000280349"
"14409","ENSG00000266535"
"14410","ENSG00000265544"
"14411","ENSG00000265697"
"14412","ENSG00000265125"
"14413","ENSG00000265115"
"14414","ENSG00000264643"
"14415","ENSG00000265689"
"14416","ENSG00000283417"
"14417","ENSG00000279668"
"14418","ENSG00000265356"
"14419","ENSG00000263435"
"14420","ENSG00000279674"
"14421","ENSG00000263485"
"14422","ENSG00000265775"
"14423","ENSG00000264791"
"14424","ENSG00000263571"
"14425","ENSG00000261156"
"14426","ENSG00000264990"
"14427","ENSG00000225582"
"14428","ENSG00000197322"
"14429","ENSG00000278860"
"14430","ENSG00000264174"
"14431","ENSG00000264622"
"14432","ENSG00000285559"
"14433","ENSG00000273687"
"14434","ENSG00000267457"
"14435","ENSG00000267782"
"14436","ENSG00000266981"
"14437","ENSG00000266947"
"14438","ENSG00000267364"
"14439","ENSG00000267711"
"14440","ENSG00000267547"
"14441","ENSG00000267745"
"14442","ENSG00000286065"
"14443","ENSG00000267349"
"14444","ENSG00000267074"
"14445","ENSG00000267035"
"14446","ENSG00000267359"
"14447","ENSG00000267625"
"14448","ENSG00000267321"
"14449","ENSG00000271392"
"14450","ENSG00000270829"
"14451","ENSG00000270871"
"14452","ENSG00000270894"
"14453","ENSG00000270240"
"14454","ENSG00000275431"
"14455","ENSG00000275944"
"14456","ENSG00000278690"
"14457","ENSG00000277089"
"14458","ENSG00000276241"
"14459","ENSG00000274767"
"14460","ENSG00000278097"
"14461","ENSG00000275720"
"14462","ENSG00000276508"
"14463","ENSG00000275613"
"14464","ENSG00000277268"
"14465","ENSG00000276707"
"14466","ENSG00000277911"
"14467","ENSG00000277589"
"14468","ENSG00000277579"
"14469","ENSG00000278638"
"14470","ENSG00000276054"
"14471","ENSG00000273965"
"14472","ENSG00000277688"
"14473","ENSG00000277501"
"14474","ENSG00000274244"
"14475","ENSG00000275173"
"14476","ENSG00000276170"
"14477","ENSG00000274996"
"14478","ENSG00000277969"
"14479","ENSG00000275532"
"14480","ENSG00000275665"
"14481","ENSG00000279119"
"14482","ENSG00000277182"
"14483","ENSG00000263466"
"14484","ENSG00000265784"
"14485","ENSG00000266588"
"14486","ENSG00000266013"
"14487","ENSG00000286443"
"14488","ENSG00000280177"
"14489","ENSG00000266101"
"14490","ENSG00000266469"
"14491","ENSG00000273576"
"14492","ENSG00000214546"
"14493","ENSG00000264968"
"14494","ENSG00000265799"
"14495","ENSG00000279199"
"14496","ENSG00000287644"
"14497","ENSG00000265666"
"14498","ENSG00000278918"
"14499","ENSG00000266208"
"14500","ENSG00000279806"
"14501","ENSG00000266088"
"14502","ENSG00000279775"
"14503","ENSG00000278834"
"14504","ENSG00000264488"
"14505","ENSG00000167920"
"14506","ENSG00000265359"
"14507","ENSG00000234477"
"14508","ENSG00000287602"
"14509","ENSG00000234859"
"14510","ENSG00000229732"
"14511","ENSG00000226629"
"14512","ENSG00000278954"
"14513","ENSG00000259623"
"14514","ENSG00000274630"
"14515","ENSG00000267658"
"14516","ENSG00000280295"
"14517","ENSG00000267758"
"14518","ENSG00000236194"
"14519","ENSG00000278829"
"14520","ENSG00000267222"
"14521","ENSG00000267632"
"14522","ENSG00000266929"
"14523","ENSG00000266962"
"14524","ENSG00000287710"
"14525","ENSG00000280183"
"14526","ENSG00000267042"
"14527","ENSG00000267765"
"14528","ENSG00000273650"
"14529","ENSG00000197291"
"14530","ENSG00000213373"
"14531","ENSG00000198496"
"14532","ENSG00000267002"
"14533","ENSG00000188825"
"14534","ENSG00000279602"
"14535","ENSG00000267151"
"14536","ENSG00000267440"
"14537","ENSG00000267604"
"14538","ENSG00000282199"
"14539","ENSG00000267496"
"14540","ENSG00000267420"
"14541","ENSG00000261514"
"14542","ENSG00000267638"
"14543","ENSG00000267080"
"14544","ENSG00000267394"
"14545","ENSG00000260793"
"14546","ENSG00000285486"
"14547","ENSG00000267750"
"14548","ENSG00000267211"
"14549","ENSG00000283045"
"14550","ENSG00000266979"
"14551","ENSG00000267160"
"14552","ENSG00000279879"
"14553","ENSG00000267505"
"14554","ENSG00000267405"
"14555","ENSG00000267334"
"14556","ENSG00000267788"
"14557","ENSG00000276728"
"14558","ENSG00000224505"
"14559","ENSG00000267288"
"14560","ENSG00000267121"
"14561","ENSG00000233175"
"14562","ENSG00000267278"
"14563","ENSG00000267446"
"14564","ENSG00000267344"
"14565","ENSG00000236234"
"14566","ENSG00000266918"
"14567","ENSG00000131484"
"14568","ENSG00000267198"
"14569","ENSG00000267246"
"14570","ENSG00000285668"
"14571","ENSG00000280022"
"14572","ENSG00000265547"
"14573","ENSG00000265964"
"14574","ENSG00000264589"
"14575","ENSG00000279685"
"14576","ENSG00000262881"
"14577","ENSG00000262372"
"14578","ENSG00000214401"
"14579","ENSG00000232300"
"14580","ENSG00000262031"
"14581","ENSG00000261886"
"14582","ENSG00000262879"
"14583","ENSG00000262265"
"14584","ENSG00000261872"
"14585","ENSG00000276790"
"14586","ENSG00000263293"
"14587","ENSG00000253347"
"14588","ENSG00000263766"
"14589","ENSG00000264558"
"14590","ENSG00000264243"
"14591","ENSG00000266821"
"14592","ENSG00000264920"
"14593","ENSG00000234494"
"14594","ENSG00000266601"
"14595","ENSG00000263798"
"14596","ENSG00000264019"
"14597","ENSG00000264701"
"14598","ENSG00000263412"
"14599","ENSG00000266341"
"14600","ENSG00000278765"
"14601","ENSG00000263787"
"14602","ENSG00000235300"
"14603","ENSG00000266222"
"14604","ENSG00000264451"
"14605","ENSG00000230148"
"14606","ENSG00000233101"
"14607","ENSG00000239552"
"14608","ENSG00000257178"
"14609","ENSG00000242207"
"14610","ENSG00000272763"
"14611","ENSG00000244649"
"14612","ENSG00000242407"
"14613","ENSG00000230532"
"14614","ENSG00000250838"
"14615","ENSG00000251461"
"14616","ENSG00000177369"
"14617","ENSG00000248714"
"14618","ENSG00000262039"
"14619","ENSG00000250948"
"14620","ENSG00000250186"
"14621","ENSG00000249497"
"14622","ENSG00000279036"
"14623","ENSG00000249906"
"14624","ENSG00000250310"
"14625","ENSG00000250751"
"14626","ENSG00000262837"
"14627","ENSG00000204584"
"14628","ENSG00000248954"
"14629","ENSG00000254039"
"14630","ENSG00000248172"
"14631","ENSG00000246640"
"14632","ENSG00000276851"
"14633","ENSG00000275025"
"14634","ENSG00000250282"
"14635","ENSG00000236472"
"14636","ENSG00000253730"
"14637","ENSG00000261959"
"14638","ENSG00000249406"
"14639","ENSG00000263176"
"14640","ENSG00000251179"
"14641","ENSG00000279792"
"14642","ENSG00000253102"
"14643","ENSG00000275897"
"14644","ENSG00000249451"
"14645","ENSG00000250286"
"14646","ENSG00000250107"
"14647","ENSG00000250976"
"14648","ENSG00000251239"
"14649","ENSG00000262967"
"14650","ENSG00000278963"
"14651","ENSG00000285829"
"14652","ENSG00000261976"
"14653","ENSG00000229980"
"14654","ENSG00000262006"
"14655","ENSG00000247011"
"14656","ENSG00000251665"
"14657","ENSG00000249870"
"14658","ENSG00000279089"
"14659","ENSG00000264895"
"14660","ENSG00000249383"
"14661","ENSG00000249982"
"14662","ENSG00000249658"
"14663","ENSG00000267452"
"14664","ENSG00000279743"
"14665","ENSG00000263317"
"14666","ENSG00000226364"
"14667","ENSG00000227011"
"14668","ENSG00000285939"
"14669","ENSG00000288036"
"14670","ENSG00000279059"
"14671","ENSG00000275710"
"14672","ENSG00000263096"
"14673","ENSG00000262079"
"14674","ENSG00000262052"
"14675","ENSG00000279606"
"14676","ENSG00000283209"
"14677","ENSG00000262112"
"14678","ENSG00000274213"
"14679","ENSG00000262298"
"14680","ENSG00000263120"
"14681","ENSG00000263004"
"14682","ENSG00000263089"
"14683","ENSG00000285785"
"14684","ENSG00000286732"
"14685","ENSG00000279555"
"14686","ENSG00000279281"
"14687","ENSG00000266100"
"14688","ENSG00000280028"
"14689","ENSG00000263499"
"14690","ENSG00000265542"
"14691","ENSG00000264914"
"14692","ENSG00000278642"
"14693","ENSG00000280233"
"14694","ENSG00000264112"
"14695","ENSG00000279069"
"14696","ENSG00000285930"
"14697","ENSG00000266290"
"14698","ENSG00000279207"
"14699","ENSG00000278627"
"14700","ENSG00000287337"
"14701","ENSG00000286788"
"14702","ENSG00000265148"
"14703","ENSG00000265206"
"14704","ENSG00000264672"
"14705","ENSG00000274198"
"14706","ENSG00000263938"
"14707","ENSG00000224738"
"14708","ENSG00000265415"
"14709","ENSG00000278863"
"14710","ENSG00000266002"
"14711","ENSG00000265313"
"14712","ENSG00000273702"
"14713","ENSG00000267637"
"14714","ENSG00000267104"
"14715","ENSG00000267302"
"14716","ENSG00000287664"
"14717","ENSG00000267416"
"14718","ENSG00000267248"
"14719","ENSG00000286435"
"14720","ENSG00000267095"
"14721","ENSG00000259349"
"14722","ENSG00000267772"
"14723","ENSG00000267207"
"14724","ENSG00000267449"
"14725","ENSG00000286997"
"14726","ENSG00000273982"
"14727","ENSG00000267131"
"14728","ENSG00000266934"
"14729","ENSG00000267280"
"14730","ENSG00000187013"
"14731","ENSG00000267137"
"14732","ENSG00000279133"
"14733","ENSG00000285879"
"14734","ENSG00000264546"
"14735","ENSG00000277463"
"14736","ENSG00000274565"
"14737","ENSG00000279713"
"14738","ENSG00000265702"
"14739","ENSG00000287457"
"14740","ENSG00000265000"
"14741","ENSG00000283538"
"14742","ENSG00000264513"
"14743","ENSG00000233635"
"14744","ENSG00000263501"
"14745","ENSG00000226797"
"14746","ENSG00000263644"
"14747","ENSG00000265282"
"14748","ENSG00000265971"
"14749","ENSG00000279369"
"14750","ENSG00000263489"
"14751","ENSG00000264954"
"14752","ENSG00000286629"
"14753","ENSG00000266402"
"14754","ENSG00000215769"
"14755","ENSG00000265218"
"14756","ENSG00000266644"
"14757","ENSG00000280299"
"14758","ENSG00000265912"
"14759","ENSG00000266598"
"14760","ENSG00000263520"
"14761","ENSG00000264630"
"14762","ENSG00000229330"
"14763","ENSG00000264491"
"14764","ENSG00000265664"
"14765","ENSG00000264421"
"14766","ENSG00000285877"
"14767","ENSG00000266473"
"14768","ENSG00000264754"
"14769","ENSG00000279917"
"14770","ENSG00000279361"
"14771","ENSG00000288109"
"14772","ENSG00000266717"
"14773","ENSG00000279573"
"14774","ENSG00000279880"
"14775","ENSG00000265055"
"14776","ENSG00000278730"
"14777","ENSG00000274561"
"14778","ENSG00000277476"
"14779","ENSG00000278740"
"14780","ENSG00000267731"
"14781","ENSG00000274712"
"14782","ENSG00000265100"
"14783","ENSG00000267009"
"14784","ENSG00000267461"
"14785","ENSG00000267659"
"14786","ENSG00000267250"
"14787","ENSG00000231749"
"14788","ENSG00000278873"
"14789","ENSG00000285931"
"14790","ENSG00000278972"
"14791","ENSG00000267653"
"14792","ENSG00000227517"
"14793","ENSG00000237560"
"14794","ENSG00000230258"
"14795","ENSG00000267603"
"14796","ENSG00000267365"
"14797","ENSG00000267109"
"14798","ENSG00000271239"
"14799","ENSG00000260785"
"14800","ENSG00000225818"
"14801","ENSG00000286387"
"14802","ENSG00000283517"
"14803","ENSG00000228639"
"14804","ENSG00000256124"
"14805","ENSG00000234899"
"14806","ENSG00000226101"
"14807","ENSG00000227036"
"14808","ENSG00000264026"
"14809","ENSG00000263680"
"14810","ENSG00000263893"
"14811","ENSG00000264196"
"14812","ENSG00000264860"
"14813","ENSG00000277728"
"14814","ENSG00000265010"
"14815","ENSG00000264985"
"14816","ENSG00000264750"
"14817","ENSG00000265935"
"14818","ENSG00000263574"
"14819","ENSG00000177338"
"14820","ENSG00000234721"
"14821","ENSG00000265927"
"14822","ENSG00000266765"
"14823","ENSG00000288006"
"14824","ENSG00000285648"
"14825","ENSG00000266357"
"14826","ENSG00000246731"
"14827","ENSG00000264272"
"14828","ENSG00000266106"
"14829","ENSG00000182352"
"14830","ENSG00000261222"
"14831","ENSG00000264659"
"14832","ENSG00000266036"
"14833","ENSG00000263586"
"14834","ENSG00000279035"
"14835","ENSG00000265800"
"14836","ENSG00000263786"
"14837","ENSG00000263843"
"14838","ENSG00000265987"
"14839","ENSG00000264853"
"14840","ENSG00000265342"
"14841","ENSG00000264829"
"14842","ENSG00000264270"
"14843","ENSG00000266980"
"14844","ENSG00000267801"
"14845","ENSG00000267342"
"14846","ENSG00000267615"
"14847","ENSG00000279382"
"14848","ENSG00000267128"
"14849","ENSG00000267546"
"14850","ENSG00000267543"
"14851","ENSG00000272386"
"14852","ENSG00000163597"
"14853","ENSG00000267078"
"14854","ENSG00000286750"
"14855","ENSG00000261335"
"14856","ENSG00000277382"
"14857","ENSG00000267065"
"14858","ENSG00000287836"
"14859","ENSG00000267535"
"14860","ENSG00000267568"
"14861","ENSG00000267521"
"14862","ENSG00000280122"
"14863","ENSG00000234912"
"14864","ENSG00000263718"
"14865","ENSG00000265121"
"14866","ENSG00000266998"
"14867","ENSG00000287257"
"14868","ENSG00000279801"
"14869","ENSG00000267263"
"14870","ENSG00000267016"
"14871","ENSG00000267665"
"14872","ENSG00000267506"
"14873","ENSG00000286534"
"14874","ENSG00000267466"
"14875","ENSG00000279572"
"14876","ENSG00000285535"
"14877","ENSG00000267790"
"14878","ENSG00000204283"
"14879","ENSG00000279600"
"14880","ENSG00000204282"
"14881","ENSG00000283914"
"14882","ENSG00000279886"
"14883","ENSG00000204277"
"14884","ENSG00000267737"
"14885","ENSG00000266970"
"14886","ENSG00000267432"
"14887","ENSG00000267123"
"14888","ENSG00000279570"
"14889","ENSG00000287539"
"14890","ENSG00000267601"
"14891","ENSG00000279339"
"14892","ENSG00000267491"
"14893","ENSG00000265096"
"14894","ENSG00000266711"
"14895","ENSG00000263278"
"14896","ENSG00000267719"
"14897","ENSG00000262768"
"14898","ENSG00000262772"
"14899","ENSG00000262343"
"14900","ENSG00000262585"
"14901","ENSG00000262188"
"14902","ENSG00000275516"
"14903","ENSG00000262172"
"14904","ENSG00000261978"
"14905","ENSG00000279259"
"14906","ENSG00000275479"
"14907","ENSG00000262580"
"14908","ENSG00000262979"
"14909","ENSG00000276863"
"14910","ENSG00000280248"
"14911","ENSG00000263069"
"14912","ENSG00000260369"
"14913","ENSG00000279273"
"14914","ENSG00000262833"
"14915","ENSG00000287403"
"14916","ENSG00000262313"
"14917","ENSG00000262662"
"14918","ENSG00000261924"
"14919","ENSG00000263218"
"14920","ENSG00000280351"
"14921","ENSG00000262873"
"14922","ENSG00000262098"
"14923","ENSG00000226137"
"14924","ENSG00000263167"
"14925","ENSG00000262115"
"14926","ENSG00000260005"
"14927","ENSG00000276101"
"14928","ENSG00000279187"
"14929","ENSG00000185168"
"14930","ENSG00000185332"
"14931","ENSG00000287431"
"14932","ENSG00000263154"
"14933","ENSG00000262223"
"14934","ENSG00000274833"
"14935","ENSG00000262877"
"14936","ENSG00000279692"
"14937","ENSG00000263271"
"14938","ENSG00000278200"
"14939","ENSG00000229848"
"14940","ENSG00000275902"
"14941","ENSG00000262049"
"14942","ENSG00000262831"
"14943","ENSG00000278876"
"14944","ENSG00000262413"
"14945","ENSG00000263731"
"14946","ENSG00000263859"
"14947","ENSG00000264769"
"14948","ENSG00000265688"
"14949","ENSG00000263585"
"14950","ENSG00000235296"
"14951","ENSG00000264735"
"14952","ENSG00000279372"
"14953","ENSG00000264569"
"14954","ENSG00000265678"
"14955","ENSG00000266654"
"14956","ENSG00000264548"
"14957","ENSG00000275888"
"14958","ENSG00000280407"
"14959","ENSG00000287737"
"14960","ENSG00000265692"
"14961","ENSG00000260563"
"14962","ENSG00000278964"
"14963","ENSG00000260011"
"14964","ENSG00000264812"
"14965","ENSG00000279066"
"14966","ENSG00000287193"
"14967","ENSG00000265458"
"14968","ENSG00000279744"
"14969","ENSG00000266445"
"14970","ENSG00000266236"
"14971","ENSG00000262652"
"14972","ENSG00000262147"
"14973","ENSG00000261845"
"14974","ENSG00000279613"
"14975","ENSG00000263063"
"14976","ENSG00000263321"
"14977","ENSG00000262410"
"14978","ENSG00000263098"
"14979","ENSG00000262663"
"14980","ENSG00000262339"
"14981","ENSG00000274370"
"14982","ENSG00000261888"
"14983","ENSG00000279143"
"14984","ENSG00000262898"
"14985","ENSG00000262094"
"14986","ENSG00000262352"
"14987","ENSG00000263305"
"14988","ENSG00000282965"
"14989","ENSG00000263884"
"14990","ENSG00000264514"
"14991","ENSG00000265477"
"14992","ENSG00000264265"
"14993","ENSG00000176912"
"14994","ENSG00000266456"
"14995","ENSG00000263727"
"14996","ENSG00000265490"
"14997","ENSG00000266171"
"14998","ENSG00000264339"
"14999","ENSG00000264635"
"15000","ENSG00000273355"
"15001","ENSG00000265671"
"15002","ENSG00000265179"
"15003","ENSG00000259837"
"15004","ENSG00000272461"
"15005","ENSG00000263551"
"15006","ENSG00000132204"
"15007","ENSG00000266602"
"15008","ENSG00000266450"
"15009","ENSG00000264080"
"15010","ENSG00000263745"
"15011","ENSG00000286975"
"15012","ENSG00000266783"
"15013","ENSG00000266049"
"15014","ENSG00000272625"
"15015","ENSG00000265907"
"15016","ENSG00000266397"
"15017","ENSG00000265399"
"15018","ENSG00000272688"
"15019","ENSG00000264235"
"15020","ENSG00000266578"
"15021","ENSG00000259256"
"15022","ENSG00000266835"
"15023","ENSG00000177337"
"15024","ENSG00000262001"
"15025","ENSG00000266401"
"15026","ENSG00000266513"
"15027","ENSG00000263724"
"15028","ENSG00000263878"
"15029","ENSG00000261520"
"15030","ENSG00000266268"
"15031","ENSG00000265514"
"15032","ENSG00000266153"
"15033","ENSG00000285575"
"15034","ENSG00000265091"
"15035","ENSG00000264575"
"15036","ENSG00000263753"
"15037","ENSG00000264254"
"15038","ENSG00000266288"
"15039","ENSG00000265316"
"15040","ENSG00000264000"
"15041","ENSG00000261738"
"15042","ENSG00000264449"
"15043","ENSG00000266846"
"15044","ENSG00000265487"
"15045","ENSG00000264707"
"15046","ENSG00000279885"
"15047","ENSG00000266065"
"15048","ENSG00000265944"
"15049","ENSG00000265174"
"15050","ENSG00000261627"
"15051","ENSG00000279479"
"15052","ENSG00000266441"
"15053","ENSG00000287834"
"15054","ENSG00000263797"
"15055","ENSG00000265933"
"15056","ENSG00000265069"
"15057","ENSG00000264475"
"15058","ENSG00000286126"
"15059","ENSG00000266767"
"15060","ENSG00000264596"
"15061","ENSG00000286627"
"15062","ENSG00000286649"
"15063","ENSG00000273368"
"15064","ENSG00000266149"
"15065","ENSG00000265413"
"15066","ENSG00000263970"
"15067","ENSG00000266708"
"15068","ENSG00000265962"
"15069","ENSG00000272788"
"15070","ENSG00000287719"
"15071","ENSG00000286765"
"15072","ENSG00000265257"
"15073","ENSG00000263847"
"15074","ENSG00000266053"
"15075","ENSG00000273284"
"15076","ENSG00000264964"
"15077","ENSG00000287509"
"15078","ENSG00000273335"
"15079","ENSG00000266805"
"15080","ENSG00000266541"
"15081","ENSG00000263627"
"15082","ENSG00000285594"
"15083","ENSG00000285653"
"15084","ENSG00000272799"
"15085","ENSG00000265554"
"15086","ENSG00000287065"
"15087","ENSG00000264876"
"15088","ENSG00000266102"
"15089","ENSG00000286499"
"15090","ENSG00000260913"
"15091","ENSG00000287563"
"15092","ENSG00000265728"
"15093","ENSG00000266604"
"15094","ENSG00000264072"
"15095","ENSG00000260779"
"15096","ENSG00000264843"
"15097","ENSG00000263952"
"15098","ENSG00000267051"
"15099","ENSG00000273119"
"15100","ENSG00000267564"
"15101","ENSG00000267425"
"15102","ENSG00000267252"
"15103","ENSG00000267143"
"15104","ENSG00000260759"
"15105","ENSG00000286812"
"15106","ENSG00000267455"
"15107","ENSG00000267165"
"15108","ENSG00000272703"
"15109","ENSG00000273141"
"15110","ENSG00000267079"
"15111","ENSG00000266955"
"15112","ENSG00000267480"
"15113","ENSG00000267722"
"15114","ENSG00000279285"
"15115","ENSG00000267643"
"15116","ENSG00000267247"
"15117","ENSG00000280302"
"15118","ENSG00000267069"
"15119","ENSG00000267108"
"15120","ENSG00000267199"
"15121","ENSG00000267249"
"15122","ENSG00000266961"
"15123","ENSG00000260302"
"15124","ENSG00000266969"
"15125","ENSG00000267286"
"15126","ENSG00000267239"
"15127","ENSG00000267177"
"15128","ENSG00000279020"
"15129","ENSG00000286926"
"15130","ENSG00000279275"
"15131","ENSG00000267393"
"15132","ENSG00000267690"
"15133","ENSG00000267694"
"15134","ENSG00000267529"
"15135","ENSG00000267702"
"15136","ENSG00000267366"
"15137","ENSG00000267136"
"15138","ENSG00000272746"
"15139","ENSG00000267503"
"15140","ENSG00000266954"
"15141","ENSG00000279962"
"15142","ENSG00000279352"
"15143","ENSG00000267150"
"15144","ENSG00000267356"
"15145","ENSG00000283294"
"15146","ENSG00000286593"
"15147","ENSG00000265737"
"15148","ENSG00000265786"
"15149","ENSG00000263618"
"15150","ENSG00000266554"
"15151","ENSG00000264301"
"15152","ENSG00000263821"
"15153","ENSG00000279042"
"15154","ENSG00000278923"
"15155","ENSG00000263635"
"15156","ENSG00000286815"
"15157","ENSG00000264880"
"15158","ENSG00000287723"
"15159","ENSG00000286293"
"15160","ENSG00000265984"
"15161","ENSG00000265948"
"15162","ENSG00000265751"
"15163","ENSG00000264188"
"15164","ENSG00000265656"
"15165","ENSG00000265142"
"15166","ENSG00000264149"
"15167","ENSG00000265758"
"15168","ENSG00000263588"
"15169","ENSG00000266010"
"15170","ENSG00000264012"
"15171","ENSG00000266283"
"15172","ENSG00000264825"
"15173","ENSG00000273348"
"15174","ENSG00000265943"
"15175","ENSG00000266850"
"15176","ENSG00000273232"
"15177","ENSG00000266495"
"15178","ENSG00000265752"
"15179","ENSG00000264745"
"15180","ENSG00000265204"
"15181","ENSG00000264924"
"15182","ENSG00000279332"
"15183","ENSG00000265750"
"15184","ENSG00000264365"
"15185","ENSG00000273321"
"15186","ENSG00000265094"
"15187","ENSG00000264695"
"15188","ENSG00000287611"
"15189","ENSG00000266489"
"15190","ENSG00000265485"
"15191","ENSG00000266573"
"15192","ENSG00000264345"
"15193","ENSG00000265552"
"15194","ENSG00000285595"
"15195","ENSG00000279439"
"15196","ENSG00000264434"
"15197","ENSG00000266237"
"15198","ENSG00000263862"
"15199","ENSG00000277534"
"15200","ENSG00000275805"
"15201","ENSG00000260372"
"15202","ENSG00000263677"
"15203","ENSG00000265369"
"15204","ENSG00000263382"
"15205","ENSG00000265374"
"15206","ENSG00000264151"
"15207","ENSG00000264790"
"15208","ENSG00000263611"
"15209","ENSG00000286465"
"15210","ENSG00000286426"
"15211","ENSG00000227279"
"15212","ENSG00000274578"
"15213","ENSG00000265994"
"15214","ENSG00000265980"
"15215","ENSG00000264587"
"15216","ENSG00000287803"
"15217","ENSG00000286605"
"15218","ENSG00000266196"
"15219","ENSG00000279734"
"15220","ENSG00000265670"
"15221","ENSG00000265888"
"15222","ENSG00000263698"
"15223","ENSG00000266729"
"15224","ENSG00000266521"
"15225","ENSG00000264859"
"15226","ENSG00000259985"
"15227","ENSG00000263924"
"15228","ENSG00000276282"
"15229","ENSG00000263823"
"15230","ENSG00000280380"
"15231","ENSG00000263917"
"15232","ENSG00000274275"
"15233","ENSG00000265008"
"15234","ENSG00000263393"
"15235","ENSG00000263904"
"15236","ENSG00000264982"
"15237","ENSG00000285095"
"15238","ENSG00000287994"
"15239","ENSG00000263688"
"15240","ENSG00000228835"
"15241","ENSG00000263765"
"15242","ENSG00000263450"
"15243","ENSG00000267642"
"15244","ENSG00000280406"
"15245","ENSG00000267746"
"15246","ENSG00000278052"
"15247","ENSG00000268873"
"15248","ENSG00000278464"
"15249","ENSG00000280096"
"15250","ENSG00000274400"
"15251","ENSG00000279989"
"15252","ENSG00000274184"
"15253","ENSG00000268573"
"15254","ENSG00000274918"
"15255","ENSG00000275512"
"15256","ENSG00000267583"
"15257","ENSG00000279074"
"15258","ENSG00000266965"
"15259","ENSG00000267397"
"15260","ENSG00000267627"
"15261","ENSG00000278986"
"15262","ENSG00000260552"
"15263","ENSG00000274849"
"15264","ENSG00000286890"
"15265","ENSG00000267039"
"15266","ENSG00000267651"
"15267","ENSG00000267707"
"15268","ENSG00000267202"
"15269","ENSG00000279678"
"15270","ENSG00000279543"
"15271","ENSG00000285940"
"15272","ENSG00000286716"
"15273","ENSG00000268566"
"15274","ENSG00000267374"
"15275","ENSG00000283458"
"15276","ENSG00000286559"
"15277","ENSG00000267413"
"15278","ENSG00000283503"
"15279","ENSG00000279034"
"15280","ENSG00000261715"
"15281","ENSG00000286844"
"15282","ENSG00000286328"
"15283","ENSG00000267313"
"15284","ENSG00000276174"
"15285","ENSG00000287007"
"15286","ENSG00000267586"
"15287","ENSG00000286976"
"15288","ENSG00000287209"
"15289","ENSG00000278933"
"15290","ENSG00000285550"
"15291","ENSG00000267337"
"15292","ENSG00000267414"
"15293","ENSG00000280365"
"15294","ENSG00000279319"
"15295","ENSG00000267101"
"15296","ENSG00000267097"
"15297","ENSG00000266988"
"15298","ENSG00000285790"
"15299","ENSG00000267354"
"15300","ENSG00000287943"
"15301","ENSG00000267193"
"15302","ENSG00000266968"
"15303","ENSG00000279829"
"15304","ENSG00000285993"
"15305","ENSG00000270112"
"15306","ENSG00000274776"
"15307","ENSG00000279354"
"15308","ENSG00000280212"
"15309","ENSG00000266957"
"15310","ENSG00000267724"
"15311","ENSG00000287673"
"15312","ENSG00000267761"
"15313","ENSG00000279367"
"15314","ENSG00000261307"
"15315","ENSG00000279707"
"15316","ENSG00000269365"
"15317","ENSG00000279366"
"15318","ENSG00000278891"
"15319","ENSG00000286583"
"15320","ENSG00000280197"
"15321","ENSG00000278983"
"15322","ENSG00000279629"
"15323","ENSG00000267762"
"15324","ENSG00000279250"
"15325","ENSG00000267764"
"15326","ENSG00000266905"
"15327","ENSG00000280335"
"15328","ENSG00000264269"
"15329","ENSG00000265128"
"15330","ENSG00000266696"
"15331","ENSG00000263895"
"15332","ENSG00000287518"
"15333","ENSG00000263916"
"15334","ENSG00000265496"
"15335","ENSG00000264464"
"15336","ENSG00000267674"
"15337","ENSG00000267322"
"15338","ENSG00000267196"
"15339","ENSG00000277310"
"15340","ENSG00000267695"
"15341","ENSG00000287381"
"15342","ENSG00000227115"
"15343","ENSG00000286283"
"15344","ENSG00000285695"
"15345","ENSG00000266335"
"15346","ENSG00000280098"
"15347","ENSG00000260433"
"15348","ENSG00000263438"
"15349","ENSG00000277324"
"15350","ENSG00000267311"
"15351","ENSG00000267112"
"15352","ENSG00000267013"
"15353","ENSG00000267028"
"15354","ENSG00000267402"
"15355","ENSG00000267284"
"15356","ENSG00000267325"
"15357","ENSG00000267172"
"15358","ENSG00000287944"
"15359","ENSG00000260930"
"15360","ENSG00000267327"
"15361","ENSG00000206129"
"15362","ENSG00000287248"
"15363","ENSG00000267057"
"15364","ENSG00000267399"
"15365","ENSG00000267712"
"15366","ENSG00000267732"
"15367","ENSG00000267146"
"15368","ENSG00000267225"
"15369","ENSG00000286777"
"15370","ENSG00000258609"
"15371","ENSG00000267789"
"15372","ENSG00000267726"
"15373","ENSG00000277837"
"15374","ENSG00000278703"
"15375","ENSG00000267040"
"15376","ENSG00000267787"
"15377","ENSG00000267209"
"15378","ENSG00000267743"
"15379","ENSG00000267504"
"15380","ENSG00000267396"
"15381","ENSG00000267675"
"15382","ENSG00000267391"
"15383","ENSG00000276403"
"15384","ENSG00000274354"
"15385","ENSG00000267257"
"15386","ENSG00000267579"
"15387","ENSG00000275418"
"15388","ENSG00000267226"
"15389","ENSG00000267476"
"15390","ENSG00000267705"
"15391","ENSG00000267501"
"15392","ENSG00000267593"
"15393","ENSG00000267215"
"15394","ENSG00000267677"
"15395","ENSG00000267000"
"15396","ENSG00000267061"
"15397","ENSG00000267269"
"15398","ENSG00000267774"
"15399","ENSG00000273664"
"15400","ENSG00000267462"
"15401","ENSG00000267686"
"15402","ENSG00000267401"
"15403","ENSG00000285681"
"15404","ENSG00000267098"
"15405","ENSG00000267316"
"15406","ENSG00000267279"
"15407","ENSG00000267175"
"15408","ENSG00000267038"
"15409","ENSG00000260440"
"15410","ENSG00000266900"
"15411","ENSG00000267560"
"15412","ENSG00000267341"
"15413","ENSG00000278017"
"15414","ENSG00000279236"
"15415","ENSG00000267766"
"15416","ENSG00000283125"
"15417","ENSG00000267390"
"15418","ENSG00000269989"
"15419","ENSG00000283667"
"15420","ENSG00000267134"
"15421","ENSG00000179676"
"15422","ENSG00000266952"
"15423","ENSG00000286800"
"15424","ENSG00000263863"
"15425","ENSG00000264131"
"15426","ENSG00000264232"
"15427","ENSG00000265217"
"15428","ENSG00000263720"
"15429","ENSG00000263622"
"15430","ENSG00000260578"
"15431","ENSG00000263424"
"15432","ENSG00000265533"
"15433","ENSG00000263594"
"15434","ENSG00000265555"
"15435","ENSG00000264634"
"15436","ENSG00000264869"
"15437","ENSG00000287907"
"15438","ENSG00000264699"
"15439","ENSG00000265425"
"15440","ENSG00000276092"
"15441","ENSG00000263637"
"15442","ENSG00000264472"
"15443","ENSG00000273584"
"15444","ENSG00000264705"
"15445","ENSG00000285748"
"15446","ENSG00000278532"
"15447","ENSG00000265643"
"15448","ENSG00000279221"
"15449","ENSG00000266840"
"15450","ENSG00000287646"
"15451","ENSG00000266258"
"15452","ENSG00000266304"
"15453","ENSG00000266278"
"15454","ENSG00000278971"
"15455","ENSG00000286642"
"15456","ENSG00000263417"
"15457","ENSG00000265781"
"15458","ENSG00000287693"
"15459","ENSG00000265484"
"15460","ENSG00000260676"
"15461","ENSG00000265352"
"15462","ENSG00000260457"
"15463","ENSG00000265995"
"15464","ENSG00000265579"
"15465","ENSG00000263958"
"15466","ENSG00000263711"
"15467","ENSG00000261780"
"15468","ENSG00000265380"
"15469","ENSG00000263655"
"15470","ENSG00000278902"
"15471","ENSG00000287314"
"15472","ENSG00000260569"
"15473","ENSG00000286529"
"15474","ENSG00000259779"
"15475","ENSG00000287689"
"15476","ENSG00000276934"
"15477","ENSG00000264340"
"15478","ENSG00000264247"
"15479","ENSG00000278607"
"15480","ENSG00000273669"
"15481","ENSG00000278911"
"15482","ENSG00000285915"
"15483","ENSG00000276993"
"15484","ENSG00000264116"
"15485","ENSG00000266774"
"15486","ENSG00000287281"
"15487","ENSG00000286603"
"15488","ENSG00000287295"
"15489","ENSG00000287993"
"15490","ENSG00000261194"
"15491","ENSG00000266460"
"15492","ENSG00000264108"
"15493","ENSG00000263547"
"15494","ENSG00000266743"
"15495","ENSG00000264260"
"15496","ENSG00000264595"
"15497","ENSG00000266014"
"15498","ENSG00000265717"
"15499","ENSG00000264212"
"15500","ENSG00000266614"
"15501","ENSG00000263982"
"15502","ENSG00000280205"
"15503","ENSG00000265778"
"15504","ENSG00000275763"
"15505","ENSG00000266256"
"15506","ENSG00000286090"
"15507","ENSG00000266312"
"15508","ENSG00000276397"
"15509","ENSG00000264278"
"15510","ENSG00000278107"
"15511","ENSG00000266844"
"15512","ENSG00000279811"
"15513","ENSG00000287680"
"15514","ENSG00000275178"
"15515","ENSG00000279433"
"15516","ENSG00000278330"
"15517","ENSG00000265844"
"15518","ENSG00000264015"
"15519","ENSG00000264693"
"15520","ENSG00000286727"
"15521","ENSG00000265843"
"15522","ENSG00000264334"
"15523","ENSG00000266213"
"15524","ENSG00000265644"
"15525","ENSG00000265378"
"15526","ENSG00000266273"
"15527","ENSG00000266586"
"15528","ENSG00000265101"
"15529","ENSG00000287758"
"15530","ENSG00000263146"
"15531","ENSG00000279416"
"15532","ENSG00000267655"
"15533","ENSG00000279474"
"15534","ENSG00000286245"
"15535","ENSG00000267628"
"15536","ENSG00000267015"
"15537","ENSG00000279077"
"15538","ENSG00000279637"
"15539","ENSG00000286186"
"15540","ENSG00000275186"
"15541","ENSG00000279981"
"15542","ENSG00000279397"
"15543","ENSG00000286296"
"15544","ENSG00000267287"
"15545","ENSG00000267409"
"15546","ENSG00000178412"
"15547","ENSG00000274828"
"15548","ENSG00000266901"
"15549","ENSG00000266924"
"15550","ENSG00000267780"
"15551","ENSG00000278075"
"15552","ENSG00000287879"
"15553","ENSG00000261126"
"15554","ENSG00000267270"
"15555","ENSG00000278000"
"15556","ENSG00000267251"
"15557","ENSG00000282542"
"15558","ENSG00000282798"
"15559","ENSG00000282807"
"15560","ENSG00000282591"
"15561","ENSG00000282535"
"15562","ENSG00000282508"
"15563","ENSG00000282393"
"15564","ENSG00000267124"
"15565","ENSG00000286667"
"15566","ENSG00000267443"
"15567","ENSG00000266933"
"15568","ENSG00000267751"
"15569","ENSG00000261204"
"15570","ENSG00000267666"
"15571","ENSG00000272473"
"15572","ENSG00000267530"
"15573","ENSG00000267159"
"15574","ENSG00000275162"
"15575","ENSG00000266990"
"15576","ENSG00000274177"
"15577","ENSG00000279753"
"15578","ENSG00000267778"
"15579","ENSG00000267493"
"15580","ENSG00000267372"
"15581","ENSG00000279488"
"15582","ENSG00000267755"
"15583","ENSG00000280486"
"15584","ENSG00000248015"
"15585","ENSG00000268798"
"15586","ENSG00000267317"
"15587","ENSG00000267092"
"15588","ENSG00000279009"
"15589","ENSG00000267073"
"15590","ENSG00000267007"
"15591","ENSG00000267244"
"15592","ENSG00000267125"
"15593","ENSG00000267141"
"15594","ENSG00000261526"
"15595","ENSG00000267232"
"15596","ENSG00000180846"
"15597","ENSG00000267283"
"15598","ENSG00000279653"
"15599","ENSG00000267122"
"15600","ENSG00000288156"
"15601","ENSG00000286880"
"15602","ENSG00000267201"
"15603","ENSG00000267412"
"15604","ENSG00000267214"
"15605","ENSG00000267749"
"15606","ENSG00000276097"
"15607","ENSG00000286460"
"15608","ENSG00000261342"
"15609","ENSG00000267063"
"15610","ENSG00000287766"
"15611","ENSG00000253392"
"15612","ENSG00000279452"
"15613","ENSG00000267469"
"15614","ENSG00000267139"
"15615","ENSG00000267688"
"15616","ENSG00000267551"
"15617","ENSG00000267448"
"15618","ENSG00000280103"
"15619","ENSG00000279599"
"15620","ENSG00000267436"
"15621","ENSG00000267231"
"15622","ENSG00000279590"
"15623","ENSG00000226800"
"15624","ENSG00000267304"
"15625","ENSG00000267205"
"15626","ENSG00000267138"
"15627","ENSG00000268670"
"15628","ENSG00000280247"
"15629","ENSG00000269425"
"15630","ENSG00000269807"
"15631","ENSG00000269318"
"15632","ENSG00000267980"
"15633","ENSG00000267255"
"15634","ENSG00000267030"
"15635","ENSG00000280239"
"15636","ENSG00000267769"
"15637","ENSG00000267011"
"15638","ENSG00000268565"
"15639","ENSG00000205790"
"15640","ENSG00000287884"
"15641","ENSG00000176840"
"15642","ENSG00000268536"
"15643","ENSG00000269604"
"15644","ENSG00000267484"
"15645","ENSG00000267550"
"15646","ENSG00000274447"
"15647","ENSG00000267709"
"15648","ENSG00000266941"
"15649","ENSG00000267571"
"15650","ENSG00000266983"
"15651","ENSG00000267262"
"15652","ENSG00000267299"
"15653","ENSG00000267563"
"15654","ENSG00000280394"
"15655","ENSG00000269802"
"15656","ENSG00000269444"
"15657","ENSG00000275234"
"15658","ENSG00000268203"
"15659","ENSG00000268191"
"15660","ENSG00000276980"
"15661","ENSG00000269680"
"15662","ENSG00000280091"
"15663","ENSG00000268845"
"15664","ENSG00000267852"
"15665","ENSG00000269371"
"15666","ENSG00000268204"
"15667","ENSG00000268120"
"15668","ENSG00000214248"
"15669","ENSG00000268149"
"15670","ENSG00000260500"
"15671","ENSG00000269139"
"15672","ENSG00000286138"
"15673","ENSG00000269813"
"15674","ENSG00000267939"
"15675","ENSG00000271717"
"15676","ENSG00000269386"
"15677","ENSG00000268931"
"15678","ENSG00000279827"
"15679","ENSG00000268618"
"15680","ENSG00000267986"
"15681","ENSG00000279426"
"15682","ENSG00000269300"
"15683","ENSG00000269400"
"15684","ENSG00000267510"
"15685","ENSG00000283108"
"15686","ENSG00000287275"
"15687","ENSG00000267273"
"15688","ENSG00000287960"
"15689","ENSG00000278611"
"15690","ENSG00000267106"
"15691","ENSG00000277587"
"15692","ENSG00000267612"
"15693","ENSG00000266950"
"15694","ENSG00000267289"
"15695","ENSG00000267650"
"15696","ENSG00000267387"
"15697","ENSG00000266978"
"15698","ENSG00000267105"
"15699","ENSG00000267607"
"15700","ENSG00000274425"
"15701","ENSG00000267197"
"15702","ENSG00000267100"
"15703","ENSG00000266936"
"15704","ENSG00000267082"
"15705","ENSG00000279807"
"15706","ENSG00000273733"
"15707","ENSG00000267174"
"15708","ENSG00000267576"
"15709","ENSG00000267277"
"15710","ENSG00000197332"
"15711","ENSG00000266922"
"15712","ENSG00000267646"
"15713","ENSG00000267089"
"15714","ENSG00000278897"
"15715","ENSG00000267274"
"15716","ENSG00000219665"
"15717","ENSG00000268744"
"15718","ENSG00000234848"
"15719","ENSG00000269560"
"15720","ENSG00000230310"
"15721","ENSG00000285583"
"15722","ENSG00000268945"
"15723","ENSG00000267791"
"15724","ENSG00000267004"
"15725","ENSG00000267212"
"15726","ENSG00000267062"
"15727","ENSG00000267424"
"15728","ENSG00000267735"
"15729","ENSG00000266975"
"15730","ENSG00000267458"
"15731","ENSG00000267417"
"15732","ENSG00000267610"
"15733","ENSG00000279044"
"15734","ENSG00000266897"
"15735","ENSG00000267512"
"15736","ENSG00000287296"
"15737","ENSG00000267598"
"15738","ENSG00000267633"
"15739","ENSG00000267582"
"15740","ENSG00000267519"
"15741","ENSG00000275091"
"15742","ENSG00000267670"
"15743","ENSG00000267783"
"15744","ENSG00000267169"
"15745","ENSG00000287254"
"15746","ENSG00000267723"
"15747","ENSG00000267406"
"15748","ENSG00000266913"
"15749","ENSG00000267147"
"15750","ENSG00000267379"
"15751","ENSG00000267474"
"15752","ENSG00000268564"
"15753","ENSG00000269635"
"15754","ENSG00000273218"
"15755","ENSG00000268189"
"15756","ENSG00000279203"
"15757","ENSG00000279716"
"15758","ENSG00000266951"
"15759","ENSG00000268673"
"15760","ENSG00000267308"
"15761","ENSG00000214049"
"15762","ENSG00000279717"
"15763","ENSG00000205396"
"15764","ENSG00000280412"
"15765","ENSG00000167459"
"15766","ENSG00000267517"
"15767","ENSG00000279198"
"15768","ENSG00000267373"
"15769","ENSG00000269243"
"15770","ENSG00000267033"
"15771","ENSG00000287961"
"15772","ENSG00000267275"
"15773","ENSG00000277825"
"15774","ENSG00000280332"
"15775","ENSG00000267703"
"15776","ENSG00000269399"
"15777","ENSG00000268309"
"15778","ENSG00000269085"
"15779","ENSG00000279529"
"15780","ENSG00000269578"
"15781","ENSG00000279748"
"15782","ENSG00000279977"
"15783","ENSG00000268087"
"15784","ENSG00000269427"
"15785","ENSG00000269044"
"15786","ENSG00000267904"
"15787","ENSG00000269799"
"15788","ENSG00000268743"
"15789","ENSG00000268985"
"15790","ENSG00000268289"
"15791","ENSG00000269066"
"15792","ENSG00000268056"
"15793","ENSG00000269836"
"15794","ENSG00000269480"
"15795","ENSG00000269815"
"15796","ENSG00000269350"
"15797","ENSG00000282851"
"15798","ENSG00000269481"
"15799","ENSG00000269053"
"15800","ENSG00000269736"
"15801","ENSG00000269439"
"15802","ENSG00000269161"
"15803","ENSG00000269752"
"15804","ENSG00000279300"
"15805","ENSG00000268112"
"15806","ENSG00000279617"
"15807","ENSG00000279172"
"15808","ENSG00000269145"
"15809","ENSG00000268650"
"15810","ENSG00000268199"
"15811","ENSG00000279262"
"15812","ENSG00000280121"
"15813","ENSG00000268938"
"15814","ENSG00000269191"
"15815","ENSG00000268030"
"15816","ENSG00000268983"
"15817","ENSG00000269694"
"15818","ENSG00000269019"
"15819","ENSG00000267629"
"15820","ENSG00000280282"
"15821","ENSG00000267234"
"15822","ENSG00000259242"
"15823","ENSG00000286080"
"15824","ENSG00000266904"
"15825","ENSG00000287533"
"15826","ENSG00000267581"
"15827","ENSG00000267481"
"15828","ENSG00000267565"
"15829","ENSG00000267383"
"15830","ENSG00000279039"
"15831","ENSG00000280079"
"15832","ENSG00000269043"
"15833","ENSG00000269110"
"15834","ENSG00000268560"
"15835","ENSG00000268416"
"15836","ENSG00000279404"
"15837","ENSG00000268326"
"15838","ENSG00000268119"
"15839","ENSG00000268658"
"15840","ENSG00000268081"
"15841","ENSG00000268555"
"15842","ENSG00000268240"
"15843","ENSG00000268184"
"15844","ENSG00000279377"
"15845","ENSG00000269504"
"15846","ENSG00000267872"
"15847","ENSG00000268597"
"15848","ENSG00000269796"
"15849","ENSG00000270947"
"15850","ENSG00000286157"
"15851","ENSG00000260599"
"15852","ENSG00000269364"
"15853","ENSG00000268823"
"15854","ENSG00000268038"
"15855","ENSG00000268981"
"15856","ENSG00000268296"
"15857","ENSG00000261558"
"15858","ENSG00000261615"
"15859","ENSG00000269543"
"15860","ENSG00000267886"
"15861","ENSG00000269107"
"15862","ENSG00000284428"
"15863","ENSG00000267934"
"15864","ENSG00000269416"
"15865","ENSG00000267924"
"15866","ENSG00000287399"
"15867","ENSG00000269289"
"15868","ENSG00000269397"
"15869","ENSG00000268362"
"15870","ENSG00000279425"
"15871","ENSG00000276030"
"15872","ENSG00000267696"
"15873","ENSG00000279882"
"15874","ENSG00000261824"
"15875","ENSG00000261770"
"15876","ENSG00000267575"
"15877","ENSG00000281468"
"15878","ENSG00000266977"
"15879","ENSG00000267509"
"15880","ENSG00000266928"
"15881","ENSG00000267320"
"15882","ENSG00000267238"
"15883","ENSG00000260725"
"15884","ENSG00000283403"
"15885","ENSG00000267243"
"15886","ENSG00000266893"
"15887","ENSG00000267423"
"15888","ENSG00000267537"
"15889","ENSG00000266976"
"15890","ENSG00000267617"
"15891","ENSG00000267339"
"15892","ENSG00000267683"
"15893","ENSG00000267027"
"15894","ENSG00000267240"
"15895","ENSG00000267014"
"15896","ENSG00000288017"
"15897","ENSG00000267498"
"15898","ENSG00000276251"
"15899","ENSG00000276631"
"15900","ENSG00000287272"
"15901","ENSG00000264515"
"15902","ENSG00000267574"
"15903","ENSG00000266248"
"15904","ENSG00000279387"
"15905","ENSG00000286867"
"15906","ENSG00000286538"
"15907","ENSG00000278895"
"15908","ENSG00000267006"
"15909","ENSG00000287859"
"15910","ENSG00000288072"
"15911","ENSG00000267223"
"15912","ENSG00000280061"
"15913","ENSG00000267760"
"15914","ENSG00000267081"
"15915","ENSG00000261316"
"15916","ENSG00000267378"
"15917","ENSG00000284430"
"15918","ENSG00000267777"
"15919","ENSG00000267662"
"15920","ENSG00000278875"
"15921","ENSG00000267636"
"15922","ENSG00000267599"
"15923","ENSG00000267407"
"15924","ENSG00000261400"
"15925","ENSG00000267465"
"15926","ENSG00000267489"
"15927","ENSG00000267779"
"15928","ENSG00000267204"
"15929","ENSG00000267133"
"15930","ENSG00000286041"
"15931","ENSG00000267213"
"15932","ENSG00000267557"
"15933","ENSG00000267475"
"15934","ENSG00000267567"
"15935","ENSG00000267555"
"15936","ENSG00000267054"
"15937","ENSG00000273420"
"15938","ENSG00000267714"
"15939","ENSG00000270212"
"15940","ENSG00000267580"
"15941","ENSG00000267727"
"15942","ENSG00000267296"
"15943","ENSG00000267130"
"15944","ENSG00000266985"
"15945","ENSG00000277013"
"15946","ENSG00000287526"
"15947","ENSG00000267219"
"15948","ENSG00000267024"
"15949","ENSG00000268751"
"15950","ENSG00000268683"
"15951","ENSG00000279971"
"15952","ENSG00000279329"
"15953","ENSG00000274104"
"15954","ENSG00000267767"
"15955","ENSG00000261754"
"15956","ENSG00000269086"
"15957","ENSG00000271109"
"15958","ENSG00000271171"
"15959","ENSG00000269037"
"15960","ENSG00000270876"
"15961","ENSG00000280106"
"15962","ENSG00000269303"
"15963","ENSG00000271032"
"15964","ENSG00000227392"
"15965","ENSG00000179066"
"15966","ENSG00000279619"
"15967","ENSG00000221857"
"15968","ENSG00000271366"
"15969","ENSG00000268947"
"15970","ENSG00000269553"
"15971","ENSG00000205786"
"15972","ENSG00000233214"
"15973","ENSG00000232680"
"15974","ENSG00000236144"
"15975","ENSG00000283907"
"15976","ENSG00000224910"
"15977","ENSG00000267626"
"15978","ENSG00000226510"
"15979","ENSG00000267439"
"15980","ENSG00000267328"
"15981","ENSG00000267049"
"15982","ENSG00000280194"
"15983","ENSG00000267786"
"15984","ENSG00000267388"
"15985","ENSG00000248101"
"15986","ENSG00000267698"
"15987","ENSG00000280023"
"15988","ENSG00000279504"
"15989","ENSG00000270760"
"15990","ENSG00000267053"
"15991","ENSG00000232677"
"15992","ENSG00000266973"
"15993","ENSG00000267363"
"15994","ENSG00000267309"
"15995","ENSG00000228629"
"15996","ENSG00000233527"
"15997","ENSG00000276071"
"15998","ENSG00000225975"
"15999","ENSG00000267260"
"16000","ENSG00000267353"
"16001","ENSG00000267254"
"16002","ENSG00000267345"
"16003","ENSG00000267672"
"16004","ENSG00000267437"
"16005","ENSG00000267605"
"16006","ENSG00000226686"
"16007","ENSG00000286449"
"16008","ENSG00000276846"
"16009","ENSG00000267682"
"16010","ENSG00000279936"
"16011","ENSG00000266916"
"16012","ENSG00000267115"
"16013","ENSG00000180458"
"16014","ENSG00000267470"
"16015","ENSG00000267152"
"16016","ENSG00000287496"
"16017","ENSG00000268051"
"16018","ENSG00000268764"
"16019","ENSG00000269653"
"16020","ENSG00000268499"
"16021","ENSG00000286037"
"16022","ENSG00000266963"
"16023","ENSG00000267090"
"16024","ENSG00000269445"
"16025","ENSG00000268055"
"16026","ENSG00000267291"
"16027","ENSG00000267375"
"16028","ENSG00000267892"
"16029","ENSG00000268756"
"16030","ENSG00000269688"
"16031","ENSG00000269050"
"16032","ENSG00000269486"
"16033","ENSG00000287271"
"16034","ENSG00000267992"
"16035","ENSG00000269172"
"16036","ENSG00000268262"
"16037","ENSG00000269246"
"16038","ENSG00000269792"
"16039","ENSG00000269460"
"16040","ENSG00000276445"
"16041","ENSG00000269749"
"16042","ENSG00000269296"
"16043","ENSG00000205041"
"16044","ENSG00000279759"
"16045","ENSG00000277453"
"16046","ENSG00000268366"
"16047","ENSG00000282951"
"16048","ENSG00000269843"
"16049","ENSG00000279108"
"16050","ENSG00000269353"
"16051","ENSG00000269652"
"16052","ENSG00000286177"
"16053","ENSG00000277744"
"16054","ENSG00000268987"
"16055","ENSG00000268475"
"16056","ENSG00000267107"
"16057","ENSG00000268355"
"16058","ENSG00000270164"
"16059","ENSG00000268027"
"16060","ENSG00000280014"
"16061","ENSG00000268833"
"16062","ENSG00000278239"
"16063","ENSG00000254887"
"16064","ENSG00000259436"
"16065","ENSG00000279539"
"16066","ENSG00000213904"
"16067","ENSG00000268605"
"16068","ENSG00000225877"
"16069","ENSG00000282943"
"16070","ENSG00000227606"
"16071","ENSG00000231412"
"16072","ENSG00000272396"
"16073","ENSG00000269177"
"16074","ENSG00000269583"
"16075","ENSG00000268601"
"16076","ENSG00000278917"
"16077","ENSG00000267058"
"16078","ENSG00000286613"
"16079","ENSG00000267191"
"16080","ENSG00000277806"
"16081","ENSG00000278492"
"16082","ENSG00000266921"
"16083","ENSG00000267144"
"16084","ENSG00000186019"
"16085","ENSG00000287035"
"16086","ENSG00000279103"
"16087","ENSG00000267188"
"16088","ENSG00000267614"
"16089","ENSG00000266903"
"16090","ENSG00000279095"
"16091","ENSG00000285128"
"16092","ENSG00000267282"
"16093","ENSG00000280087"
"16094","ENSG00000267114"
"16095","ENSG00000267348"
"16096","ENSG00000267044"
"16097","ENSG00000267757"
"16098","ENSG00000279407"
"16099","ENSG00000259605"
"16100","ENSG00000267395"
"16101","ENSG00000269148"
"16102","ENSG00000268401"
"16103","ENSG00000267922"
"16104","ENSG00000269729"
"16105","ENSG00000268621"
"16106","ENSG00000268460"
"16107","ENSG00000269745"
"16108","ENSG00000269124"
"16109","ENSG00000268810"
"16110","ENSG00000269151"
"16111","ENSG00000204850"
"16112","ENSG00000268423"
"16113","ENSG00000269292"
"16114","ENSG00000279161"
"16115","ENSG00000245598"
"16116","ENSG00000269487"
"16117","ENSG00000275719"
"16118","ENSG00000279948"
"16119","ENSG00000286669"
"16120","ENSG00000287896"
"16121","ENSG00000268061"
"16122","ENSG00000279861"
"16123","ENSG00000268746"
"16124","ENSG00000277383"
"16125","ENSG00000269806"
"16126","ENSG00000278999"
"16127","ENSG00000269656"
"16128","ENSG00000259108"
"16129","ENSG00000269420"
"16130","ENSG00000269534"
"16131","ENSG00000269321"
"16132","ENSG00000280353"
"16133","ENSG00000268583"
"16134","ENSG00000268001"
"16135","ENSG00000268186"
"16136","ENSG00000268530"
"16137","ENSG00000287603"
"16138","ENSG00000268093"
"16139","ENSG00000286024"
"16140","ENSG00000235191"
"16141","ENSG00000260366"
"16142","ENSG00000267898"
"16143","ENSG00000268108"
"16144","ENSG00000268287"
"16145","ENSG00000197813"
"16146","ENSG00000268157"
"16147","ENSG00000268686"
"16148","ENSG00000273189"
"16149","ENSG00000268636"
"16150","ENSG00000268677"
"16151","ENSG00000269194"
"16152","ENSG00000268006"
"16153","ENSG00000268047"
"16154","ENSG00000269352"
"16155","ENSG00000269091"
"16156","ENSG00000204666"
"16157","ENSG00000267890"
"16158","ENSG00000287001"
"16159","ENSG00000267815"
"16160","ENSG00000269392"
"16161","ENSG00000268854"
"16162","ENSG00000268518"
"16163","ENSG00000268231"
"16164","ENSG00000268375"
"16165","ENSG00000267968"
"16166","ENSG00000269495"
"16167","ENSG00000279676"
"16168","ENSG00000267879"
"16169","ENSG00000268739"
"16170","ENSG00000268906"
"16171","ENSG00000268390"
"16172","ENSG00000269072"
"16173","ENSG00000268595"
"16174","ENSG00000268318"
"16175","ENSG00000267905"
"16176","ENSG00000267984"
"16177","ENSG00000268520"
"16178","ENSG00000268889"
"16179","ENSG00000254760"
"16180","ENSG00000255441"
"16181","ENSG00000268777"
"16182","ENSG00000267808"
"16183","ENSG00000273837"
"16184","ENSG00000269959"
"16185","ENSG00000286236"
"16186","ENSG00000268316"
"16187","ENSG00000268095"
"16188","ENSG00000269235"
"16189","ENSG00000275055"
"16190","ENSG00000260160"
"16191","ENSG00000267827"
"16192","ENSG00000268458"
"16193","ENSG00000267927"
"16194","ENSG00000268015"
"16195","ENSG00000269102"
"16196","ENSG00000269535"
"16197","ENSG00000269834"
"16198","ENSG00000288253"
"16199","ENSG00000269349"
"16200","ENSG00000268886"
"16201","ENSG00000268970"
"16202","ENSG00000269825"
"16203","ENSG00000269646"
"16204","ENSG00000269082"
"16205","ENSG00000267943"
"16206","ENSG00000268842"
"16207","ENSG00000269288"
"16208","ENSG00000269758"
"16209","ENSG00000287608"
"16210","ENSG00000269842"
"16211","ENSG00000269877"
"16212","ENSG00000269564"
"16213","ENSG00000228323"
"16214","ENSG00000232220"
"16215","ENSG00000237017"
"16216","ENSG00000223660"
"16217","ENSG00000269524"
"16218","ENSG00000275210"
"16219","ENSG00000227407"
"16220","ENSG00000268496"
"16221","ENSG00000269873"
"16222","ENSG00000267838"
"16223","ENSG00000226696"
"16224","ENSG00000269271"
"16225","ENSG00000224730"
"16226","ENSG00000215765"
"16227","ENSG00000268734"
"16228","ENSG00000267265"
"16229","ENSG00000267149"
"16230","ENSG00000287170"
"16231","ENSG00000267577"
"16232","ENSG00000286230"
"16233","ENSG00000267649"
"16234","ENSG00000276570"
"16235","ENSG00000268729"
"16236","ENSG00000276831"
"16237","ENSG00000269275"
"16238","ENSG00000279063"
"16239","ENSG00000269859"
"16240","ENSG00000276488"
"16241","ENSG00000267523"
"16242","ENSG00000267096"
"16243","ENSG00000267117"
"16244","ENSG00000267522"
"16245","ENSG00000279959"
"16246","ENSG00000279794"
"16247","ENSG00000267298"
"16248","ENSG00000267549"
"16249","ENSG00000267429"
"16250","ENSG00000267606"
"16251","ENSG00000267776"
"16252","ENSG00000285996"
"16253","ENSG00000267192"
"16254","ENSG00000267454"
"16255","ENSG00000166770"
"16256","ENSG00000279405"
"16257","ENSG00000267224"
"16258","ENSG00000267421"
"16259","ENSG00000269696"
"16260","ENSG00000269793"
"16261","ENSG00000286125"
"16262","ENSG00000268654"
"16263","ENSG00000268713"
"16264","ENSG00000267871"
"16265","ENSG00000279541"
"16266","ENSG00000268205"
"16267","ENSG00000268678"
"16268","ENSG00000276449"
"16269","ENSG00000268266"
"16270","ENSG00000268392"
"16271","ENSG00000269867"
"16272","ENSG00000176593"
"16273","ENSG00000286949"
"16274","ENSG00000286632"
"16275","ENSG00000268516"
"16276","ENSG00000268201"
"16277","ENSG00000267216"
"16278","ENSG00000283103"
"16279","ENSG00000268230"
"16280","ENSG00000268895"
"16281","ENSG00000279611"
"16282","ENSG00000268049"
"16283","ENSG00000269054"
"16284","ENSG00000268307"
"16285","ENSG00000232098"
"16286","ENSG00000268543"
"16287","ENSG00000268912"
"16288","ENSG00000269473"
"16289","ENSG00000269106"
"16290","ENSG00000273901"
"16291","ENSG00000267858"
"16292","ENSG00000286104"
"16293","ENSG00000269600"
"16294","ENSG00000272874"
"16295","ENSG00000286158"
"16296","ENSG00000225377"
"16297","ENSG00000286787"
"16298","ENSG00000274269"
"16299","ENSG00000280162"
"16300","ENSG00000234684"
"16301","ENSG00000229728"
"16302","ENSG00000237914"
"16303","ENSG00000286288"
"16304","ENSG00000276649"
"16305","ENSG00000233896"
"16306","ENSG00000286108"
"16307","ENSG00000287213"
"16308","ENSG00000287561"
"16309","ENSG00000226644"
"16310","ENSG00000228293"
"16311","ENSG00000235958"
"16312","ENSG00000277287"
"16313","ENSG00000275491"
"16314","ENSG00000274949"
"16315","ENSG00000229539"
"16316","ENSG00000275582"
"16317","ENSG00000205300"
"16318","ENSG00000230176"
"16319","ENSG00000236387"
"16320","ENSG00000238282"
"16321","ENSG00000180259"
"16322","ENSG00000278595"
"16323","ENSG00000277087"
"16324","ENSG00000276768"
"16325","ENSG00000278816"
"16326","ENSG00000277425"
"16327","ENSG00000266908"
"16328","ENSG00000276688"
"16329","ENSG00000226995"
"16330","ENSG00000230563"
"16331","ENSG00000205181"
"16332","ENSG00000225640"
"16333","ENSG00000235820"
"16334","ENSG00000278719"
"16335","ENSG00000275632"
"16336","ENSG00000278192"
"16337","ENSG00000229876"
"16338","ENSG00000228482"
"16339","ENSG00000232271"
"16340","ENSG00000228888"
"16341","ENSG00000238102"
"16342","ENSG00000261249"
"16343","ENSG00000224711"
"16344","ENSG00000229766"
"16345","ENSG00000225479"
"16346","ENSG00000225988"
"16347","ENSG00000286740"
"16348","ENSG00000232738"
"16349","ENSG00000286470"
"16350","ENSG00000243961"
"16351","ENSG00000227906"
"16352","ENSG00000230506"
"16353","ENSG00000232448"
"16354","ENSG00000286936"
"16355","ENSG00000270792"
"16356","ENSG00000224961"
"16357","ENSG00000234900"
"16358","ENSG00000232900"
"16359","ENSG00000125899"
"16360","ENSG00000270777"
"16361","ENSG00000230990"
"16362","ENSG00000282478"
"16363","ENSG00000287754"
"16364","ENSG00000261411"
"16365","ENSG00000228422"
"16366","ENSG00000236526"
"16367","ENSG00000235292"
"16368","ENSG00000230437"
"16369","ENSG00000233048"
"16370","ENSG00000269931"
"16371","ENSG00000286087"
"16372","ENSG00000234265"
"16373","ENSG00000226263"
"16374","ENSG00000225956"
"16375","ENSG00000278153"
"16376","ENSG00000287062"
"16377","ENSG00000227927"
"16378","ENSG00000235914"
"16379","ENSG00000237832"
"16380","ENSG00000225181"
"16381","ENSG00000286546"
"16382","ENSG00000287410"
"16383","ENSG00000273998"
"16384","ENSG00000275728"
"16385","ENSG00000228809"
"16386","ENSG00000236985"
"16387","ENSG00000286571"
"16388","ENSG00000287241"
"16389","ENSG00000277373"
"16390","ENSG00000233625"
"16391","ENSG00000229262"
"16392","ENSG00000287954"
"16393","ENSG00000230010"
"16394","ENSG00000237259"
"16395","ENSG00000237282"
"16396","ENSG00000233993"
"16397","ENSG00000179935"
"16398","ENSG00000273148"
"16399","ENSG00000149443"
"16400","ENSG00000274863"
"16401","ENSG00000287430"
"16402","ENSG00000235996"
"16403","ENSG00000179447"
"16404","ENSG00000232675"
"16405","ENSG00000268628"
"16406","ENSG00000241054"
"16407","ENSG00000225417"
"16408","ENSG00000243810"
"16409","ENSG00000280229"
"16410","ENSG00000234104"
"16411","ENSG00000225127"
"16412","ENSG00000283405"
"16413","ENSG00000228604"
"16414","ENSG00000232712"
"16415","ENSG00000275457"
"16416","ENSG00000225280"
"16417","ENSG00000278041"
"16418","ENSG00000258197"
"16419","ENSG00000233492"
"16420","ENSG00000279082"
"16421","ENSG00000280350"
"16422","ENSG00000238034"
"16423","ENSG00000234435"
"16424","ENSG00000234862"
"16425","ENSG00000225321"
"16426","ENSG00000204684"
"16427","ENSG00000259974"
"16428","ENSG00000237396"
"16429","ENSG00000230400"
"16430","ENSG00000283072"
"16431","ENSG00000230492"
"16432","ENSG00000234646"
"16433","ENSG00000279447"
"16434","ENSG00000233746"
"16435","ENSG00000279164"
"16436","ENSG00000230387"
"16437","ENSG00000277901"
"16438","ENSG00000234832"
"16439","ENSG00000232645"
"16440","ENSG00000273838"
"16441","ENSG00000260202"
"16442","ENSG00000276638"
"16443","ENSG00000270001"
"16444","ENSG00000225056"
"16445","ENSG00000286117"
"16446","ENSG00000286270"
"16447","ENSG00000230908"
"16448","ENSG00000230133"
"16449","ENSG00000236151"
"16450","ENSG00000232200"
"16451","ENSG00000228539"
"16452","ENSG00000231015"
"16453","ENSG00000274173"
"16454","ENSG00000286444"
"16455","ENSG00000275358"
"16456","ENSG00000230725"
"16457","ENSG00000286472"
"16458","ENSG00000279322"
"16459","ENSG00000277938"
"16460","ENSG00000274414"
"16461","ENSG00000274507"
"16462","ENSG00000276952"
"16463","ENSG00000213742"
"16464","ENSG00000278383"
"16465","ENSG00000226465"
"16466","ENSG00000175170"
"16467","ENSG00000226203"
"16468","ENSG00000125804"
"16469","ENSG00000231081"
"16470","ENSG00000287569"
"16471","ENSG00000230440"
"16472","ENSG00000287211"
"16473","ENSG00000227195"
"16474","ENSG00000238129"
"16475","ENSG00000287889"
"16476","ENSG00000205611"
"16477","ENSG00000286483"
"16478","ENSG00000287288"
"16479","ENSG00000231934"
"16480","ENSG00000233354"
"16481","ENSG00000274364"
"16482","ENSG00000235313"
"16483","ENSG00000230613"
"16484","ENSG00000278276"
"16485","ENSG00000236559"
"16486","ENSG00000281376"
"16487","ENSG00000278012"
"16488","ENSG00000226239"
"16489","ENSG00000275576"
"16490","ENSG00000287850"
"16491","ENSG00000277692"
"16492","ENSG00000236772"
"16493","ENSG00000286311"
"16494","ENSG00000277301"
"16495","ENSG00000233293"
"16496","ENSG00000204393"
"16497","ENSG00000228156"
"16498","ENSG00000260536"
"16499","ENSG00000260257"
"16500","ENSG00000224876"
"16501","ENSG00000275223"
"16502","ENSG00000271803"
"16503","ENSG00000229188"
"16504","ENSG00000230753"
"16505","ENSG00000285230"
"16506","ENSG00000228386"
"16507","ENSG00000287853"
"16508","ENSG00000250917"
"16509","ENSG00000272945"
"16510","ENSG00000236388"
"16511","ENSG00000231795"
"16512","ENSG00000277558"
"16513","ENSG00000286803"
"16514","ENSG00000278367"
"16515","ENSG00000279253"
"16516","ENSG00000235214"
"16517","ENSG00000230155"
"16518","ENSG00000260032"
"16519","ENSG00000234139"
"16520","ENSG00000277235"
"16521","ENSG00000237063"
"16522","ENSG00000232406"
"16523","ENSG00000278035"
"16524","ENSG00000232907"
"16525","ENSG00000269846"
"16526","ENSG00000286240"
"16527","ENSG00000276603"
"16528","ENSG00000274469"
"16529","ENSG00000225759"
"16530","ENSG00000204117"
"16531","ENSG00000277550"
"16532","ENSG00000277829"
"16533","ENSG00000285144"
"16534","ENSG00000285347"
"16535","ENSG00000285100"
"16536","ENSG00000206249"
"16537","ENSG00000275285"
"16538","ENSG00000224635"
"16539","ENSG00000275401"
"16540","ENSG00000196756"
"16541","ENSG00000174365"
"16542","ENSG00000274825"
"16543","ENSG00000261431"
"16544","ENSG00000277581"
"16545","ENSG00000230324"
"16546","ENSG00000287983"
"16547","ENSG00000286083"
"16548","ENSG00000229976"
"16549","ENSG00000237767"
"16550","ENSG00000233415"
"16551","ENSG00000223410"
"16552","ENSG00000229771"
"16553","ENSG00000286972"
"16554","ENSG00000226648"
"16555","ENSG00000273951"
"16556","ENSG00000225458"
"16557","ENSG00000228959"
"16558","ENSG00000229042"
"16559","ENSG00000227599"
"16560","ENSG00000233508"
"16561","ENSG00000226143"
"16562","ENSG00000282876"
"16563","ENSG00000233277"
"16564","ENSG00000287570"
"16565","ENSG00000223891"
"16566","ENSG00000226812"
"16567","ENSG00000229005"
"16568","ENSG00000233376"
"16569","ENSG00000168746"
"16570","ENSG00000283440"
"16571","ENSG00000132832"
"16572","ENSG00000244558"
"16573","ENSG00000276223"
"16574","ENSG00000286100"
"16575","ENSG00000227477"
"16576","ENSG00000275894"
"16577","ENSG00000277022"
"16578","ENSG00000237464"
"16579","ENSG00000271984"
"16580","ENSG00000285796"
"16581","ENSG00000204044"
"16582","ENSG00000229957"
"16583","ENSG00000273828"
"16584","ENSG00000283757"
"16585","ENSG00000273893"
"16586","ENSG00000271784"
"16587","ENSG00000236028"
"16588","ENSG00000267882"
"16589","ENSG00000273451"
"16590","ENSG00000231119"
"16591","ENSG00000224565"
"16592","ENSG00000255438"
"16593","ENSG00000234967"
"16594","ENSG00000228503"
"16595","ENSG00000287443"
"16596","ENSG00000237423"
"16597","ENSG00000229522"
"16598","ENSG00000286179"
"16599","ENSG00000287335"
"16600","ENSG00000276923"
"16601","ENSG00000287107"
"16602","ENSG00000288083"
"16603","ENSG00000286063"
"16604","ENSG00000235621"
"16605","ENSG00000236874"
"16606","ENSG00000274261"
"16607","ENSG00000281365"
"16608","ENSG00000281460"
"16609","ENSG00000286159"
"16610","ENSG00000278231"
"16611","ENSG00000227431"
"16612","ENSG00000177410"
"16613","ENSG00000231265"
"16614","ENSG00000237595"
"16615","ENSG00000234698"
"16616","ENSG00000231742"
"16617","ENSG00000277449"
"16618","ENSG00000224397"
"16619","ENSG00000203999"
"16620","ENSG00000233077"
"16621","ENSG00000232043"
"16622","ENSG00000234693"
"16623","ENSG00000259456"
"16624","ENSG00000232358"
"16625","ENSG00000279835"
"16626","ENSG00000227964"
"16627","ENSG00000287511"
"16628","ENSG00000234948"
"16629","ENSG00000225785"
"16630","ENSG00000232465"
"16631","ENSG00000232294"
"16632","ENSG00000286250"
"16633","ENSG00000232286"
"16634","ENSG00000286865"
"16635","ENSG00000223492"
"16636","ENSG00000227705"
"16637","ENSG00000271774"
"16638","ENSG00000231703"
"16639","ENSG00000259723"
"16640","ENSG00000197670"
"16641","ENSG00000235415"
"16642","ENSG00000287886"
"16643","ENSG00000225563"
"16644","ENSG00000236352"
"16645","ENSG00000286587"
"16646","ENSG00000286229"
"16647","ENSG00000235166"
"16648","ENSG00000224008"
"16649","ENSG00000275923"
"16650","ENSG00000287478"
"16651","ENSG00000286006"
"16652","ENSG00000230843"
"16653","ENSG00000280387"
"16654","ENSG00000287079"
"16655","ENSG00000225657"
"16656","ENSG00000231604"
"16657","ENSG00000231078"
"16658","ENSG00000203266"
"16659","ENSG00000288086"
"16660","ENSG00000280220"
"16661","ENSG00000235032"
"16662","ENSG00000226308"
"16663","ENSG00000218018"
"16664","ENSG00000286052"
"16665","ENSG00000227297"
"16666","ENSG00000278709"
"16667","ENSG00000203971"
"16668","ENSG00000275852"
"16669","ENSG00000225708"
"16670","ENSG00000231290"
"16671","ENSG00000254620"
"16672","ENSG00000268941"
"16673","ENSG00000254419"
"16674","ENSG00000270279"
"16675","ENSG00000268649"
"16676","ENSG00000235590"
"16677","ENSG00000268333"
"16678","ENSG00000225806"
"16679","ENSG00000270951"
"16680","ENSG00000285091"
"16681","ENSG00000225129"
"16682","ENSG00000230352"
"16683","ENSG00000286309"
"16684","ENSG00000287752"
"16685","ENSG00000227282"
"16686","ENSG00000238194"
"16687","ENSG00000176659"
"16688","ENSG00000276093"
"16689","ENSG00000228340"
"16690","ENSG00000276627"
"16691","ENSG00000261035"
"16692","ENSG00000229755"
"16693","ENSG00000229606"
"16694","ENSG00000286232"
"16695","ENSG00000276786"
"16696","ENSG00000277270"
"16697","ENSG00000179253"
"16698","ENSG00000225106"
"16699","ENSG00000283078"
"16700","ENSG00000226332"
"16701","ENSG00000228812"
"16702","ENSG00000273619"
"16703","ENSG00000275437"
"16704","ENSG00000233017"
"16705","ENSG00000272050"
"16706","ENSG00000260542"
"16707","ENSG00000174403"
"16708","ENSG00000174407"
"16709","ENSG00000264490"
"16710","ENSG00000273812"
"16711","ENSG00000232121"
"16712","ENSG00000229882"
"16713","ENSG00000167046"
"16714","ENSG00000277496"
"16715","ENSG00000276317"
"16716","ENSG00000232803"
"16717","ENSG00000237687"
"16718","ENSG00000223669"
"16719","ENSG00000228705"
"16720","ENSG00000229873"
"16721","ENSG00000273759"
"16722","ENSG00000272259"
"16723","ENSG00000125514"
"16724","ENSG00000237119"
"16725","ENSG00000231133"
"16726","ENSG00000225978"
"16727","ENSG00000287324"
"16728","ENSG00000260416"
"16729","ENSG00000286628"
"16730","ENSG00000231977"
"16731","ENSG00000273821"
"16732","ENSG00000275620"
"16733","ENSG00000203900"
"16734","ENSG00000280936"
"16735","ENSG00000226390"
"16736","ENSG00000230226"
"16737","ENSG00000275812"
"16738","ENSG00000232442"
"16739","ENSG00000274501"
"16740","ENSG00000229299"
"16741","ENSG00000231208"
"16742","ENSG00000279610"
"16743","ENSG00000268858"
"16744","ENSG00000280213"
"16745","ENSG00000237371"
"16746","ENSG00000286999"
"16747","ENSG00000149656"
"16748","ENSG00000279687"
"16749","ENSG00000279669"
"16750","ENSG00000279094"
"16751","ENSG00000274333"
"16752","ENSG00000279186"
"16753","ENSG00000279784"
"16754","ENSG00000279064"
"16755","ENSG00000279769"
"16756","ENSG00000280191"
"16757","ENSG00000280095"
"16758","ENSG00000280179"
"16759","ENSG00000288187"
"16760","ENSG00000275496"
"16761","ENSG00000278903"
"16762","ENSG00000279226"
"16763","ENSG00000278927"
"16764","ENSG00000280145"
"16765","ENSG00000278878"
"16766","ENSG00000280164"
"16767","ENSG00000279998"
"16768","ENSG00000278955"
"16769","ENSG00000279751"
"16770","ENSG00000280018"
"16771","ENSG00000278884"
"16772","ENSG00000277067"
"16773","ENSG00000279303"
"16774","ENSG00000276077"
"16775","ENSG00000277991"
"16776","ENSG00000279967"
"16777","ENSG00000278996"
"16778","ENSG00000280800"
"16779","ENSG00000286155"
"16780","ENSG00000286252"
"16781","ENSG00000286057"
"16782","ENSG00000286012"
"16783","ENSG00000281383"
"16784","ENSG00000280441"
"16785","ENSG00000280614"
"16786","ENSG00000286267"
"16787","ENSG00000286146"
"16788","ENSG00000286054"
"16789","ENSG00000286178"
"16790","ENSG00000281181"
"16791","ENSG00000286149"
"16792","ENSG00000286032"
"16793","ENSG00000286091"
"16794","ENSG00000286148"
"16795","ENSG00000279579"
"16796","ENSG00000286033"
"16797","ENSG00000279501"
"16798","ENSG00000278932"
"16799","ENSG00000286103"
"16800","ENSG00000279321"
"16801","ENSG00000280372"
"16802","ENSG00000279851"
"16803","ENSG00000277693"
"16804","ENSG00000273840"
"16805","ENSG00000229306"
"16806","ENSG00000280108"
"16807","ENSG00000228159"
"16808","ENSG00000279773"
"16809","ENSG00000224922"
"16810","ENSG00000224905"
"16811","ENSG00000223662"
"16812","ENSG00000232884"
"16813","ENSG00000226751"
"16814","ENSG00000235609"
"16815","ENSG00000281903"
"16816","ENSG00000235277"
"16817","ENSG00000229047"
"16818","ENSG00000231201"
"16819","ENSG00000279390"
"16820","ENSG00000236471"
"16821","ENSG00000280082"
"16822","ENSG00000229425"
"16823","ENSG00000224247"
"16824","ENSG00000215386"
"16825","ENSG00000270071"
"16826","ENSG00000270139"
"16827","ENSG00000287066"
"16828","ENSG00000280432"
"16829","ENSG00000269950"
"16830","ENSG00000237735"
"16831","ENSG00000232886"
"16832","ENSG00000232560"
"16833","ENSG00000280594"
"16834","ENSG00000226956"
"16835","ENSG00000279648"
"16836","ENSG00000240770"
"16837","ENSG00000244676"
"16838","ENSG00000231755"
"16839","ENSG00000227330"
"16840","ENSG00000228708"
"16841","ENSG00000224141"
"16842","ENSG00000230233"
"16843","ENSG00000279156"
"16844","ENSG00000232193"
"16845","ENSG00000226204"
"16846","ENSG00000235965"
"16847","ENSG00000229289"
"16848","ENSG00000231620"
"16849","ENSG00000233480"
"16850","ENSG00000233236"
"16851","ENSG00000224924"
"16852","ENSG00000226771"
"16853","ENSG00000234730"
"16854","ENSG00000237527"
"16855","ENSG00000238265"
"16856","ENSG00000233997"
"16857","ENSG00000227075"
"16858","ENSG00000233215"
"16859","ENSG00000184856"
"16860","ENSG00000226043"
"16861","ENSG00000234034"
"16862","ENSG00000230972"
"16863","ENSG00000286222"
"16864","ENSG00000228592"
"16865","ENSG00000227716"
"16866","ENSG00000288094"
"16867","ENSG00000287612"
"16868","ENSG00000231986"
"16869","ENSG00000235564"
"16870","ENSG00000287801"
"16871","ENSG00000226996"
"16872","ENSG00000224018"
"16873","ENSG00000224832"
"16874","ENSG00000237484"
"16875","ENSG00000226983"
"16876","ENSG00000227090"
"16877","ENSG00000230379"
"16878","ENSG00000244278"
"16879","ENSG00000232512"
"16880","ENSG00000223870"
"16881","ENSG00000222042"
"16882","ENSG00000279534"
"16883","ENSG00000185433"
"16884","ENSG00000229962"
"16885","ENSG00000234883"
"16886","ENSG00000260583"
"16887","ENSG00000287109"
"16888","ENSG00000233783"
"16889","ENSG00000224541"
"16890","ENSG00000273492"
"16891","ENSG00000286902"
"16892","ENSG00000229025"
"16893","ENSG00000232692"
"16894","ENSG00000197934"
"16895","ENSG00000273115"
"16896","ENSG00000223563"
"16897","ENSG00000231236"
"16898","ENSG00000236332"
"16899","ENSG00000234052"
"16900","ENSG00000225298"
"16901","ENSG00000234083"
"16902","ENSG00000178457"
"16903","ENSG00000232079"
"16904","ENSG00000236532"
"16905","ENSG00000232855"
"16906","ENSG00000226935"
"16907","ENSG00000273254"
"16908","ENSG00000231125"
"16909","ENSG00000286018"
"16910","ENSG00000224649"
"16911","ENSG00000215533"
"16912","ENSG00000248476"
"16913","ENSG00000273017"
"16914","ENSG00000232118"
"16915","ENSG00000228817"
"16916","ENSG00000234293"
"16917","ENSG00000273464"
"16918","ENSG00000174680"
"16919","ENSG00000259981"
"16920","ENSG00000227342"
"16921","ENSG00000286643"
"16922","ENSG00000237594"
"16923","ENSG00000234509"
"16924","ENSG00000273271"
"16925","ENSG00000273091"
"16926","ENSG00000237138"
"16927","ENSG00000230323"
"16928","ENSG00000261610"
"16929","ENSG00000227256"
"16930","ENSG00000232623"
"16931","ENSG00000256073"
"16932","ENSG00000238197"
"16933","ENSG00000205930"
"16934","ENSG00000279690"
"16935","ENSG00000232360"
"16936","ENSG00000227757"
"16937","ENSG00000228961"
"16938","ENSG00000232539"
"16939","ENSG00000226527"
"16940","ENSG00000226433"
"16941","ENSG00000229086"
"16942","ENSG00000223799"
"16943","ENSG00000231355"
"16944","ENSG00000237945"
"16945","ENSG00000273102"
"16946","ENSG00000272657"
"16947","ENSG00000227456"
"16948","ENSG00000214955"
"16949","ENSG00000225555"
"16950","ENSG00000273104"
"16951","ENSG00000272958"
"16952","ENSG00000230978"
"16953","ENSG00000234380"
"16954","ENSG00000286153"
"16955","ENSG00000234703"
"16956","ENSG00000230794"
"16957","ENSG00000231106"
"16958","ENSG00000236677"
"16959","ENSG00000230212"
"16960","ENSG00000236119"
"16961","ENSG00000233393"
"16962","ENSG00000236830"
"16963","ENSG00000273199"
"16964","ENSG00000228107"
"16965","ENSG00000230479"
"16966","ENSG00000233818"
"16967","ENSG00000279365"
"16968","ENSG00000286517"
"16969","ENSG00000286852"
"16970","ENSG00000231324"
"16971","ENSG00000224269"
"16972","ENSG00000237646"
"16973","ENSG00000224790"
"16974","ENSG00000270116"
"16975","ENSG00000228677"
"16976","ENSG00000230366"
"16977","ENSG00000242553"
"16978","ENSG00000272948"
"16979","ENSG00000287637"
"16980","ENSG00000273210"
"16981","ENSG00000286717"
"16982","ENSG00000233213"
"16983","ENSG00000184029"
"16984","ENSG00000223608"
"16985","ENSG00000198054"
"16986","ENSG00000233316"
"16987","ENSG00000226012"
"16988","ENSG00000231231"
"16989","ENSG00000287470"
"16990","ENSG00000223806"
"16991","ENSG00000205622"
"16992","ENSG00000229986"
"16993","ENSG00000287082"
"16994","ENSG00000229925"
"16995","ENSG00000232837"
"16996","ENSG00000235888"
"16997","ENSG00000288266"
"16998","ENSG00000237609"
"16999","ENSG00000272991"
"17000","ENSG00000237373"
"17001","ENSG00000255568"
"17002","ENSG00000238141"
"17003","ENSG00000184809"
"17004","ENSG00000225330"
"17005","ENSG00000231713"
"17006","ENSG00000235123"
"17007","ENSG00000233756"
"17008","ENSG00000288069"
"17009","ENSG00000286425"
"17010","ENSG00000226496"
"17011","ENSG00000280109"
"17012","ENSG00000224388"
"17013","ENSG00000228318"
"17014","ENSG00000232806"
"17015","ENSG00000223400"
"17016","ENSG00000286027"
"17017","ENSG00000227702"
"17018","ENSG00000236384"
"17019","ENSG00000232401"
"17020","ENSG00000236883"
"17021","ENSG00000236545"
"17022","ENSG00000227698"
"17023","ENSG00000237232"
"17024","ENSG00000184385"
"17025","ENSG00000239930"
"17026","ENSG00000231867"
"17027","ENSG00000235772"
"17028","ENSG00000225431"
"17029","ENSG00000235023"
"17030","ENSG00000225731"
"17031","ENSG00000283051"
"17032","ENSG00000233754"
"17033","ENSG00000225218"
"17034","ENSG00000233056"
"17035","ENSG00000224100"
"17036","ENSG00000286549"
"17037","ENSG00000236663"
"17038","ENSG00000228120"
"17039","ENSG00000237864"
"17040","ENSG00000237989"
"17041","ENSG00000225637"
"17042","ENSG00000188660"
"17043","ENSG00000185186"
"17044","ENSG00000223975"
"17045","ENSG00000287507"
"17046","ENSG00000215458"
"17047","ENSG00000225331"
"17048","ENSG00000285413"
"17049","ENSG00000237604"
"17050","ENSG00000232124"
"17051","ENSG00000278158"
"17052","ENSG00000275799"
"17053","ENSG00000232010"
"17054","ENSG00000241728"
"17055","ENSG00000184441"
"17056","ENSG00000232969"
"17057","ENSG00000260256"
"17058","ENSG00000230061"
"17059","ENSG00000229356"
"17060","ENSG00000274225"
"17061","ENSG00000228709"
"17062","ENSG00000277352"
"17063","ENSG00000235890"
"17064","ENSG00000182912"
"17065","ENSG00000287088"
"17066","ENSG00000236519"
"17067","ENSG00000227039"
"17068","ENSG00000273027"
"17069","ENSG00000183250"
"17070","ENSG00000272825"
"17071","ENSG00000276529"
"17072","ENSG00000234880"
"17073","ENSG00000261706"
"17074","ENSG00000275874"
"17075","ENSG00000267857"
"17076","ENSG00000182586"
"17077","ENSG00000223768"
"17078","ENSG00000286262"
"17079","ENSG00000184274"
"17080","ENSG00000229382"
"17081","ENSG00000237664"
"17082","ENSG00000228355"
"17083","ENSG00000273796"
"17084","ENSG00000224574"
"17085","ENSG00000183535"
"17086","ENSG00000233922"
"17087","ENSG00000286082"
"17088","ENSG00000286594"
"17089","ENSG00000275139"
"17090","ENSG00000205424"
"17091","ENSG00000286886"
"17092","ENSG00000276633"
"17093","ENSG00000280604"
"17094","ENSG00000274248"
"17095","ENSG00000224413"
"17096","ENSG00000228235"
"17097","ENSG00000226115"
"17098","ENSG00000227438"
"17099","ENSG00000237338"
"17100","ENSG00000228404"
"17101","ENSG00000223901"
"17102","ENSG00000215424"
"17103","ENSG00000228137"
"17104","ENSG00000239415"
"17105","ENSG00000223692"
"17106","ENSG00000279973"
"17107","ENSG00000280341"
"17108","ENSG00000279442"
"17109","ENSG00000233408"
"17110","ENSG00000230471"
"17111","ENSG00000236666"
"17112","ENSG00000225255"
"17113","ENSG00000206195"
"17114","ENSG00000272872"
"17115","ENSG00000233866"
"17116","ENSG00000273362"
"17117","ENSG00000287285"
"17118","ENSG00000283633"
"17119","ENSG00000267338"
"17120","ENSG00000189295"
"17121","ENSG00000273244"
"17122","ENSG00000288024"
"17123","ENSG00000235343"
"17124","ENSG00000237689"
"17125","ENSG00000273203"
"17126","ENSG00000273442"
"17127","ENSG00000235478"
"17128","ENSG00000185837"
"17129","ENSG00000241832"
"17130","ENSG00000231004"
"17131","ENSG00000286195"
"17132","ENSG00000236754"
"17133","ENSG00000269220"
"17134","ENSG00000093100"
"17135","ENSG00000286990"
"17136","ENSG00000235445"
"17137","ENSG00000234913"
"17138","ENSG00000235295"
"17139","ENSG00000225335"
"17140","ENSG00000280007"
"17141","ENSG00000187979"
"17142","ENSG00000274044"
"17143","ENSG00000276874"
"17144","ENSG00000277870"
"17145","ENSG00000277017"
"17146","ENSG00000278044"
"17147","ENSG00000182824"
"17148","ENSG00000276095"
"17149","ENSG00000279987"
"17150","ENSG00000284294"
"17151","ENSG00000280418"
"17152","ENSG00000273032"
"17153","ENSG00000273164"
"17154","ENSG00000273311"
"17155","ENSG00000281530"
"17156","ENSG00000223461"
"17157","ENSG00000272682"
"17158","ENSG00000260924"
"17159","ENSG00000286367"
"17160","ENSG00000287146"
"17161","ENSG00000185065"
"17162","ENSG00000273300"
"17163","ENSG00000273212"
"17164","ENSG00000287652"
"17165","ENSG00000281548"
"17166","ENSG00000225007"
"17167","ENSG00000236540"
"17168","ENSG00000268292"
"17169","ENSG00000243762"
"17170","ENSG00000249923"
"17171","ENSG00000236499"
"17172","ENSG00000273343"
"17173","ENSG00000273139"
"17174","ENSG00000188280"
"17175","ENSG00000235578"
"17176","ENSG00000287446"
"17177","ENSG00000236003"
"17178","ENSG00000272600"
"17179","ENSG00000237476"
"17180","ENSG00000285314"
"17181","ENSG00000272829"
"17182","ENSG00000230513"
"17183","ENSG00000161149"
"17184","ENSG00000226872"
"17185","ENSG00000197210"
"17186","ENSG00000215498"
"17187","ENSG00000234503"
"17188","ENSG00000206142"
"17189","ENSG00000237407"
"17190","ENSG00000279920"
"17191","ENSG00000273342"
"17192","ENSG00000207751"
"17193","ENSG00000272954"
"17194","ENSG00000286365"
"17195","ENSG00000286127"
"17196","ENSG00000224086"
"17197","ENSG00000278657"
"17198","ENSG00000279278"
"17199","ENSG00000274422"
"17200","ENSG00000234630"
"17201","ENSG00000286129"
"17202","ENSG00000220891"
"17203","ENSG00000286941"
"17204","ENSG00000223999"
"17205","ENSG00000236611"
"17206","ENSG00000234928"
"17207","ENSG00000178248"
"17208","ENSG00000287864"
"17209","ENSG00000225413"
"17210","ENSG00000280623"
"17211","ENSG00000224277"
"17212","ENSG00000272733"
"17213","ENSG00000211683"
"17214","ENSG00000228315"
"17215","ENSG00000272973"
"17216","ENSG00000279467"
"17217","ENSG00000218537"
"17218","ENSG00000273295"
"17219","ENSG00000272787"
"17220","ENSG00000232545"
"17221","ENSG00000178803"
"17222","ENSG00000228923"
"17223","ENSG00000230947"
"17224","ENSG00000215481"
"17225","ENSG00000284070"
"17226","ENSG00000282012"
"17227","ENSG00000279085"
"17228","ENSG00000279548"
"17229","ENSG00000279006"
"17230","ENSG00000279110"
"17231","ENSG00000203280"
"17232","ENSG00000236641"
"17233","ENSG00000279298"
"17234","ENSG00000233577"
"17235","ENSG00000285968"
"17236","ENSG00000272942"
"17237","ENSG00000272798"
"17238","ENSG00000272977"
"17239","ENSG00000234884"
"17240","ENSG00000237387"
"17241","ENSG00000278960"
"17242","ENSG00000231933"
"17243","ENSG00000232464"
"17244","ENSG00000236464"
"17245","ENSG00000229770"
"17246","ENSG00000224192"
"17247","ENSG00000261188"
"17248","ENSG00000286326"
"17249","ENSG00000225783"
"17250","ENSG00000206028"
"17251","ENSG00000244625"
"17252","ENSG00000223704"
"17253","ENSG00000235271"
"17254","ENSG00000279440"
"17255","ENSG00000279914"
"17256","ENSG00000279848"
"17257","ENSG00000236858"
"17258","ENSG00000280025"
"17259","ENSG00000231405"
"17260","ENSG00000238195"
"17261","ENSG00000233521"
"17262","ENSG00000233574"
"17263","ENSG00000223726"
"17264","ENSG00000226741"
"17265","ENSG00000230051"
"17266","ENSG00000280445"
"17267","ENSG00000287034"
"17268","ENSG00000227880"
"17269","ENSG00000224027"
"17270","ENSG00000227838"
"17271","ENSG00000231495"
"17272","ENSG00000226169"
"17273","ENSG00000235954"
"17274","ENSG00000226471"
"17275","ENSG00000272858"
"17276","ENSG00000235786"
"17277","ENSG00000177993"
"17278","ENSG00000226772"
"17279","ENSG00000237015"
"17280","ENSG00000273216"
"17281","ENSG00000225465"
"17282","ENSG00000282816"
"17283","ENSG00000234208"
"17284","ENSG00000232396"
"17285","ENSG00000239446"
"17286","ENSG00000287967"
"17287","ENSG00000279159"
"17288","ENSG00000227117"
"17289","ENSG00000225676"
"17290","ENSG00000232530"
"17291","ENSG00000268812"
"17292","ENSG00000279699"
"17293","ENSG00000273350"
"17294","ENSG00000272689"
"17295","ENSG00000273428"
"17296","ENSG00000181123"
"17297","ENSG00000223831"
"17298","ENSG00000235989"
"17299","ENSG00000253352"
"17300","ENSG00000269987"
"17301","ENSG00000269972"
"17302","ENSG00000278920"
"17303","ENSG00000273387"
"17304","ENSG00000254835"
"17305","ENSG00000228839"
"17306","ENSG00000213888"
"17307","ENSG00000240591"
"17308","ENSG00000287817"
"17309","ENSG00000128254"
"17310","ENSG00000227519"
"17311","ENSG00000230866"
"17312","ENSG00000239674"
"17313","ENSG00000230120"
"17314","ENSG00000242082"
"17315","ENSG00000273325"
"17316","ENSG00000234626"
"17317","ENSG00000205853"
"17318","ENSG00000230736"
"17319","ENSG00000241954"
"17320","ENSG00000236054"
"17321","ENSG00000229673"
"17322","ENSG00000231253"
"17323","ENSG00000228622"
"17324","ENSG00000232073"
"17325","ENSG00000230741"
"17326","ENSG00000232081"
"17327","ENSG00000224973"
"17328","ENSG00000273082"
"17329","ENSG00000236052"
"17330","ENSG00000224404"
"17331","ENSG00000280356"
"17332","ENSG00000234891"
"17333","ENSG00000237316"
"17334","ENSG00000286592"
"17335","ENSG00000273068"
"17336","ENSG00000273176"
"17337","ENSG00000282602"
"17338","ENSG00000282041"
"17339","ENSG00000273044"
"17340","ENSG00000268818"
"17341","ENSG00000228587"
"17342","ENSG00000279652"
"17343","ENSG00000279927"
"17344","ENSG00000279217"
"17345","ENSG00000279714"
"17346","ENSG00000279805"
"17347","ENSG00000287269"
"17348","ENSG00000223695"
"17349","ENSG00000228719"
"17350","ENSG00000229971"
"17351","ENSG00000261675"
"17352","ENSG00000234688"
"17353","ENSG00000287773"
"17354","ENSG00000286485"
"17355","ENSG00000234979"
"17356","ENSG00000183822"
"17357","ENSG00000215403"
"17358","ENSG00000287236"
"17359","ENSG00000231467"
"17360","ENSG00000235237"
"17361","ENSG00000243902"
"17362","ENSG00000237862"
"17363","ENSG00000272694"
"17364","ENSG00000225867"
"17365","ENSG00000233360"
"17366","ENSG00000279738"
"17367","ENSG00000278948"
"17368","ENSG00000272582"
"17369","ENSG00000222044"
"17370","ENSG00000273214"
"17371","ENSG00000233739"
"17372","ENSG00000272720"
"17373","ENSG00000279080"
"17374","ENSG00000235246"
"17375","ENSG00000229955"
"17376","ENSG00000286144"
"17377","ENSG00000228620"
"17378","ENSG00000286440"
"17379","ENSG00000230912"
"17380","ENSG00000228274"
"17381","ENSG00000287219"
"17382","ENSG00000244491"
"17383","ENSG00000230149"
"17384","ENSG00000273096"
"17385","ENSG00000225450"
"17386","ENSG00000272669"
"17387","ENSG00000273076"
"17388","ENSG00000288106"
"17389","ENSG00000235209"
"17390","ENSG00000249310"
"17391","ENSG00000279833"
"17392","ENSG00000284633"
"17393","ENSG00000224794"
"17394","ENSG00000280216"
"17395","ENSG00000227188"
"17396","ENSG00000261202"
"17397","ENSG00000229999"
"17398","ENSG00000272834"
"17399","ENSG00000232564"
"17400","ENSG00000232754"
"17401","ENSG00000231993"
"17402","ENSG00000235513"
"17403","ENSG00000273424"
"17404","ENSG00000286491"
"17405","ENSG00000184068"
"17406","ENSG00000224883"
"17407","ENSG00000286659"
"17408","ENSG00000270083"
"17409","ENSG00000237037"
"17410","ENSG00000232710"
"17411","ENSG00000281538"
"17412","ENSG00000182057"
"17413","ENSG00000229891"
"17414","ENSG00000230107"
"17415","ENSG00000270022"
"17416","ENSG00000230319"
"17417","ENSG00000236272"
"17418","ENSG00000234892"
"17419","ENSG00000203527"
"17420","ENSG00000236117"
"17421","ENSG00000286801"
"17422","ENSG00000223843"
"17423","ENSG00000261251"
"17424","ENSG00000279175"
"17425","ENSG00000280434"
"17426","ENSG00000279933"
"17427","ENSG00000280011"
"17428","ENSG00000220702"
"17429","ENSG00000232655"
"17430","ENSG00000279642"
"17431","ENSG00000187012"
"17432","ENSG00000234300"
"17433","ENSG00000230922"
"17434","ENSG00000226328"
"17435","ENSG00000273243"
"17436","ENSG00000273353"
"17437","ENSG00000273287"
"17438","ENSG00000232363"
"17439","ENSG00000238120"
"17440","ENSG00000280383"
"17441","ENSG00000279954"
"17442","ENSG00000235091"
"17443","ENSG00000280424"
"17444","ENSG00000273145"
"17445","ENSG00000231711"
"17446","ENSG00000182257"
"17447","ENSG00000273289"
"17448","ENSG00000241990"
"17449","ENSG00000197182"
"17450","ENSG00000231010"
"17451","ENSG00000235159"
"17452","ENSG00000280384"
"17453","ENSG00000277232"
"17454","ENSG00000234869"
"17455","ENSG00000260708"
"17456","ENSG00000280080"
"17457","ENSG00000278881"
"17458","ENSG00000280312"
"17459","ENSG00000224715"
"17460","ENSG00000218357"
"17461","ENSG00000205634"
"17462","ENSG00000224271"
"17463","ENSG00000279712"
"17464","ENSG00000235154"
"17465","ENSG00000278890"
"17466","ENSG00000238192"
"17467","ENSG00000229275"
"17468","ENSG00000285707"
"17469","ENSG00000285855"
"17470","ENSG00000233179"
"17471","ENSG00000287225"
"17472","ENSG00000281732"
"17473","ENSG00000205632"
"17474","ENSG00000286381"
"17475","ENSG00000285623"
"17476","ENSG00000280199"
"17477","ENSG00000285722"
"17478","ENSG00000188511"
"17479","ENSG00000280224"
"17480","ENSG00000279597"
"17481","ENSG00000212939"
"17482","ENSG00000213279"
"17483","ENSG00000235111"
"17484","ENSG00000286393"
"17485","ENSG00000226954"
"17486","ENSG00000279345"
"17487","ENSG00000260613"
"17488","ENSG00000279494"
"17489","ENSG00000273192"
"17490","ENSG00000278869"
"17491","ENSG00000280395"
"17492","ENSG00000273188"
"17493","ENSG00000273253"
"17494","ENSG00000272836"
"17495","ENSG00000273137"
"17496","ENSG00000227484"
"17497","ENSG00000279182"
"17498","ENSG00000272821"
"17499","ENSG00000273272"
"17500","ENSG00000272666"
"17501","ENSG00000205559"
"17502","ENSG00000272940"
"17503","ENSG00000286508"
"17504","ENSG00000225929"
"17505","ENSG00000254499"
"17506","ENSG00000226179"
"17507","ENSG00000281849"
"17508","ENSG00000280767"
"17509","ENSG00000237531"
"17510","ENSG00000236871"
"17511","ENSG00000236017"
"17512","ENSG00000223511"
"17513","ENSG00000234622"
"17514","ENSG00000223571"
"17515","ENSG00000230542"
"17516","ENSG00000235483"
"17517","ENSG00000229851"
"17518","ENSG00000228459"
"17519","ENSG00000236188"
"17520","ENSG00000285756"
"17521","ENSG00000286431"
"17522","ENSG00000236513"
"17523","ENSG00000236120"
"17524","ENSG00000279682"
"17525","ENSG00000285679"
"17526","ENSG00000287171"
"17527","ENSG00000229012"
"17528","ENSG00000285896"
"17529","ENSG00000228543"
"17530","ENSG00000225076"
"17531","ENSG00000227042"
"17532","ENSG00000234129"
"17533","ENSG00000282840"
"17534","ENSG00000223487"
"17535","ENSG00000233338"
"17536","ENSG00000261030"
"17537","ENSG00000235385"
"17538","ENSG00000231216"
"17539","ENSG00000226985"
"17540","ENSG00000233535"
"17541","ENSG00000212663"
"17542","ENSG00000225833"
"17543","ENSG00000281371"
"17544","ENSG00000238178"
"17545","ENSG00000235834"
"17546","ENSG00000230020"
"17547","ENSG00000225882"
"17548","ENSG00000237221"
"17549","ENSG00000237836"
"17550","ENSG00000286724"
"17551","ENSG00000225037"
"17552","ENSG00000283631"
"17553","ENSG00000283400"
"17554","ENSG00000283380"
"17555","ENSG00000283546"
"17556","ENSG00000224204"
"17557","ENSG00000233067"
"17558","ENSG00000231846"
"17559","ENSG00000237019"
"17560","ENSG00000233785"
"17561","ENSG00000234230"
"17562","ENSG00000236836"
"17563","ENSG00000233403"
"17564","ENSG00000259849"
"17565","ENSG00000242021"
"17566","ENSG00000228933"
"17567","ENSG00000223742"
"17568","ENSG00000237994"
"17569","ENSG00000229331"
"17570","ENSG00000241886"
"17571","ENSG00000243055"
"17572","ENSG00000231542"
"17573","ENSG00000235512"
"17574","ENSG00000285900"
"17575","ENSG00000236828"
"17576","ENSG00000287700"
"17577","ENSG00000233928"
"17578","ENSG00000233571"
"17579","ENSG00000226484"
"17580","ENSG00000286475"
"17581","ENSG00000259977"
"17582","ENSG00000226679"
"17583","ENSG00000235806"
"17584","ENSG00000287729"
"17585","ENSG00000238123"
"17586","ENSG00000224610"
"17587","ENSG00000235304"
"17588","ENSG00000236747"
"17589","ENSG00000234191"
"17590","ENSG00000261435"
"17591","ENSG00000285709"
"17592","ENSG00000223486"
"17593","ENSG00000236393"
"17594","ENSG00000287098"
"17595","ENSG00000234636"
"17596","ENSG00000287549"
"17597","ENSG00000223714"
"17598","ENSG00000233033"
"17599","ENSG00000233103"
"17600","ENSG00000231772"
"17601","ENSG00000283737"
"17602","ENSG00000287223"
"17603","ENSG00000224294"
"17604","ENSG00000285899"
"17605","ENSG00000236276"
"17606","ENSG00000229491"
"17607","ENSG00000229563"
"17608","ENSG00000270069"
"17609","ENSG00000269902"
"17610","ENSG00000231566"
"17611","ENSG00000234613"
"17612","ENSG00000236751"
"17613","ENSG00000286306"
"17614","ENSG00000230844"
"17615","ENSG00000204904"
"17616","ENSG00000224975"
"17617","ENSG00000203402"
"17618","ENSG00000196741"
"17619","ENSG00000283743"
"17620","ENSG00000267064"
"17621","ENSG00000277541"
"17622","ENSG00000287757"
"17623","ENSG00000230100"
"17624","ENSG00000224292"
"17625","ENSG00000204620"
"17626","ENSG00000228343"
"17627","ENSG00000279528"
"17628","ENSG00000232828"
"17629","ENSG00000279155"
"17630","ENSG00000279422"
"17631","ENSG00000237341"
"17632","ENSG00000286181"
"17633","ENSG00000270012"
"17634","ENSG00000286031"
"17635","ENSG00000234390"
"17636","ENSG00000230317"
"17637","ENSG00000229151"
"17638","ENSG00000287767"
"17639","ENSG00000226530"
"17640","ENSG00000234766"
"17641","ENSG00000182776"
"17642","ENSG00000279750"
"17643","ENSG00000287215"
"17644","ENSG00000179028"
"17645","ENSG00000286118"
"17646","ENSG00000234019"
"17647","ENSG00000235262"
"17648","ENSG00000233250"
"17649","ENSG00000227486"
"17650","ENSG00000230105"
"17651","ENSG00000224799"
"17652","ENSG00000226310"
"17653","ENSG00000286977"
"17654","ENSG00000235437"
"17655","ENSG00000233661"
"17656","ENSG00000231729"
"17657","ENSG00000287370"
"17658","ENSG00000237311"
"17659","ENSG00000274536"
"17660","ENSG00000260118"
"17661","ENSG00000215162"
"17662","ENSG00000228160"
"17663","ENSG00000286077"
"17664","ENSG00000220925"
"17665","ENSG00000203588"
"17666","ENSG00000284391"
"17667","ENSG00000231651"
"17668","ENSG00000228427"
"17669","ENSG00000281852"
"17670","ENSG00000231944"
"17671","ENSG00000269911"
"17672","ENSG00000226725"
"17673","ENSG00000231963"
"17674","ENSG00000270641"
"17675","ENSG00000229807"
"17676","ENSG00000230590"
"17677","ENSG00000225470"
"17678","ENSG00000228906"
"17679","ENSG00000271199"
"17680","ENSG00000280375"
"17681","ENSG00000271533"
"17682","ENSG00000226854"
"17683","ENSG00000280870"
"17684","ENSG00000284618"
"17685","ENSG00000288059"
"17686","ENSG00000279437"
"17687","ENSG00000235461"
"17688","ENSG00000282914"
"17689","ENSG00000225012"
"17690","ENSG00000206062"
"17691","ENSG00000234161"
"17692","ENSG00000286523"
"17693","ENSG00000236256"
"17694","ENSG00000281566"
"17695","ENSG00000225839"
"17696","ENSG00000228275"
"17697","ENSG00000261101"
"17698","ENSG00000286000"
"17699","ENSG00000286794"
"17700","ENSG00000271147"
"17701","ENSG00000270050"
"17702","ENSG00000286327"
"17703","ENSG00000223546"
"17704","ENSG00000239407"
"17705","ENSG00000234050"
"17706","ENSG00000286846"
"17707","ENSG00000281091"
"17708","ENSG00000234405"
"17709","ENSG00000287619"
"17710","ENSG00000279894"
"17711","ENSG00000224031"
"17712","ENSG00000231154"
"17713","ENSG00000231728"
"17714","ENSG00000227610"
"17715","ENSG00000236064"
"17716","ENSG00000261409"
"17717","ENSG00000280322"
"17718","ENSG00000237863"
"17719","ENSG00000224142"
"17720","ENSG00000287685"
"17721","ENSG00000229487"
"17722","ENSG00000286072"
"17723","ENSG00000286767"
"17724","ENSG00000241743"
"17725","ENSG00000271826"
"17726","ENSG00000235244"
"17727","ENSG00000229335"
"17728","ENSG00000230159"
"17729","ENSG00000279587"
"17730","ENSG00000203650"
"17731","ENSG00000230392"
"17732","ENSG00000226661"
"17733","ENSG00000237903"
"17734","ENSG00000224281"
"17735","ENSG00000279601"
"17736","ENSG00000286366"
"17737","ENSG00000258545"
"17738","ENSG00000228139"
"17739","ENSG00000287379"
"17740","ENSG00000286163"
"17741","ENSG00000260585"
"17742","ENSG00000280142"
"17743","ENSG00000287776"
"17744","ENSG00000237331"
"17745","ENSG00000232412"
"17746","ENSG00000280223"
"17747","ENSG00000237208"
"17748","ENSG00000280275"
"17749","ENSG00000260683"
"17750","ENSG00000225689"
"17751","ENSG00000287024"
"17752","ENSG00000240143"
"17753","ENSG00000235189"
"17754","ENSG00000286650"
"17755","ENSG00000287160"
"17756","ENSG00000228659"
"17757","ENSG00000287806"
"17758","ENSG00000286060"
"17759","ENSG00000213468"
"17760","ENSG00000232160"
"17761","ENSG00000235849"
"17762","ENSG00000286096"
"17763","ENSG00000283638"
"17764","ENSG00000223749"
"17765","ENSG00000227060"
"17766","ENSG00000235813"
"17767","ENSG00000236091"
"17768","ENSG00000286964"
"17769","ENSG00000228372"
"17770","ENSG00000223809"
"17771","ENSG00000284994"
"17772","ENSG00000225235"
"17773","ENSG00000233093"
"17774","ENSG00000232611"
"17775","ENSG00000224765"
"17776","ENSG00000283692"
"17777","ENSG00000232183"
"17778","ENSG00000226031"
"17779","ENSG00000233145"
"17780","ENSG00000231110"
"17781","ENSG00000230668"
"17782","ENSG00000203930"
"17783","ENSG00000229269"
"17784","ENSG00000277215"
"17785","ENSG00000223438"
"17786","ENSG00000288098"
"17787","ENSG00000227303"
"17788","ENSG00000225970"
"17789","ENSG00000234712"
"17790","ENSG00000286085"
"17791","ENSG00000279585"
"17792","ENSG00000284377"
"17793","ENSG00000287017"
"17794","ENSG00000287796"
"17795","ENSG00000227083"
"17796","ENSG00000268066"
"17797","ENSG00000236337"
"17798","ENSG00000237741"
"17799","ENSG00000223516"
"17800","ENSG00000238039"
"17801","ENSG00000241769"
"17802","ENSG00000280752"
"17803","ENSG00000230899"
"17804","ENSG00000235703"
"17805","ENSG00000230153"
"17806","ENSG00000234696"
"17807","ENSG00000269993"
"17808","ENSG00000287918"
"17809","ENSG00000270052"
"17810","ENSG00000214915"
"17811","ENSG00000229967"
"17812","ENSG00000266560"
"17813","ENSG00000231937"
"17814","ENSG00000287394"
"17815","ENSG00000231447"
"17816","ENSG00000286051"
"17817","ENSG00000286939"
"17818","ENSG00000273877"
"17819","ENSG00000232725"
"17820","ENSG00000273769"
"17821","ENSG00000235802"
"17822","ENSG00000231830"
"17823","ENSG00000285018"
"17824","ENSG00000280195"
"17825","ENSG00000197180"
"17826","ENSG00000261773"
"17827","ENSG00000279245"
"17828","ENSG00000272681"
"17829","ENSG00000224216"
"17830","ENSG00000224533"
"17831","ENSG00000225393"
"17832","ENSG00000270726"
"17833","ENSG00000185203"
"17834","ENSG00000286130"
"17835","ENSG00000278847"
"17836","ENSG00000233070"
"17837","ENSG00000231535"
"17838","ENSG00000286050"
"17839","ENSG00000229308"
"17840","ENSG00000277930"
"17841","ENSG00000229643"
"17842","ENSG00000129816"
"17843","ENSG00000212856"
"17844","ENSG00000237563"
"17845","ENSG00000147753"
"17846","ENSG00000185700"
"17847","ENSG00000273906"
"17848","ENSG00000237048"
"17849","ENSG00000286217"
"17850","ENSG00000233699"
"17851","ENSG00000232419"
"17852","ENSG00000232808"
"17853","ENSG00000228383"
"17854","ENSG00000237802"
"17855","ENSG00000183385"
"17856","ENSG00000147761"
"17857","ENSG00000228890"
"17858","ENSG00000212855"
"17859","ENSG00000129845"
"17860","ENSG00000224075"
"17861","ENSG00000228379"
"17862","ENSG00000239225"
"17863","ENSG00000286009"
"17864","ENSG00000223517"
"17865","ENSG00000228787"
"17866","ENSG00000286201"
"17867","ENSG00000224989"
"17868","ENSG00000230663"
"17869","ENSG00000233522"
"17870","ENSG00000226362"
"17871","ENSG00000251510"
"17872","ENSG00000131007"
"17873","ENSG00000176728"
"17874","ENSG00000260197"
"17875","ENSG00000288049"
"17876","ENSG00000229236"
"17877","ENSG00000286247"
"17878","ENSG00000254488"
"17879","ENSG00000183146"
"17880","ENSG00000288057"
"17881","ENSG00000184991"
"17882","ENSG00000286187"
"17883","ENSG00000236951"
"17884","ENSG00000131548"
"17885","ENSG00000215560"
"17886","ENSG00000235059"
"17887","ENSG00000131538"
"17888","ENSG00000228240"
"17889","ENSG00000226906"
"17890","ENSG00000280961"
"17891","ENSG00000244231"
"17892","ENSG00000227439"
"17893","ENSG00000235412"
"17894","ENSG00000228296"
"17895","ENSG00000223641"
"17896","ENSG00000228786"
"17897","ENSG00000240450"
"17898","ENSG00000231141"
